# deter 64 stoch 16 hidden 128 act 1 min_std 0.1
cell.weight_ih 192 17
-5.632837117e-02 -9.857349098e-02 -1.028248221e-01 -5.945384502e-03 -7.411459088e-02 -9.409974515e-02 1.219571829e-01 -1.169914901e-01 -3.923013806e-02 8.069807291e-02 -6.397831440e-02 5.802199244e-02 -8.944565058e-02 -1.187488437e-03 4.563477635e-02 -3.886674345e-02 -8.904598653e-02
2.450481057e-02 -2.088877559e-02 1.091146171e-01 -1.918517053e-02 9.656746686e-02 -5.303071439e-02 -4.870694876e-02 3.587901592e-04 7.009649277e-02 1.153255105e-01 5.852858722e-02 -5.619776249e-02 8.565425873e-03 8.302226663e-02 9.971520305e-02 8.974073827e-02 4.217144847e-02
-1.539987326e-02 8.553096652e-02 4.190444946e-02 -1.080462933e-01 1.223950684e-01 -9.150251746e-03 1.195846051e-01 7.408322394e-02 -7.880091667e-03 -1.067948788e-01 -1.197069138e-01 -5.994375050e-02 5.207170546e-02 9.642377496e-03 1.224787533e-02 -1.018957347e-01 6.881983578e-02
-3.096011281e-02 6.560476124e-02 -1.017753482e-01 2.146080136e-03 6.331093609e-02 3.705853224e-02 -1.243382990e-01 1.051909178e-01 -9.303803742e-02 -1.151756048e-01 -8.666950464e-02 -1.184313744e-01 4.563823342e-02 9.420907497e-02 1.005157530e-01 4.393202066e-02 -3.353784978e-02
2.638663352e-02 3.872716427e-02 -1.239100248e-01 -7.717907429e-04 3.122955561e-02 1.011882722e-01 7.523849607e-02 -3.527387977e-02 -5.676046014e-03 7.962095737e-02 1.135231107e-01 -6.402587891e-02 1.239187121e-01 -2.139662206e-02 -5.579304695e-02 -6.991028786e-04 9.798289835e-02
-7.138064504e-02 4.367038608e-03 -7.194332778e-02 -3.129377961e-03 8.730427921e-02 -6.187088788e-02 -5.617234111e-02 3.467409313e-02 5.884867907e-02 -9.576797485e-03 -2.878342569e-02 -7.914960384e-03 3.799392283e-02 1.112861633e-01 5.633881688e-02 2.028393745e-02 4.150140285e-02
3.745543957e-02 -5.897179246e-03 -8.401744068e-02 -5.910645425e-02 4.381056130e-02 4.388642311e-02 -6.358391047e-02 -6.895358860e-02 7.044820487e-02 -2.260486782e-02 7.613390684e-02 3.326037526e-02 2.427165210e-02 -1.416705549e-02 -5.438849330e-02 3.161714971e-02 -7.836544514e-02
-5.516114831e-02 -9.007784724e-02 -3.997981548e-05 -6.765319407e-02 -4.610361159e-02 -4.042184353e-02 5.505494773e-02 6.925639510e-02 8.449542522e-02 -1.385983825e-02 1.187561750e-01 -6.277602911e-02 1.651857793e-02 3.314338624e-02 -1.142660379e-01 7.792645693e-02 8.792111278e-02
9.351979196e-02 8.646501601e-02 7.063263655e-02 -7.585814595e-02 9.001383185e-02 -4.699966311e-02 3.452752531e-02 -1.137115806e-01 -1.432332397e-02 -5.740593374e-02 -6.059087813e-02 -9.311321378e-02 -1.098893583e-02 -7.749420404e-02 -7.816986740e-02 -1.158235520e-01 8.243866265e-02
9.072341025e-02 -1.908823848e-02 6.951160729e-02 2.836933732e-02 -7.624004781e-02 -1.841929555e-02 5.421186984e-02 7.122755051e-04 -6.424069405e-03 -1.877997816e-02 8.814181387e-02 -8.989922702e-02 1.000945270e-02 -7.986180484e-02 7.311606407e-02 -1.045347750e-02 -7.373075187e-02
-8.274000883e-02 -1.149973273e-02 9.019434452e-03 7.556863129e-02 -2.517977357e-02 -6.516301632e-02 -1.210067272e-01 -5.231425166e-03 1.043310612e-01 -1.160638630e-01 -2.514047921e-02 9.762519598e-02 1.098839939e-01 -8.232308924e-02 -1.089434177e-01 1.240373105e-01 -5.994842947e-02
3.424738348e-02 -1.240234822e-01 5.728162825e-02 -8.863657713e-04 -2.369551361e-02 -6.219501793e-02 5.436423421e-02 -4.995748401e-02 -5.551031232e-02 -7.900799811e-02 1.020774990e-01 3.429085016e-03 -1.983289421e-02 2.463069558e-02 8.460105956e-02 -1.047799885e-01 8.181574941e-02
5.727130175e-02 6.739944220e-02 -1.597332954e-02 -7.458917797e-02 -8.211463690e-03 1.209383905e-01 -7.416182756e-02 -1.039131284e-01 -3.116434813e-02 5.093297362e-02 -9.935595095e-02 -1.034815609e-02 2.400621772e-02 -3.330960870e-02 -1.052700579e-01 -4.474471509e-02 -3.508993983e-02
4.717467725e-02 -1.247368306e-01 2.643817663e-02 -1.511156559e-02 8.527836204e-02 -6.514854729e-02 7.041661441e-02 -2.740189433e-03 3.916610777e-02 -1.183777303e-01 -1.690754294e-02 -7.825078070e-02 6.910681725e-02 -1.109537333e-01 9.317710996e-02 -1.069723815e-01 8.052581549e-02
-4.435338080e-02 -1.072589606e-01 8.032321930e-03 -1.065922230e-01 3.994178772e-02 1.171937287e-01 -1.192685962e-02 -7.275803387e-02 9.377057850e-02 1.327079535e-02 7.593125105e-03 6.344838440e-02 -1.192177832e-01 -6.003469229e-02 4.063428938e-02 6.563290954e-03 -4.899093509e-02
-9.144049883e-02 8.965441585e-02 -3.714255989e-02 -8.856102824e-03 7.064436376e-02 -1.717194915e-03 -9.972609580e-02 -1.139826477e-01 1.118634641e-02 2.709354460e-02 8.423109353e-02 6.401664019e-02 1.235157698e-01 5.692613125e-02 6.054900587e-02 1.088077873e-01 -5.157725513e-02
6.270472705e-02 -3.515543044e-02 1.715001464e-02 6.709906459e-02 -1.160790026e-01 7.440042496e-02 2.239777148e-02 -3.553554416e-02 -4.819473624e-02 -4.529623687e-02 2.827070653e-02 -1.465854049e-02 3.015057743e-02 -4.070243239e-02 1.524403691e-03 9.902119637e-02 -1.248043776e-01
-1.409900188e-02 6.875088811e-02 5.399841070e-02 3.809604049e-02 8.514593542e-02 -1.201118231e-01 -9.730720520e-02 -1.187385917e-01 1.075667888e-01 7.143440843e-02 8.468839526e-02 1.171931326e-01 -3.670032322e-02 1.172557175e-01 1.059961319e-02 2.815322578e-02 -3.231467307e-02
-4.117435217e-02 -7.141560316e-02 3.428162634e-02 7.401272655e-02 -7.531733811e-02 -5.933195353e-02 -2.126647532e-02 -1.169488728e-01 -1.990889013e-02 2.860973775e-02 -1.006269455e-02 8.947312832e-03 7.563385367e-02 -8.641646802e-02 -4.083298147e-02 -2.612097561e-02 5.323711038e-02
3.685748577e-02 -1.081773937e-01 -1.053927839e-02 -9.699422121e-02 -9.782692790e-02 1.469047368e-02 -7.345367968e-02 9.957157075e-02 -6.611065567e-02 -2.501985431e-02 5.663913488e-02 3.613683581e-02 2.058759332e-02 -3.808185458e-03 -2.511121333e-02 -5.803459883e-02 1.215225458e-01
9.485241771e-02 -6.142608821e-02 7.501296699e-02 4.084044695e-02 -8.412975073e-02 -5.915501714e-02 -5.522370338e-04 -7.314987481e-02 -7.826517522e-02 -2.496168017e-03 -1.087538302e-01 -8.205902576e-02 1.988062263e-02 -1.293508708e-02 5.990527570e-02 8.939009905e-02 7.986059785e-02
-5.592454970e-02 1.460719109e-02 -4.152037203e-02 3.029984236e-02 -1.146043390e-01 1.017314494e-01 8.203464746e-02 -2.663083375e-02 -5.370840430e-02 1.040041149e-01 6.888243556e-02 1.212794632e-01 -7.382257283e-02 -8.779621124e-02 -1.123833358e-01 -1.884452999e-02 6.379187107e-04
1.018779725e-01 -6.479337811e-02 -1.120343208e-01 5.252838135e-03 2.203468978e-02 3.440970182e-02 -4.938374460e-02 -9.805060923e-02 -1.165122539e-01 1.241718978e-01 -3.252686560e-02 -2.345520258e-02 6.800816953e-02 -6.636923552e-02 -1.144693345e-01 -1.217854172e-01 -6.698414683e-03
3.944292665e-02 5.898186564e-02 -5.622138083e-02 9.142130613e-03 5.610853434e-03 7.618582249e-02 -7.520776987e-02 9.210428596e-02 -2.823665738e-02 5.372524261e-02 -1.033003628e-01 -4.458387196e-02 -6.909584999e-02 -6.047244370e-02 -9.677179158e-02 2.868364751e-02 1.221088767e-01
9.413170815e-02 -7.810360193e-02 -1.248089969e-02 -3.333111107e-02 -5.460135639e-02 -5.473956466e-02 3.325046599e-02 -5.406294763e-02 -8.753293753e-02 1.671092212e-02 1.188077778e-01 -4.183590412e-03 1.207645535e-01 -7.990935445e-02 1.049951166e-01 -2.928420901e-03 8.917477727e-02
1.688584685e-02 3.171283007e-02 -1.050349772e-01 -2.281868458e-02 -1.498624682e-03 -2.010704577e-02 8.153340220e-02 -4.672601819e-02 -5.024819076e-02 -9.069296718e-02 4.129447043e-02 1.031019092e-01 2.214723825e-02 -7.675014436e-02 4.744616151e-02 1.670284569e-02 7.926455140e-02
-1.118928194e-04 1.166176796e-01 1.081555188e-01 -7.960012555e-02 9.519633651e-02 -4.222302139e-02 -1.221037209e-01 1.167369485e-01 -6.725060940e-02 1.988163590e-02 1.148791015e-01 -6.007708609e-02 8.985798061e-02 2.976989746e-02 9.179264307e-04 4.822045565e-02 -5.716383457e-02
-5.334925652e-02 -1.057699919e-01 1.031203270e-01 -5.267809331e-02 9.793496132e-02 1.633296907e-02 -7.998034358e-03 1.098061651e-01 6.253953278e-02 6.871278584e-02 -1.749227941e-02 5.225634575e-02 -1.200667620e-01 -2.995833755e-03 -4.332363605e-04 -1.040061861e-01 -2.290320396e-02
4.166856408e-02 8.437623084e-02 1.105685532e-02 -4.749053717e-02 -5.919227004e-02 -8.080625534e-02 -4.663109779e-02 -6.059235334e-02 -9.509786963e-02 2.448554337e-02 -8.047281206e-02 -2.841681242e-03 8.990341425e-02 -8.314774930e-02 7.841667533e-02 -1.011677831e-01 -1.058194190e-01
1.203528643e-01 -6.129172444e-02 1.066936404e-01 1.121581942e-01 3.450982273e-02 -6.233544648e-02 3.230167925e-02 2.601391077e-02 2.603085339e-02 1.556964219e-02 1.228239387e-01 1.722984016e-02 6.204167008e-02 -4.656559229e-02 -4.103514552e-02 1.036970913e-01 -1.053479314e-02
5.201858282e-02 -5.500827730e-02 2.414548397e-02 -9.703342617e-02 1.747260988e-02 1.926174760e-02 -1.055496931e-02 5.039893091e-02 6.705573201e-02 8.883690834e-02 -1.140787154e-01 -9.760454297e-03 7.224352658e-02 8.307500184e-02 -9.795846045e-02 -3.476440907e-05 -6.436750293e-03
-2.078190446e-02 5.356803536e-02 5.231526494e-02 -1.135966182e-01 2.000066638e-02 -6.732895970e-02 6.448444724e-02 -2.859696746e-03 2.171573043e-02 -1.746034622e-02 9.960071743e-02 -1.036248058e-01 5.432784557e-02 1.216471642e-01 -4.938001931e-02 3.215642273e-02 -6.171838939e-02
-6.036570668e-02 -6.822393835e-02 6.178662181e-02 8.062060177e-02 -1.652228832e-02 -1.520341635e-02 -9.022276103e-02 6.748084724e-02 5.686721206e-02 -5.652055144e-03 -7.854519784e-02 6.270965934e-02 -8.161871135e-02 8.141034842e-02 -9.943047166e-02 4.387837648e-02 -8.452953398e-02
1.468838751e-02 1.208495796e-01 8.788086474e-02 -9.337724745e-02 -2.979545295e-02 2.074220777e-02 -4.171514511e-02 -2.301758528e-02 9.444993734e-02 -9.353214502e-02 -9.798263013e-02 -1.026243418e-01 -2.274423838e-03 -2.138157189e-02 3.247928619e-02 -6.845895946e-02 -6.457780302e-02
-5.684664845e-02 4.807400703e-02 1.207230836e-01 -1.079968065e-01 6.875783205e-02 8.251349628e-02 -8.811470866e-02 -7.295797765e-02 9.707833827e-02 -4.863204062e-02 6.721052527e-02 9.863197803e-03 -1.114635766e-01 6.734195352e-02 1.362580061e-02 -7.608209550e-02 2.190595865e-02
-4.732446373e-02 -7.091821730e-02 -3.883995116e-02 -1.022329479e-01 -1.161406040e-01 -2.619624138e-03 -8.152975142e-02 4.252457619e-02 8.456853032e-02 -1.433114707e-02 -1.056685746e-01 -1.143206358e-01 6.567625701e-02 8.196741343e-03 -1.086931825e-01 -5.468803644e-02 3.906521201e-02
1.015506685e-02 6.013305485e-02 1.176734418e-01 -4.485142231e-02 -3.816086054e-02 -1.237648129e-01 1.144796014e-01 -1.074084640e-02 -3.618401289e-02 -1.133008301e-02 -5.415023863e-02 1.295848191e-02 9.280112386e-02 4.363551736e-02 3.097349405e-02 -5.737118423e-02 6.924797595e-02
1.243815869e-01 -1.067156345e-01 -7.079239190e-02 1.214640439e-01 9.660747647e-02 3.265038133e-02 1.143531650e-01 -2.585500479e-03 2.953305840e-02 5.961276591e-02 1.167322248e-01 -9.385938942e-02 5.595140159e-02 5.086523294e-02 -5.226305127e-02 -5.332644284e-02 4.769285023e-02
-7.444636524e-02 6.742866337e-02 8.190883696e-02 6.136533618e-02 -6.860437989e-02 1.176464260e-01 4.762849212e-02 -1.226719320e-01 -1.206185669e-01 4.431314766e-02 5.766616762e-02 1.084318459e-01 9.675154090e-02 7.761853933e-02 -3.761073947e-02 -8.480787277e-03 -7.829107344e-02
4.166364670e-03 2.640250325e-02 5.701935291e-02 2.576000988e-02 2.268366516e-02 1.050680876e-04 -9.797988832e-02 -5.448032916e-02 -2.900429070e-02 3.341513872e-02 4.838764668e-03 -7.032647729e-02 -5.813638866e-02 -3.087864816e-02 1.065951437e-01 8.338487148e-02 -1.074240804e-01
-6.774456799e-02 4.653190076e-02 -4.307200015e-02 -3.898127377e-02 -1.018139273e-01 -1.277670264e-02 4.312266409e-02 1.109175682e-01 -3.392235935e-02 -4.945434630e-02 2.310524881e-02 9.910315275e-03 1.515415311e-02 -1.159747094e-01 9.760160744e-02 -1.473858953e-03 -1.072834432e-02
-4.043124616e-02 -1.151917577e-01 -4.133303463e-02 -1.147547215e-01 5.143038929e-02 -6.557795405e-02 -1.133952886e-01 -6.332567334e-02 4.890255630e-02 -6.956756115e-02 -9.660433233e-02 -4.915988445e-02 1.175052971e-01 6.907768548e-02 2.990040183e-02 -3.218086064e-02 -5.100564659e-02
2.563384175e-02 8.989030123e-02 -9.643638134e-02 9.728427231e-02 -1.203156859e-01 -1.129955053e-01 -1.192217767e-01 4.045419395e-02 5.132853985e-03 3.116786480e-02 -9.169933200e-02 -7.549670339e-02 5.270838737e-02 8.916990459e-02 -1.048665792e-01 6.943061948e-03 -8.298635483e-03
-3.043118119e-02 4.323107004e-02 -9.529353678e-02 6.139789522e-02 -4.868058860e-02 8.436922729e-02 -3.099228442e-02 8.762384951e-02 -8.349448442e-02 -1.134880334e-01 1.228923202e-01 -4.245327413e-02 1.058891416e-03 9.152257442e-02 1.116382778e-01 2.623678744e-02 -1.166347861e-01
-7.747416198e-02 7.780312002e-02 3.964968026e-02 6.789556146e-02 -4.692165554e-02 -1.159595698e-01 -2.003666759e-02 4.998475313e-02 8.726926148e-02 -8.301368356e-02 -6.132842600e-02 1.042857468e-01 1.025705785e-01 1.212557256e-01 8.919733763e-02 3.348116577e-02 -2.953410149e-04
-9.296360612e-02 -4.494021833e-02 -1.224919856e-01 8.161610365e-02 7.709926367e-02 5.636036396e-02 -2.221366763e-02 -1.057871282e-01 1.090099961e-01 2.836467326e-02 2.642406523e-02 -3.182470798e-02 -9.028540552e-02 1.380237937e-02 -1.968175173e-02 1.127960235e-01 4.641726613e-02
4.205457866e-02 9.178203344e-02 -6.575363874e-02 8.403301239e-02 7.253885269e-04 -1.148875952e-01 7.841840386e-02 -8.415190876e-02 7.666571438e-02 9.697757661e-02 -9.199842811e-03 -4.114298522e-02 2.106812596e-02 9.343519807e-02 6.343808770e-02 9.535852075e-02 -3.629282117e-03
-9.445706010e-02 5.553039908e-02 9.199008346e-03 2.983869612e-02 1.163758337e-01 -2.862934768e-02 1.136701405e-01 -7.381770015e-02 -8.089074492e-02 8.174215257e-02 9.504564106e-02 -4.747511446e-02 2.292956412e-02 1.436837018e-02 3.991672397e-02 -1.889161766e-02 -1.217951924e-01
4.174058139e-02 -1.213434190e-01 -8.617132902e-02 -9.848763049e-02 4.917937517e-02 5.438055098e-02 -7.281720638e-02 1.119253635e-01 -8.774510026e-02 9.127676487e-02 5.468818545e-02 -2.739723027e-02 9.887818992e-02 9.201610088e-02 1.020796299e-01 -1.015462130e-01 -4.675647616e-02
-8.848437667e-02 9.982644022e-02 2.800893784e-02 -6.323941052e-02 -1.641876996e-02 8.635962009e-02 1.167076975e-01 1.031070948e-03 -1.133160740e-01 -5.707064271e-02 8.774241805e-02 1.902236044e-02 8.352081478e-02 1.030131727e-01 -4.281908274e-02 7.255703211e-02 -1.444901526e-02
-5.542536080e-02 -8.633796871e-02 2.441033721e-02 2.725450695e-02 8.202208579e-02 1.226308346e-01 -9.804792702e-02 -2.010859549e-02 -3.781899810e-02 6.396324933e-02 6.095492840e-02 1.133647859e-01 8.607977629e-02 8.490598202e-02 -9.486056864e-02 -8.279059827e-02 -1.001573354e-01
-6.162843108e-02 -6.153777242e-02 8.733440936e-02 -6.065674126e-02 1.072246581e-01 1.054803878e-01 7.793521881e-02 7.333105803e-02 8.877019584e-02 2.048765123e-02 -8.305247128e-02 9.340375662e-02 9.108270705e-02 8.506910503e-02 -8.726537228e-02 -1.575490832e-02 8.105336130e-02
-3.966465592e-03 -8.837178349e-03 -6.679667532e-02 6.258860230e-02 5.512879789e-02 -2.728284895e-02 9.225720167e-02 -7.353790104e-02 6.501792371e-02 -5.247727036e-03 -5.050899088e-02 1.934306324e-02 -1.090933979e-01 1.020592153e-01 -2.642422915e-02 -6.432747841e-02 1.226423681e-02
7.192997634e-02 9.295427799e-02 8.266569674e-02 -2.301390469e-02 2.837142348e-02 1.147384495e-01 6.715157628e-02 1.245469451e-01 2.164125443e-02 -1.200809330e-01 3.707979620e-02 -3.174145520e-02 2.235446870e-02 4.877473414e-02 7.053849101e-02 -5.926144123e-02 -9.278024733e-02
1.144759953e-01 3.162243962e-02 5.993704498e-02 3.403949738e-02 -2.241857350e-02 -1.150937676e-01 1.121771038e-01 1.184401214e-01 -2.599582076e-03 -3.270132840e-02 5.494631827e-02 -1.169420630e-01 3.445225954e-02 1.066793650e-01 -3.255799413e-02 -6.917968392e-03 6.208179891e-02
-1.130943000e-02 -2.564311028e-03 3.981998563e-02 -9.679555893e-03 -5.635619164e-04 -7.562428713e-03 7.023607194e-02 1.154576987e-01 1.116882265e-02 1.837541163e-02 -8.894377947e-02 6.963436306e-02 7.065513730e-02 -9.109772742e-02 7.331696153e-02 3.426153958e-02 -7.672578096e-02
-2.060256898e-02 -1.112779230e-01 1.691699028e-02 6.277778745e-02 -8.629506826e-02 -9.386971593e-03 9.835590422e-02 9.580042958e-02 7.984194160e-02 -6.996922195e-02 -2.837985754e-03 -6.027728319e-02 1.117874384e-01 5.525678396e-03 -7.703988254e-02 -1.733247936e-02 6.937578321e-03
4.215453565e-02 -1.903031766e-02 2.116546035e-02 -1.177677065e-01 -3.781794012e-02 6.907616556e-02 5.131919682e-02 1.222277582e-01 9.984704852e-02 6.486740708e-02 -6.068599224e-02 1.127845049e-01 8.572502434e-02 -4.480326176e-02 -5.789424479e-02 -6.208348274e-02 -7.934825122e-02
5.009634793e-02 -6.501610577e-02 1.104974747e-01 2.809259295e-02 2.101361752e-03 3.932619095e-02 7.037732005e-02 -2.074725926e-02 -9.668825567e-02 -1.220933348e-01 1.162374914e-01 1.169533581e-01 -4.686610401e-02 1.100722849e-01 4.949663579e-02 -1.086822748e-01 -1.926209033e-02
-1.128835678e-01 5.423916876e-02 4.450069368e-02 5.949869752e-02 -5.030527711e-03 1.810225844e-02 -7.503755391e-02 -1.035601646e-01 -4.408776760e-02 4.560340941e-02 -2.310569584e-02 -2.579566836e-02 -6.822502613e-02 -6.240849197e-02 -6.543889642e-02 -2.578671277e-02 1.167668700e-01
-3.198602796e-02 -1.653806865e-02 -6.567835808e-02 -7.604837418e-02 -1.224178225e-01 -7.964074612e-02 -3.601978719e-02 -2.891874313e-02 -8.605296910e-02 -9.676471353e-03 1.054074168e-01 -9.654094279e-02 7.802148163e-02 -9.618717432e-02 2.265428007e-02 1.216068864e-03 -1.006212533e-01
-6.402225792e-02 -5.937157571e-02 -9.516777098e-02 9.119525552e-03 -9.944939613e-02 1.164117157e-01 7.113054395e-03 -9.527646005e-02 -4.998181760e-02 1.091650575e-01 -5.132973194e-03 5.742052197e-02 8.586464822e-02 -6.384429336e-02 1.072742343e-01 -6.602554023e-02 -1.042141020e-01
7.576507330e-02 -9.499584138e-02 -8.491060138e-02 -9.517024457e-02 4.357373714e-02 -6.333306432e-03 1.076606512e-01 -5.488161743e-02 6.033957005e-03 6.463541090e-02 -2.041143179e-02 -8.761644363e-03 -7.950818539e-02 7.405526936e-02 4.688635468e-02 -2.139756083e-02 -5.282464623e-02
8.323751390e-02 -1.096161604e-01 5.247564614e-02 8.725452423e-02 -4.193027318e-02 4.965884984e-02 3.351229429e-02 1.722614467e-02 -5.371829867e-02 -1.819118857e-02 -1.858861744e-02 4.816249013e-02 -1.238462478e-01 -6.206303835e-03 3.944180906e-02 3.763367236e-02 -6.796312332e-02
-4.465666413e-02 7.421201468e-02 2.917474508e-02 1.242542863e-01 -4.485794902e-02 6.931594014e-02 -1.711206138e-02 1.982440054e-02 -2.791270614e-03 -1.186142862e-01 5.068920553e-02 3.440281749e-02 -1.089054346e-01 -4.297986627e-03 2.338436246e-02 1.005899608e-01 1.235057563e-01
-2.216848731e-02 -2.208353579e-02 -2.797842026e-02 -9.202460945e-02 6.112501025e-02 1.223827899e-01 1.074526608e-01 -1.089282334e-01 -1.154507101e-01 -8.128465712e-02 -2.245150506e-02 -3.233763576e-02 -1.174672097e-01 -1.090054065e-01 -9.895642102e-02 -3.599765897e-02 2.030685544e-03
1.200802922e-01 -1.179272234e-01 7.652972639e-02 -5.101917684e-02 1.236752272e-01 -1.045537740e-01 -1.106133312e-01 -1.846361160e-02 5.170957744e-02 -1.022706032e-01 -2.922843397e-02 -9.810692072e-02 7.146258652e-02 -5.943672359e-02 -6.046265364e-02 -1.078587025e-01 3.783620894e-02
1.148467809e-01 3.192958236e-02 4.888559878e-02 9.772118926e-02 -8.431375027e-03 -6.226003170e-04 1.068281829e-01 -4.194638133e-02 -1.145804226e-01 1.605823636e-02 5.320823193e-02 4.125657678e-02 9.288834035e-02 1.044811755e-01 2.067685127e-04 7.351759076e-02 -1.055002958e-01
1.341766119e-02 7.343059778e-02 7.665708661e-02 -1.172434539e-01 1.094521880e-01 4.206225276e-03 1.274609566e-02 7.381096482e-03 1.896157861e-03 -7.510717213e-02 1.089737862e-01 3.913994133e-02 -8.780430257e-02 -9.579907358e-02 7.006283104e-02 9.843248129e-02 2.246101201e-02
1.094156653e-01 -1.030652225e-02 -4.907858372e-02 5.751198530e-02 -9.574592113e-04 1.523889601e-02 9.841188788e-03 9.422014654e-02 5.839161575e-02 6.573577225e-02 1.405620575e-02 -3.672724962e-02 -8.703875542e-02 -1.593634486e-02 -1.108298600e-01 -7.047528028e-02 -3.056946397e-02
9.326435626e-02 -1.241575181e-01 7.335802913e-02 -7.645288110e-02 -1.159942448e-01 -8.442796767e-02 -8.438821137e-02 1.210870743e-01 9.110832214e-02 1.187583953e-01 -6.748977304e-02 -1.198549271e-01 -2.988079190e-02 9.869474173e-02 6.449615955e-02 -9.930875897e-02 -3.567874432e-02
3.581777215e-03 1.210304648e-01 -8.599863946e-02 8.476068079e-02 7.350827754e-02 -6.733128428e-02 -9.315086901e-02 -7.476584613e-02 8.265563846e-02 -1.216544807e-01 8.480572701e-02 1.146998554e-01 -1.172988415e-01 -1.875075698e-02 8.455000818e-02 -3.158974648e-02 5.340404809e-02
-1.148656011e-03 -5.656236410e-02 9.047570825e-02 1.920613647e-02 -1.851400733e-02 4.240028560e-02 -6.631928682e-02 -2.389000356e-02 -7.445985079e-02 -7.186797261e-02 -7.206173241e-02 -8.427917957e-03 -9.150357544e-02 -1.422958076e-02 -3.990617394e-02 -2.604593337e-02 -5.863155425e-02
-7.697184384e-02 1.154265553e-01 4.783500731e-02 1.053122878e-01 -7.037907839e-03 9.209097922e-02 1.964241266e-03 2.945154905e-03 -1.159194112e-01 4.329860210e-02 6.873558462e-02 -3.012710810e-02 -1.108134091e-01 -8.736494184e-02 8.661058545e-02 -3.620707989e-02 6.344255805e-02
2.325624228e-02 1.071793735e-01 -4.289582372e-03 2.840428054e-02 -8.692865074e-02 -8.390629292e-02 9.326489270e-02 -8.119584620e-02 3.211364150e-03 -1.189626604e-01 -4.732739925e-02 -1.629446447e-02 7.551485300e-02 7.729020715e-02 4.305100441e-02 -3.020071983e-02 5.380603671e-02
3.210307658e-02 4.005748034e-02 1.809062064e-02 -8.157730103e-03 1.171637028e-01 8.722305298e-02 -8.655473590e-03 -1.229752153e-01 3.024955094e-02 2.189810574e-02 5.894377828e-02 -1.174761653e-01 2.400337160e-02 1.056477576e-01 1.653362811e-02 -6.173500419e-02 -5.932386220e-02
3.753367066e-02 5.505433679e-02 -9.653407335e-02 1.113166362e-01 -6.542591751e-02 2.686366439e-02 8.031672239e-02 -9.155067801e-02 8.748008311e-02 6.604194641e-04 -3.937698901e-02 -7.950901985e-02 1.005408615e-01 7.226504385e-02 -2.689889073e-02 3.029665351e-02 3.393058479e-02
-1.003830284e-01 1.107317209e-01 -1.086137891e-01 4.645460844e-02 5.411034822e-02 -1.905575395e-03 -6.407910585e-02 -1.051250100e-01 8.259172738e-02 -7.109373808e-03 -5.429573357e-02 -4.378944635e-02 1.355235279e-02 9.728686512e-02 -1.122277677e-01 1.541320980e-02 -1.108178198e-01
-1.040832102e-01 -7.608090341e-02 9.212529659e-02 -2.438730001e-02 1.504275203e-02 4.830259085e-02 1.673811674e-02 4.751226306e-02 -6.452670693e-02 3.369978070e-02 9.729979932e-02 -1.216415316e-01 6.824755669e-02 -2.921849489e-02 7.147061825e-02 -2.935077250e-02 3.044821322e-02
-9.581652284e-02 -3.402127326e-02 -5.810724199e-02 -9.618645906e-02 3.310471773e-02 1.164667755e-01 -9.308759868e-02 1.234577745e-01 1.417101920e-02 -1.200855970e-01 -3.546336293e-02 8.170349896e-02 -1.059377044e-01 -1.974385977e-02 1.173233539e-01 -3.844587505e-02 7.374800742e-02
-2.467048168e-02 -1.695288718e-02 -7.116682827e-02 9.342323244e-02 -1.103044301e-01 -8.233809471e-02 -1.117714643e-01 1.655608416e-02 -7.535885274e-02 1.137164980e-01 5.234262347e-02 7.936300337e-02 1.377715170e-02 1.011152864e-01 -6.641617417e-02 -4.176186025e-02 1.055029035e-01
5.069351196e-02 -7.738816738e-02 -3.483578563e-03 5.234834552e-02 2.076260746e-02 1.241455823e-01 -5.177271366e-02 -1.221428663e-01 7.018680871e-02 8.825212717e-03 -1.011393964e-01 -7.115334272e-03 -1.123828590e-01 7.424749434e-02 1.134028435e-01 3.206922114e-02 1.229283363e-01
-7.365825772e-02 -2.227789164e-02 2.121029794e-02 -5.690559745e-03 1.012242138e-01 9.780870378e-02 -3.129729629e-02 -1.143087000e-01 2.610896528e-02 7.871447504e-02 1.478199661e-02 -4.507662356e-02 3.427304327e-02 -1.169599295e-01 1.038842797e-01 1.682730019e-02 1.216740608e-01
1.066219509e-01 7.128591835e-02 -4.532936215e-02 -6.400816143e-02 8.148014545e-03 1.174007058e-01 -1.738885045e-02 9.212701023e-02 -1.279705763e-02 4.936775565e-02 -6.851325929e-02 3.886759281e-03 1.077231020e-01 -1.018997431e-01 -6.132531166e-02 -2.228865027e-02 -1.165193319e-01
-1.077574044e-01 2.419009805e-03 -1.539933681e-02 8.181257546e-02 -1.335449517e-02 8.760818839e-02 7.106047869e-02 9.750205278e-02 -2.589461207e-02 1.532477140e-02 -1.091515869e-01 7.189951837e-02 5.256755650e-02 2.564728260e-02 -2.676893771e-02 1.135831326e-01 -1.032802761e-01
6.558023393e-02 1.093119979e-01 4.385276139e-02 1.024872959e-01 -7.652790844e-02 1.121144891e-01 9.193274379e-02 -5.251502991e-02 1.068595946e-01 -5.669614673e-02 -1.056695133e-01 1.170960218e-01 3.903073072e-02 6.975798309e-02 3.042776883e-02 1.803311706e-02 4.163673520e-02
4.648816586e-02 -8.324402571e-02 8.174817264e-02 8.353859186e-03 5.432097614e-02 -1.088444591e-01 -7.744151354e-02 -5.602616072e-02 -1.023011655e-01 9.753592312e-02 1.957213879e-02 -9.146192670e-02 -7.717800140e-02 -2.869154513e-02 1.053859293e-01 -5.155375600e-02 1.128328592e-01
6.850036979e-02 -8.988305926e-02 -1.123920232e-01 3.567060828e-02 8.542312682e-02 -2.488443255e-02 -1.096533686e-01 4.651176929e-02 -4.153852165e-02 -5.921888351e-02 1.062823832e-02 9.345711768e-02 -1.124083102e-01 2.812232077e-02 -5.987763405e-03 -8.578303456e-02 1.047757119e-01
-1.888239384e-02 1.195697635e-01 -8.895333111e-02 7.613092661e-03 -3.312636912e-02 2.622699738e-02 -1.205110848e-01 3.717960417e-02 -6.659980118e-02 7.000519335e-02 -5.371992290e-02 -1.045271754e-03 -9.673438966e-02 -8.029761910e-02 5.947375298e-02 1.115586162e-01 1.041757017e-01
-1.027994603e-01 -4.123498499e-02 8.584673703e-02 4.922229052e-02 6.984968483e-02 1.132930517e-01 -3.431263566e-02 -4.198850691e-02 1.004843414e-02 -1.133823991e-01 -2.695362270e-02 1.183610857e-01 -1.031155884e-02 -4.585498571e-02 -4.881946743e-02 -2.494393289e-02 -5.134940147e-04
-1.100255251e-01 9.513877332e-02 -1.206321567e-01 -6.135180593e-02 -1.025210917e-01 -7.271145284e-02 3.731833398e-02 -7.756736875e-02 -4.912619293e-02 -8.775195479e-02 -5.643010139e-03 1.117872298e-01 5.284707248e-02 7.619722188e-02 -9.916014969e-02 -4.266129434e-02 5.681180954e-02
-1.190751791e-02 9.709262848e-02 -8.808100224e-02 -1.198805869e-01 -9.673875570e-02 -6.258535385e-02 8.774726093e-02 -4.358923435e-02 -6.131751835e-02 -4.873469472e-03 6.927233934e-02 -1.242725700e-01 -2.876575291e-02 -4.602226615e-02 -8.033245802e-02 -3.789375722e-02 -1.174063981e-02
-1.111200154e-01 9.788671136e-02 3.993135691e-02 4.479646683e-03 -5.340129137e-04 2.029022574e-02 1.154108793e-01 2.419173717e-02 4.318296909e-03 -3.103449941e-03 -8.490815759e-02 -1.230998635e-01 -2.386473119e-02 -1.130999327e-01 5.159339309e-02 -6.990659237e-02 1.586070657e-02
5.269199610e-02 -6.932331622e-02 -2.672101557e-02 -1.013765931e-01 -2.456842363e-02 1.016016901e-01 4.944740236e-02 8.538618684e-02 -6.856173277e-02 -1.113572717e-01 -5.706627667e-02 -5.177278817e-02 7.436209917e-02 -6.447853148e-02 8.050504327e-02 -9.591710567e-02 3.532850742e-02
1.671524346e-02 8.448676765e-02 8.229628205e-02 -9.636040032e-02 1.110683084e-01 3.065435588e-02 1.210647672e-01 5.183944106e-02 -1.068426371e-01 3.153207898e-02 -5.275875330e-03 5.999732018e-02 -4.941780865e-02 -2.478212118e-03 -9.980419278e-02 -2.086226642e-02 -6.642034650e-02
3.707484901e-02 -9.982122481e-02 1.319780946e-03 1.514643431e-02 3.359973431e-03 1.215233207e-01 -1.079247296e-01 8.787015080e-02 -1.244858056e-01 -5.208811164e-02 -5.595755577e-02 -6.464706361e-02 4.017563164e-02 -5.147494376e-02 -3.730647266e-02 9.978078306e-02 3.735172749e-02
3.623284400e-02 -3.451327980e-02 3.557248414e-02 -5.388396978e-02 3.060099483e-02 -1.078034788e-01 -1.099331826e-01 6.605567038e-02 6.872197986e-02 7.881699502e-02 -5.883780122e-02 -1.920360327e-02 -7.666637003e-02 -7.122996449e-02 -9.568929672e-04 -2.415905893e-02 7.363672554e-02
1.002976745e-01 1.002125740e-01 -3.926146030e-02 2.321735024e-03 -4.506708682e-02 2.316918969e-02 -1.196857542e-01 -2.436214685e-02 -1.174049079e-02 2.809004486e-02 6.452040374e-02 -1.144108176e-02 -5.954000354e-02 1.121524572e-01 -2.750918269e-02 -2.325858176e-02 -7.170595229e-02
5.910994112e-02 7.043069601e-02 6.839415431e-02 1.803189516e-02 -8.668926358e-02 1.155200601e-01 8.473484218e-02 7.765719295e-02 5.385017395e-02 2.018189430e-02 6.566724181e-02 -3.177607059e-02 -1.226754487e-01 -2.572178841e-03 -9.292085469e-02 9.958796203e-02 -1.094927937e-01
-4.934377968e-02 3.403618932e-02 5.529128015e-02 1.248687506e-01 1.023381799e-01 2.131846547e-02 9.911993146e-02 5.812123418e-03 -5.614034832e-02 1.649439335e-03 1.760578156e-02 2.370133996e-03 -5.273550749e-03 -7.407271862e-02 4.797181487e-02 4.718956351e-02 6.301426888e-02
-4.648733139e-02 3.183224797e-02 8.117309213e-02 -5.800151825e-02 -3.632231057e-02 7.068318129e-02 -7.125195861e-02 2.237173915e-02 -2.971693873e-02 -4.307450354e-02 -1.184157878e-01 4.256737232e-02 4.469081759e-03 -1.069182903e-01 -2.046409249e-02 1.036000252e-02 2.356465161e-02
-1.010800302e-01 -1.168872416e-02 9.324601293e-02 -1.126552820e-01 -8.814471960e-02 7.844828069e-02 -5.086089671e-02 -6.072245538e-02 -7.849700749e-02 3.259861469e-02 1.185347140e-02 2.129048109e-03 3.968867660e-02 3.747171164e-02 -7.590241730e-02 5.349040031e-03 -1.237845868e-01
-9.964537621e-02 6.306056678e-02 1.254920661e-02 -8.013090491e-02 -6.913033128e-02 8.864830434e-02 -1.055388004e-01 -7.700353861e-02 9.529802203e-02 -9.967705607e-02 -7.196518779e-02 7.167533040e-02 -9.592646360e-02 3.035633266e-02 9.793245792e-02 1.569628716e-02 -6.543986499e-02
-8.181139827e-02 -1.148017645e-01 6.683102250e-02 -3.313615918e-03 -2.542331815e-03 -7.675714791e-02 -9.663507342e-02 -2.379173040e-02 3.738181293e-02 7.837460935e-02 9.218150377e-02 -1.096552610e-02 -1.222567558e-01 8.714728057e-02 -4.977829754e-02 1.189978421e-02 -2.406269312e-02
-7.047377527e-02 -4.253505170e-02 -2.114304900e-02 -9.885905683e-02 -7.588514686e-02 -1.625125110e-02 4.344044626e-02 1.240642667e-01 8.068202436e-02 8.345834911e-02 -5.450695753e-03 2.711389959e-02 -4.221996665e-02 -8.425022662e-02 9.599709511e-02 5.805735290e-02 1.079182476e-01
6.248161197e-02 -7.507069409e-02 -1.132497042e-01 1.236009896e-01 -9.045025706e-02 -3.576822579e-02 -6.740716100e-02 4.722012579e-02 8.399637043e-02 -1.779305935e-02 1.861955225e-02 -6.132498384e-03 -5.912129581e-02 1.212578416e-01 5.930379033e-02 -3.283278644e-02 -8.454164863e-02
-6.023903191e-02 -3.238373995e-02 1.120867878e-01 -5.313125253e-02 1.481515169e-02 7.506956160e-02 8.579045534e-04 5.761365592e-02 -6.134627759e-02 2.244457603e-03 1.170320809e-02 7.363992929e-02 1.026001722e-01 -8.201463521e-02 -2.853241563e-02 -7.607381046e-02 1.129906327e-01
1.055881679e-01 9.482349455e-02 4.336273670e-02 -3.646539152e-02 4.048466682e-02 -1.025704741e-01 -1.400277019e-03 -7.286010683e-02 -9.708552063e-02 -1.247837543e-01 4.804460704e-02 8.879950643e-02 -3.791278601e-02 -1.180940419e-01 -4.803578556e-02 5.060838163e-02 1.130542010e-01
6.610973179e-02 -4.770305753e-02 1.157492995e-01 7.079260051e-02 6.950214505e-03 8.407776058e-02 -7.847762108e-02 1.539877057e-02 1.188234985e-02 -1.454681158e-03 8.548927307e-02 6.842535734e-02 2.835474908e-02 3.624859452e-02 -8.495116234e-02 9.395873547e-02 5.049705505e-04
-5.891479552e-02 3.231516480e-02 -4.937721789e-02 1.257599890e-02 9.939834476e-03 1.747699082e-02 7.973229885e-02 8.013114333e-02 9.914034605e-02 -9.261547029e-02 -1.791046560e-02 -3.102672100e-02 -4.225689173e-02 -1.225565225e-01 8.330774307e-02 -2.768322825e-03 1.037190259e-01
1.179134399e-01 4.335793853e-02 -3.828880191e-02 1.119991988e-01 7.322233915e-02 7.320903242e-02 -2.293595672e-02 2.643807232e-02 -1.010449976e-01 1.038745046e-01 1.065019667e-01 -1.580594480e-02 -6.438180804e-03 -5.814135075e-03 4.064989090e-02 4.537925124e-03 -1.061547101e-01
-1.368674636e-02 -4.453831911e-02 7.639139891e-02 -8.400340378e-02 -9.754636884e-02 9.900590777e-02 -1.024165154e-01 5.843371153e-02 -2.165935934e-02 -1.178699136e-01 -1.158655137e-01 4.251420498e-03 -1.059609652e-02 4.834412038e-02 2.186511457e-02 -6.263571978e-02 1.068830341e-01
-8.337631822e-03 2.459853888e-02 -4.848156869e-02 -2.909407020e-02 -6.942746043e-02 -7.508525252e-02 -9.125576913e-02 5.872879922e-02 7.233798504e-02 5.111476779e-02 -1.235555410e-01 8.559882641e-03 -1.175889820e-01 -4.994316399e-02 3.720238805e-03 6.929929554e-02 -4.921449721e-02
7.283911109e-02 4.497836530e-02 2.230748534e-03 1.238383651e-01 -3.088799119e-02 2.724735439e-02 -5.290740728e-02 3.765910864e-03 3.954444826e-02 -1.242160797e-01 8.808170259e-02 5.863480270e-02 -4.969204962e-02 -7.935112715e-02 -5.751430988e-02 5.111101270e-02 -1.230637133e-01
-5.802747607e-02 -8.648148179e-02 1.107001007e-01 6.859628856e-02 -1.238187104e-01 -1.051159650e-01 -6.114099920e-02 9.805338085e-02 9.213589132e-02 6.765469909e-02 3.468190134e-02 -9.703843296e-02 -2.123945951e-02 1.090451032e-01 -7.476684451e-02 -3.534591198e-02 8.326491714e-02
-3.202217817e-02 -7.122670114e-02 -8.119055629e-02 -7.288528979e-02 -1.154403687e-01 -1.410743594e-02 -3.295421600e-03 7.921105623e-02 -6.288619339e-02 -3.525166214e-02 -8.771963418e-02 1.232317388e-01 1.332029700e-03 -1.198482960e-01 5.729323626e-02 6.861822307e-02 8.474224806e-02
1.246678829e-01 -2.605094016e-02 2.727529407e-02 9.481197596e-02 2.295549214e-02 -1.477195323e-02 1.815234125e-02 -4.152546823e-02 9.385207295e-02 4.816043377e-02 7.726137340e-02 4.285031557e-02 4.156219959e-02 1.466794312e-02 -5.836662650e-02 -3.664001822e-03 4.903905094e-02
-7.608699799e-02 1.239820570e-01 9.708349407e-02 -7.629658282e-02 -8.928659558e-02 3.052122891e-02 -9.252965450e-02 5.197665095e-02 8.050550520e-02 5.401992798e-02 8.700042963e-03 -6.458868086e-02 -1.118288487e-01 3.646676242e-02 9.152060747e-02 -3.053098917e-03 -6.080165505e-03
-5.018021166e-02 9.536743164e-03 -4.783284664e-02 -1.009993255e-01 9.426832199e-03 -4.484333098e-02 -6.601037085e-02 -1.060724556e-01 -3.801825643e-02 1.247754693e-02 -9.963934124e-02 2.045953274e-02 -3.848034143e-02 5.194401741e-02 5.303457379e-02 -2.507020533e-02 -1.192806661e-01
-2.843692899e-02 -1.032110900e-01 1.088447869e-02 -1.180406213e-01 -9.989947081e-02 7.252940536e-02 -6.278270483e-02 3.178796172e-02 1.043883562e-01 -9.825268388e-02 -1.132298261e-01 -9.641684592e-02 5.854851007e-02 1.136135608e-01 2.695743740e-02 -9.267622232e-02 -6.862431765e-02
-5.214573443e-02 -1.201799959e-01 4.965187609e-02 9.336715937e-02 1.036399752e-01 -1.139715165e-01 4.662586749e-02 -2.385607362e-02 -1.184942424e-01 7.776792347e-02 6.754919887e-02 -7.317766547e-03 7.370278239e-03 -8.029896021e-02 7.508772612e-02 -3.909881413e-02 -4.113912582e-04
1.038663983e-01 -7.420969009e-02 1.189917475e-01 6.294013560e-02 -7.680588961e-02 -8.374322951e-02 -1.062196940e-01 7.669091225e-02 4.344254732e-03 -1.819185913e-02 9.509502351e-02 -2.465933561e-02 4.790717363e-02 2.237318456e-02 -1.042427123e-02 -6.779097021e-02 -8.340854943e-02
-1.140340120e-01 9.764516354e-02 1.134871095e-01 1.231407672e-01 6.051495671e-02 -2.834920585e-02 -7.513462007e-02 -1.237203777e-01 -4.824152589e-02 -8.599707484e-02 -3.443606198e-02 -8.807992935e-02 -8.960910141e-02 -3.072947264e-03 -8.744691312e-02 1.372826099e-02 -4.092514515e-03
1.037172377e-01 6.892481446e-02 5.375972390e-02 -8.354449272e-02 2.584210038e-02 -7.069708407e-02 7.426474988e-02 1.151523888e-01 -9.834823012e-02 1.077565253e-01 -7.709851861e-02 -5.198174715e-02 -7.084441185e-02 4.042656720e-02 -1.095063239e-01 -7.678024471e-02 1.992298663e-02
-6.121075153e-02 1.001170129e-01 -1.119942963e-02 4.841886461e-02 5.304746330e-02 -8.036032319e-02 1.042250097e-01 8.144120872e-02 4.514738917e-02 -1.142942756e-01 1.211010665e-01 -8.288437128e-02 1.038875431e-01 1.154614538e-01 -1.949176192e-03 5.457635224e-02 -9.321884811e-02
8.486315608e-02 9.382158518e-03 2.625456452e-02 -1.776288450e-02 8.735476434e-02 -9.951324761e-02 2.100636065e-02 5.188083649e-02 7.531484962e-02 -6.769137084e-02 1.136480272e-02 3.717760742e-02 -6.245630980e-02 -6.044124067e-02 1.508601010e-02 -5.977396667e-02 1.248361468e-01
3.055703640e-02 -4.175990820e-02 2.964279056e-02 -5.370640755e-02 -9.507447481e-03 3.382028639e-02 4.971644282e-02 2.069306374e-02 -2.869963646e-05 -5.246555805e-02 -1.110247225e-01 9.397876263e-02 -2.965790033e-02 -1.206593812e-01 9.206420183e-02 1.006331444e-01 -2.976204455e-02
1.922398806e-03 -8.502331376e-02 7.955330610e-02 -1.035497785e-01 9.352281690e-02 4.250453413e-02 1.063176841e-01 -6.509669125e-02 -8.679911494e-03 -8.904486895e-04 4.637299478e-02 3.275051713e-02 2.828994393e-02 1.243981719e-01 3.129544854e-02 -7.357427478e-02 -5.971191823e-02
7.120095193e-02 1.166147590e-01 -1.142930984e-01 -1.017482728e-01 -9.990772605e-02 9.686736763e-02 -7.647289336e-02 7.030825317e-02 -4.971759021e-02 7.472386956e-02 -4.945844412e-03 -3.954319656e-02 8.843040466e-02 1.213132143e-01 -5.084934831e-02 9.062378109e-02 -1.019005924e-01
-9.497602284e-02 2.170085907e-03 1.053785831e-01 5.785658956e-03 9.341602027e-02 7.473774254e-02 7.817398012e-02 4.363478720e-02 -1.207408160e-01 -9.554851055e-02 -1.029431522e-01 2.921594679e-02 1.966914535e-02 1.744821668e-02 -1.176331192e-01 3.298278153e-02 -7.421405613e-02
-1.203398407e-01 2.890269458e-02 -5.859076977e-03 -9.392185509e-02 2.716585994e-03 5.383363366e-02 -1.198115647e-01 -4.284337163e-03 1.006730348e-01 1.077134460e-01 -5.147653818e-02 -4.670341313e-02 -6.573049724e-02 -9.538955986e-02 -6.066478789e-02 8.169634640e-02 8.819913864e-02
-4.072712362e-02 1.579937339e-02 -7.502079010e-02 -1.954478025e-02 7.995690405e-02 7.787543535e-02 -2.162237465e-02 -9.974743426e-02 -4.376158118e-03 -6.147488952e-02 2.963431180e-02 1.141851395e-01 3.026381135e-03 -2.392460406e-02 -1.759809256e-02 -4.072070122e-03 2.895434201e-02
-1.839295030e-03 -1.139430702e-01 1.143747121e-01 -7.277610898e-02 1.221898943e-01 -8.176147938e-03 -7.323473692e-03 6.141908467e-02 -5.492879450e-02 1.170486212e-03 -4.623857141e-02 -8.727757633e-02 7.856981456e-02 9.133343399e-02 5.661688745e-02 1.223012507e-01 6.326796114e-02
1.055980474e-01 -2.886572480e-02 9.378872812e-02 3.157885373e-02 -1.239776611e-04 9.295468032e-02 -9.717388451e-02 -4.445806146e-03 -5.670359731e-02 1.233593822e-01 -1.500582695e-02 4.397128522e-02 8.842658997e-02 6.518983841e-02 -4.926300049e-02 3.030940890e-03 7.794468105e-02
-5.277311802e-02 1.035730541e-02 -9.408114851e-02 2.741126716e-02 8.648706973e-02 8.594006300e-03 1.980333030e-02 1.053110957e-01 4.287168384e-03 -4.793755710e-02 9.547156096e-02 -9.048923850e-02 5.894388258e-02 8.107198775e-02 -1.262947917e-03 -1.227551103e-01 5.620914698e-02
7.916818559e-02 -1.351363957e-02 8.402480185e-02 4.906314611e-02 2.768258750e-02 1.156759709e-01 -5.995799601e-02 1.993688941e-02 -9.410123527e-02 1.088385135e-01 3.996229172e-02 1.110968590e-01 -9.944096208e-02 1.087727100e-01 7.820203900e-02 1.088425964e-01 -5.536416173e-02
-1.024993509e-01 -2.196481824e-02 9.891282022e-02 1.226506978e-01 -1.159471273e-02 1.421512663e-02 -1.135928929e-02 -9.978950024e-03 2.125774324e-02 5.851387978e-02 -2.891081572e-02 -9.647336602e-02 -3.654390574e-03 6.899297237e-02 -1.006580144e-01 1.171010584e-01 4.461656511e-02
5.894151330e-02 6.050691009e-02 8.606953919e-02 1.096134931e-01 -5.512309074e-02 3.279276192e-02 7.512389123e-02 -1.237640381e-01 7.239809632e-02 -1.200054586e-01 -8.154612780e-02 -7.332041860e-02 -8.520402014e-02 -8.982209861e-02 7.375197113e-02 -1.079139560e-01 -6.072413921e-02
-1.169696599e-01 -4.944069684e-02 -4.649609327e-04 4.204519093e-02 -6.445637345e-02 2.211020887e-02 6.074588001e-02 1.012694091e-01 -2.422244847e-02 -8.486157656e-02 7.666414976e-02 -4.501470923e-02 -1.196019053e-01 -4.771104455e-02 -1.940287650e-02 2.756452560e-02 9.501910210e-02
7.929664850e-02 -5.350436270e-02 1.012831181e-01 4.602131248e-02 3.221324086e-02 -9.127983451e-02 -2.120749652e-02 4.464656115e-02 -3.675140440e-02 5.295999348e-02 5.836094916e-02 -8.719784021e-02 1.012825668e-01 1.291327178e-02 -8.320048451e-03 -9.452521801e-03 -9.632334113e-03
-1.415100694e-02 -4.184366763e-02 1.838950813e-02 -3.335833549e-02 1.012071371e-01 -4.278136790e-02 -1.147041321e-01 1.239168644e-01 7.380327582e-02 -8.898861706e-02 9.870859981e-02 -1.088397205e-01 -6.219489872e-02 -6.476804614e-02 2.075001597e-02 3.393217921e-02 -5.101595819e-02
-4.217813909e-02 -6.704655290e-02 9.579142928e-02 6.086854637e-02 1.102223992e-02 6.794765592e-03 7.776662707e-03 -2.874095738e-02 -5.662134290e-02 1.125672162e-01 -4.883222282e-02 -7.700660825e-02 -1.247042418e-02 3.850342333e-02 -1.068183631e-01 3.416629136e-02 -5.955919623e-03
-5.809853971e-02 1.568628848e-02 1.246483624e-02 -1.205338687e-01 5.877710879e-02 4.763607681e-02 -7.187218964e-02 3.948865831e-02 -6.590440869e-02 9.296207130e-02 -5.580836535e-02 4.475075006e-02 4.035955667e-02 -7.189720869e-03 -6.861698627e-02 5.934302509e-02 3.238742054e-02
-5.806736648e-02 -1.733294129e-02 5.172017217e-02 -1.054463834e-01 1.830337942e-02 2.658560872e-02 -1.225172728e-01 1.802600920e-02 -9.793099761e-02 -1.120896041e-01 1.097437292e-01 6.425911188e-02 8.948375285e-02 1.113289744e-01 -6.732653081e-02 -5.337449908e-02 -1.490116119e-05
5.021277070e-02 1.286022365e-02 -1.144641638e-02 1.249046326e-01 -6.098265946e-02 5.709221959e-02 5.165576935e-02 -6.047621369e-02 7.113367319e-02 8.612288535e-02 -2.470353246e-02 -8.456005156e-02 7.682009041e-02 9.454847872e-02 4.695650935e-02 1.544050872e-02 6.098642945e-02
3.842082620e-02 -3.855456412e-02 -9.208491445e-02 -5.460789800e-02 4.420433939e-02 -5.059590936e-02 4.770308733e-02 -6.488910317e-02 -9.411641955e-02 8.864825964e-02 -7.903413475e-02 3.824894130e-02 1.059198081e-01 7.308557630e-03 7.811236382e-02 -3.305856884e-02 -1.078061610e-01
-5.977840722e-02 -3.846560419e-02 -7.267794013e-02 -7.513825595e-02 5.491279066e-02 1.159527898e-01 7.972727716e-02 4.200913012e-02 -9.935817122e-02 -2.075269818e-02 4.598201811e-02 1.099418402e-01 -6.115362048e-02 7.406723499e-02 7.180961967e-02 -2.726857364e-02 -1.145932674e-01
5.761995912e-02 6.391333044e-02 -9.916388988e-02 9.738439322e-02 -7.405102253e-03 -9.381051362e-02 1.084764302e-02 7.015337050e-02 4.537984729e-03 -9.676073492e-02 -6.721025705e-02 7.364864647e-02 5.344054103e-02 8.002705872e-02 4.599279165e-02 8.095964789e-02 -2.734199166e-02
5.819222331e-02 3.492449224e-02 2.174252272e-02 1.114587784e-01 -4.886281490e-02 9.513266385e-02 -4.890024662e-02 1.002622694e-01 -2.058729529e-02 9.409976006e-02 -4.096636176e-02 1.023745537e-02 1.094739139e-01 -1.090094447e-02 -1.027049124e-02 -5.260822177e-02 8.959147334e-02
6.576938927e-02 -2.757470310e-02 -3.333096206e-02 1.115574092e-01 7.583884895e-02 1.012977362e-01 -6.587453187e-02 -4.720272124e-02 -8.193418384e-02 -9.223473072e-02 -1.378692687e-02 -5.016714334e-03 -6.295558810e-02 -3.894560039e-02 1.044870913e-02 -2.454483509e-02 -9.647494555e-02
1.028059870e-01 -4.172304273e-02 2.146700025e-02 5.980865657e-02 -1.146651506e-01 -1.619255543e-02 -9.607350826e-02 1.089868098e-01 -5.720223486e-02 8.543162048e-02 7.926106453e-03 -5.317106843e-02 5.030879378e-02 -9.976877272e-02 -4.547677934e-02 -1.524861157e-02 1.205864847e-01
-1.090102345e-01 4.636856914e-02 1.236220300e-01 -2.708597481e-02 -6.645137072e-02 -8.206875622e-02 -2.538599074e-02 1.013703048e-01 -7.925821841e-02 1.191348732e-01 -9.856405854e-02 1.029698998e-01 7.288068533e-03 -3.533339500e-02 -1.018165648e-01 -6.209662557e-02 -7.883949578e-02
-1.099670678e-01 -4.188823700e-02 9.187693894e-02 -1.109103709e-01 9.847584367e-02 3.298206627e-02 6.976436079e-02 -1.421359181e-02 -5.949357152e-02 5.621074140e-02 9.142281115e-02 3.533190489e-02 6.052587926e-02 1.249746829e-01 2.298799157e-02 -6.221507490e-02 6.650182605e-02
-6.792636216e-02 1.056984961e-01 2.017666399e-02 5.755820870e-02 1.920403540e-02 1.062191725e-01 6.692114472e-02 8.567738533e-02 -5.943198502e-02 2.211017907e-02 8.586321771e-02 8.771876991e-02 -4.061958194e-02 9.460233152e-02 -1.137737185e-01 9.597039223e-02 -4.999499023e-02
-8.616533875e-02 1.047740132e-01 -1.685306430e-03 -4.887631536e-02 6.584231555e-02 8.932687342e-02 1.492893696e-02 -8.954010904e-02 -5.597785115e-02 -6.876410544e-02 4.454378784e-02 -1.173697263e-01 -6.712906063e-02 -1.205040514e-01 -1.232221723e-03 1.133087128e-01 4.014199972e-02
1.289947331e-02 5.775240064e-02 -7.993009686e-02 -2.791064978e-02 9.760887921e-02 -1.046864390e-01 -1.221484393e-01 -4.114726186e-02 -1.120326072e-01 -2.638605237e-02 8.298560977e-02 -1.433208585e-03 3.259345889e-02 1.696978509e-02 -8.591262996e-02 -6.280681491e-02 1.462966204e-02
1.093045473e-01 -9.153340757e-02 8.222664893e-02 -7.647271454e-02 -1.082088202e-01 2.357476950e-02 8.924625814e-02 1.942205429e-02 7.627895474e-02 9.355068207e-03 -1.741884649e-02 2.996402979e-02 3.057287633e-02 -3.304213285e-02 2.893345058e-02 7.672190666e-03 -1.127374023e-01
9.177075326e-02 -1.166846305e-01 4.003570974e-02 -9.758505225e-02 -2.418698370e-02 5.732485652e-02 4.549127817e-02 9.500220418e-02 -4.620654881e-02 3.839017451e-02 5.584773421e-02 -1.156597137e-01 -7.245650887e-02 6.487292051e-02 2.199356258e-02 -2.060429752e-02 -3.270080686e-02
4.945804179e-02 8.777941763e-02 9.273777902e-02 7.053723931e-02 3.505644202e-02 -9.766989946e-02 7.196445763e-02 -5.456914008e-02 7.146646082e-02 -8.747240901e-02 4.093198478e-02 -3.561869264e-03 9.049448371e-02 1.364944875e-02 6.163266301e-02 -1.165307909e-01 3.770011663e-02
-1.229151338e-01 -1.143327057e-01 -1.240862757e-01 -9.017528594e-02 -5.211485922e-02 3.226654232e-02 1.650288701e-02 -3.682652116e-02 4.626955092e-02 -1.156968027e-01 1.131606698e-01 -6.683696806e-02 -5.224460363e-02 4.293441772e-03 -4.787953198e-02 4.635488987e-02 -1.242867112e-02
6.079000235e-02 -1.865330338e-02 -4.804494977e-02 1.689495146e-02 4.777117074e-02 6.740052998e-02 2.639740705e-04 7.734027505e-02 -6.618976593e-02 -3.261235356e-02 -1.244213432e-01 -9.460605681e-02 -1.071516573e-01 -8.540229499e-02 4.141278565e-02 -7.294230163e-02 -1.216788739e-01
-1.165678203e-01 -1.032284945e-01 3.511898220e-02 -4.540415108e-02 4.156112671e-03 5.136074126e-02 1.016369015e-01 -7.710672915e-02 8.995373547e-02 5.693869293e-02 -5.823522806e-04 -4.685622454e-02 3.648921847e-02 3.062620759e-03 4.497811198e-02 -1.042819619e-01 -5.039277673e-02
-1.517657936e-02 -1.215552688e-01 -8.891610801e-02 3.548565507e-02 -1.144279242e-01 7.128189504e-02 1.150602549e-01 -2.883270383e-03 -2.285692096e-02 -1.359562576e-02 -4.072362185e-02 1.199327856e-01 -6.999263167e-02 -9.472349286e-02 -5.209454894e-02 -1.429086924e-02 -7.300950587e-02
-3.155437112e-02 -3.869126737e-02 1.027462780e-01 -5.506385863e-02 1.130303741e-02 -5.045950413e-03 -1.272158325e-02 -9.151750803e-02 4.627758265e-02 8.072727919e-02 -2.703934908e-03 -2.937290072e-02 4.421751201e-02 4.604846239e-03 -1.543273032e-02 3.505605459e-02 6.352092326e-02
5.844691396e-02 -6.603516638e-02 3.132952750e-02 -5.255603790e-02 2.477213740e-02 -4.446178675e-02 -2.536505461e-03 3.378242254e-02 -4.869237542e-03 -1.047350019e-01 -9.034116566e-02 -3.856901824e-02 -7.594831288e-02 -1.180403531e-01 -9.631384909e-02 -5.286030471e-02 -7.899464667e-02
6.036914885e-02 5.192056298e-02 -1.208986640e-01 -8.169859648e-03 -1.158474386e-02 1.420095563e-03 6.179517508e-02 -5.073599517e-02 1.238167137e-01 6.894633174e-02 -1.218765080e-01 2.165327966e-02 5.899550021e-02 -7.367998362e-03 3.652536869e-02 -1.037648320e-02 6.369018555e-02
-8.776478469e-02 1.526227593e-02 1.182669252e-01 7.399693131e-02 -1.187322885e-01 6.429755688e-02 1.601421833e-02 -3.722053766e-02 7.962986827e-02 7.890014350e-02 6.709657609e-02 -8.255647123e-02 -9.063474834e-02 1.843315363e-02 1.056517810e-01 -6.483021379e-02 8.510929346e-02
1.748129725e-03 -2.637958527e-02 -7.065956295e-02 7.478173077e-02 4.570466280e-02 -1.094828546e-01 8.761328459e-02 -5.127401650e-02 -1.115392148e-01 9.740918875e-03 9.817504883e-02 1.118482351e-01 -6.892377138e-02 3.234945238e-02 4.669132829e-02 6.482408941e-02 -8.737857640e-02
-1.106054187e-01 -7.577976584e-02 -1.564738154e-02 -6.677117944e-02 8.312490582e-02 -1.176711172e-01 8.077356219e-02 -3.357267380e-02 9.416525066e-02 -1.188516766e-01 -1.222574711e-02 -8.423186839e-02 -1.221759915e-01 5.170159042e-02 1.092046797e-01 -4.550099373e-02 -4.360450804e-02
-5.638417602e-02 -1.110315323e-01 8.994689584e-02 2.094700933e-03 -1.024387777e-02 5.525933206e-02 -3.221109509e-03 -3.722350299e-02 -1.010232270e-01 -4.727436602e-02 6.738080084e-02 5.133797228e-02 5.999721587e-02 -8.256232738e-02 -1.203998476e-01 -2.218402922e-02 -1.104826480e-01
2.353367209e-02 5.804811418e-02 5.707435310e-02 -9.690973163e-02 2.809560299e-02 7.707634568e-02 -3.137928247e-02 1.176159084e-01 7.055589557e-02 -8.587463200e-02 2.864772081e-02 1.054827869e-01 -4.126301408e-02 4.305176437e-02 1.386855543e-02 4.886280000e-02 -1.610606909e-02
-9.505847096e-02 1.625342667e-02 6.434953213e-02 -4.002450407e-02 4.417178035e-02 2.562776208e-03 -6.474088132e-02 -8.077535033e-02 -6.453457475e-02 8.205299079e-02 1.043820381e-02 5.352853239e-02 2.712646127e-02 -6.446258724e-02 1.727133989e-03 -2.856999636e-03 4.136236012e-02
-1.137496829e-01 -5.759525299e-02 7.833142579e-02 -1.108719707e-01 2.238376439e-02 6.918720901e-02 5.220013857e-02 5.053630471e-02 4.285356402e-02 -5.949012935e-02 1.804193854e-02 6.068520248e-02 -8.894711733e-02 1.037117839e-01 -6.266021729e-02 2.770423889e-04 -1.663151383e-02
-2.477705479e-03 1.246061921e-01 5.334615707e-04 1.000933349e-01 -9.089869261e-02 -1.955735683e-02 -1.208477318e-01 -7.064718008e-02 9.950080514e-02 -7.098823786e-02 7.340665162e-02 -6.267333031e-02 1.026681066e-01 -1.252722740e-02 -2.892382443e-02 1.165135503e-01 -2.036844194e-02
8.980782330e-02 2.250096202e-02 9.391906857e-02 -4.189947248e-02 -9.775295854e-03 -4.962266982e-02 -7.075460255e-02 -1.085109860e-01 -1.609168947e-02 1.226728410e-01 1.839365065e-02 4.567389190e-02 -2.832128108e-02 -1.450361311e-02 8.847169578e-02 -1.105071008e-01 -4.089206457e-03
-9.769360721e-02 -6.940174103e-02 9.128794074e-02 6.399497390e-02 -7.283909619e-02 5.096241832e-02 7.603371143e-02 -7.311709225e-02 5.677933991e-02 -1.027274728e-01 -2.325934172e-02 1.983833313e-02 -9.583458304e-03 -5.566285551e-02 -8.583050966e-02 -3.092890978e-02 -6.774951518e-02
-8.459968865e-02 3.486208618e-02 3.881610930e-02 -9.972748160e-02 -5.115137994e-02 -7.153803110e-02 -5.386959016e-02 1.094311476e-02 -7.468195260e-02 1.215981990e-01 3.737524152e-02 4.845324159e-02 3.521139920e-02 -8.249193430e-02 -2.702802420e-03 -1.082289815e-01 -6.752939522e-02
5.367621779e-02 -9.701238573e-02 1.095544845e-01 5.259057879e-02 7.855489850e-03 3.558918834e-03 -4.312925041e-02 2.109126747e-02 5.171562731e-02 -5.032071471e-02 -6.122416258e-02 -3.064413369e-02 -5.208332837e-02 -9.678465128e-02 -9.486244619e-02 -4.210227728e-02 8.302849531e-02
8.318667114e-02 -5.336207151e-02 1.182961166e-01 -6.287872791e-02 5.603671074e-03 1.169052124e-01 2.689976990e-02 -6.196983159e-02 2.788333595e-02 -1.051696390e-01 4.065467417e-02 -9.670241177e-02 9.379269183e-02 -3.833708167e-02 -5.382463336e-03 -2.349267900e-02 -1.147704870e-01
1.078440845e-01 7.126109302e-02 8.986686170e-02 1.131505817e-01 1.203904599e-01 1.141511500e-01 5.303774774e-02 3.765127063e-02 -1.164157391e-01 3.604368865e-02 4.594951868e-03 -1.635009050e-02 1.567277312e-02 -3.639943898e-02 1.172292382e-01 -1.345469058e-02 -1.169015467e-01
2.834925056e-02 1.140932888e-01 -7.609483600e-02 -1.476842165e-02 -1.273919642e-02 -1.164637655e-01 4.204228520e-02 -8.264410496e-02 -3.256247938e-02 -4.137739539e-02 7.274553180e-02 -1.142046452e-01 2.651524544e-02 7.741710544e-02 5.518604815e-02 -6.162041426e-02 2.588881552e-02
4.328560829e-02 1.068761647e-01 4.656943679e-02 7.174223661e-03 -7.579517365e-02 5.176521838e-02 1.902516186e-02 1.039329767e-01 1.128143668e-01 7.984073460e-02 1.640844345e-02 -7.664757967e-02 1.181406379e-01 -9.959110618e-02 -1.047909260e-02 -5.285724998e-02 8.003608882e-02
1.035965979e-01 -8.392485976e-02 4.268537462e-02 9.900099039e-02 -8.551043272e-02 -5.775840580e-02 -1.026047915e-01 -4.243344069e-02 -5.619519949e-02 8.722713590e-02 1.415103674e-02 -5.860745907e-02 -9.202678502e-02 2.325195074e-02 2.248097956e-02 -6.681057811e-02 3.141160309e-02
-8.593489230e-02 -1.205848157e-01 -7.502269745e-02 -1.138562113e-01 7.936646044e-02 1.195860654e-01 1.041931361e-01 -6.541535258e-02 -1.969337463e-03 -6.998628378e-02 -4.478724301e-02 3.530374169e-02 1.052460521e-01 4.317420721e-02 1.509219408e-02 -2.540338039e-02 5.274589360e-02
-1.649326086e-02 -1.036004573e-01 9.895667434e-03 1.062035114e-01 8.749181032e-02 -1.050047576e-02 -7.989069819e-02 -4.898513854e-02 -4.422232509e-03 -5.059757829e-02 -5.622215569e-02 7.146422565e-02 -1.138678938e-01 -1.395273209e-02 9.776793420e-02 4.356503487e-02 -1.240003109e-02
9.327353537e-02 -7.254913449e-02 1.266933978e-02 1.232326031e-01 3.050059080e-03 -1.159047484e-01 -9.370520711e-02 -1.097087264e-01 -6.544263661e-02 4.019542038e-02 -5.806094408e-02 5.723059177e-03 -1.227244437e-01 -2.427801490e-02 4.872886837e-02 5.255353451e-02 1.051529646e-01
5.763703585e-02 -9.352804720e-02 7.577204704e-02 -8.909811080e-02 -2.076484263e-02 6.450688839e-02 1.014741063e-01 1.784871519e-02 5.049867928e-02 6.956633925e-02 1.231754720e-01 9.323316813e-02 -4.616680741e-02 3.916895390e-02 -1.129237115e-01 -3.295429051e-02 4.024358094e-02
7.240477204e-02 7.804962993e-02 1.439815760e-02 -1.889987290e-02 9.054377675e-02 9.446527064e-02 -4.687234759e-02 1.772138476e-02 -2.137769759e-02 6.007727981e-02 -8.157114685e-02 -7.666055858e-02 -2.434198558e-02 1.033849269e-01 2.553784847e-02 4.116283357e-02 4.749238491e-02
1.185880899e-01 -6.033509970e-02 -7.203847170e-03 5.038928986e-02 1.110498607e-02 1.025257409e-01 -1.106732786e-01 -2.503031492e-02 -8.121545613e-02 2.876780927e-02 5.344329774e-02 -7.194681466e-02 1.089354008e-01 1.345600188e-02 -1.143432856e-01 -1.203712076e-01 4.063591361e-02
3.192070127e-02 -7.934513688e-02 4.469841719e-02 8.121316135e-02 9.350776672e-02 -1.730273664e-02 -4.061345756e-02 4.503037035e-02 -6.979703903e-02 -1.135793030e-01 -2.983276546e-02 1.500125229e-02 3.773859143e-02 9.770961106e-02 -1.780429482e-02 -7.797241211e-02 2.077966928e-03
3.479044139e-02 1.162040681e-01 8.428159356e-02 -1.137257516e-01 2.468773723e-02 6.746837497e-02 -4.202561080e-02 5.855338275e-02 -9.161502123e-03 -5.171853304e-02 -5.371196568e-02 7.146510482e-02 1.037814319e-01 1.099896282e-01 2.033600211e-02 -3.720492125e-03 7.651574910e-02
9.884320199e-02 -9.062111378e-03 -3.608532250e-02 -7.788899541e-02 5.446411669e-02 -1.086292267e-01 4.406239092e-02 -1.058101654e-01 1.177116185e-01 -1.182787269e-01 -7.450880110e-02 -1.771265268e-02 -3.227074444e-02 -2.039298415e-02 -6.799739599e-02 -2.047573030e-02 -8.366489410e-02
cell.weight_hh 192 64
-1.203682572e-01 -1.199256778e-01 9.942680597e-02 3.039871156e-02 1.134373099e-01 1.539696753e-02 -4.136510193e-02 -1.802977920e-02 -1.185141951e-01 1.139344126e-01 8.118370175e-02 -5.382315814e-02 3.252956271e-02 8.021539450e-02 -5.783466995e-02 -7.581523061e-02 -8.286373317e-02 -1.221527606e-01 1.224068105e-01 2.183258533e-03 -1.664511859e-02 1.113885641e-02 -9.293240309e-02 9.493988752e-02 -1.210996658e-01 9.740316868e-02 -7.906545699e-02 5.405446887e-02 -2.736300230e-04 -1.202586889e-01 1.037543118e-01 7.381680608e-02 3.267705441e-02 5.778422952e-02 -1.162298024e-01 3.169551492e-02 4.858802259e-02 8.257518709e-02 -1.230491251e-01 -1.757606864e-03 9.644600749e-02 -9.235335886e-02 -7.992744446e-02 1.139761806e-01 2.642330527e-02 -2.592368424e-02 -6.904123724e-02 2.037414908e-02 1.752245426e-02 1.021499187e-01 -2.610337734e-02 5.256073177e-02 6.407964230e-02 4.159687459e-02 -8.174093068e-02 4.587611556e-02 -1.932834089e-02 -8.444662392e-02 -4.506072402e-02 -3.379613161e-02 -2.340190113e-02 -9.722813964e-03 9.954677522e-02 5.765403807e-02
4.104091227e-02 5.986255407e-02 1.083056331e-01 -8.650651574e-02 -2.410776913e-02 -9.278865159e-02 -6.253460050e-02 5.214503407e-02 1.032817811e-01 4.339353740e-02 -2.888908982e-02 -5.785402656e-02 -8.356866241e-02 3.011660278e-02 -1.005579382e-01 1.001825631e-01 -5.934700370e-03 1.286983490e-02 -6.404128671e-02 -5.225765705e-02 4.121288657e-02 2.356880903e-02 6.238840520e-02 8.144718409e-02 -8.367501199e-02 1.135544330e-01 7.443919778e-03 -1.039091051e-01 7.095418870e-02 -7.049259543e-02 9.609827399e-02 -6.003968418e-02 -5.376906693e-02 5.176502466e-02 1.193159074e-01 -9.125649929e-02 5.277597904e-02 -9.898783267e-02 1.029252708e-01 -4.035562277e-03 7.067379355e-02 -7.611578703e-02 3.763006628e-02 1.008312851e-01 6.858628988e-02 8.626903594e-02 8.738194406e-02 -2.857311070e-02 -1.034711450e-01 1.477833092e-02 -9.654721618e-02 -1.220064759e-01 5.224527419e-02 9.032900631e-02 2.743346989e-02 -1.077295095e-01 9.355038404e-03 9.252299368e-02 1.648096740e-02 -9.880925715e-02 -2.537260950e-02 -8.630967140e-02 7.715731859e-03 -6.004418433e-02
-1.189062744e-01 3.289647400e-02 -3.367926180e-02 -1.146138310e-01 1.105114520e-01 -3.420406580e-02 -1.075668186e-01 4.383459687e-02 1.034870148e-01 -6.149409711e-02 -1.060675383e-01 -1.438222826e-02 1.216932982e-01 1.234880090e-01 4.963248968e-02 -2.915625274e-02 7.556581497e-02 7.985830307e-03 1.528345048e-02 2.503395081e-02 -5.873019993e-02 -5.302511156e-02 -6.713804603e-02 -3.996276855e-02 2.285753191e-02 6.428450346e-03 2.641725540e-02 1.088904887e-01 1.051275432e-02 7.020814717e-02 -1.865229011e-02 -9.113889933e-02 5.982740223e-02 1.210616678e-01 7.450067997e-02 8.121788502e-03 -2.293193340e-02 -1.101125330e-01 9.621259570e-02 8.992671967e-02 2.585721016e-02 -1.049821079e-02 5.674672127e-02 -7.747764885e-02 7.933448255e-02 -1.010378152e-01 1.231753826e-01 -6.306631863e-02 -6.398291886e-02 1.268532872e-02 -3.629219532e-02 3.301414847e-02 -7.709594071e-02 -3.951531649e-02 4.361450672e-03 -3.968188167e-02 -3.377084434e-02 -9.515434504e-04 2.746568620e-02 6.622339785e-02 7.258528471e-02 7.162943482e-02 -5.949367583e-02 -8.137397468e-02
-4.509969056e-02 -1.106345803e-01 -9.939144552e-02 6.221474707e-02 -7.539258897e-02 -4.834070802e-03 7.078059018e-02 9.888440371e-02 3.857852519e-02 -2.510404587e-02 -3.460671008e-02 8.893971145e-02 -5.112798512e-02 7.010133564e-02 6.416103244e-02 -5.600033700e-02 3.402382135e-04 4.521249235e-02 -9.802065790e-02 6.559726596e-02 6.189291179e-02 -1.089861244e-01 1.120866686e-01 1.145359725e-01 7.313922048e-02 5.668529868e-02 8.300034702e-02 6.864339113e-03 9.631812572e-03 -6.445050240e-04 -1.084869802e-01 -2.232201397e-02 7.391330600e-02 -3.933683038e-03 -1.233091354e-01 4.011075199e-02 3.755204380e-02 4.685233533e-02 4.812489450e-02 5.676391721e-02 6.544384360e-02 4.169555008e-02 -6.896507740e-02 -5.737137794e-02 8.891838789e-02 5.215810239e-02 -1.342129707e-02 8.554437757e-02 -3.323754668e-02 -4.495574534e-02 -3.876399994e-02 1.000860929e-01 -8.307595551e-02 4.418101907e-02 -2.993330359e-03 -3.587773442e-02 -1.057695895e-01 7.714912295e-02 4.634228349e-02 7.439957559e-02 9.879055619e-02 -9.771233797e-02 7.227189839e-02 2.311448753e-02
-3.453722596e-02 -1.049486101e-01 9.018787742e-02 1.397804916e-02 7.844009995e-02 -3.296086192e-02 -1.902922988e-03 9.595590830e-02 -4.315598309e-02 -4.037746787e-02 -3.067608178e-02 -8.738942444e-02 8.210037649e-02 6.358265877e-03 1.819285750e-02 7.401685417e-02 -1.028039455e-01 -1.055094749e-01 -1.069626361e-01 3.658698499e-02 -3.501415253e-02 8.958028257e-02 8.263295889e-02 -7.877245545e-02 1.518651843e-02 -8.473213017e-02 4.773196578e-02 1.221874356e-02 2.266389132e-02 1.905009151e-02 7.900148630e-04 -1.060739309e-01 -8.878096938e-03 5.590599775e-02 -6.865987182e-02 1.216016710e-01 9.332582355e-03 -3.477215767e-02 -6.607666612e-03 -5.862365663e-02 7.285714149e-03 -2.674213052e-02 -1.849812269e-02 1.131335944e-01 7.757131755e-02 -3.512069583e-03 -9.906958044e-02 -1.113451570e-01 -1.040484011e-01 -2.285405993e-02 -1.210573316e-01 7.605315745e-02 -1.110813618e-01 1.728327572e-02 1.046101749e-01 8.851344883e-02 4.900443554e-02 1.643268764e-02 5.051559210e-02 1.049923450e-01 -1.170177162e-01 2.309222519e-02 -7.606461644e-02 1.086774170e-01
6.368342042e-02 -8.315680921e-02 -5.388909578e-02 2.498753369e-02 -2.984696627e-02 -1.076037884e-01 -5.757774413e-02 6.432643533e-02 -1.019549370e-02 1.094181836e-02 -1.184373945e-01 -7.467623055e-02 5.948594213e-02 4.315029085e-02 -9.061980247e-02 -6.356269121e-02 -6.380224228e-02 1.061945111e-01 -1.104989946e-01 3.157825768e-02 1.605650783e-02 8.105711639e-02 4.905666411e-02 -1.092789769e-01 -1.126322895e-01 6.326545775e-02 -1.228648424e-01 -8.553376794e-02 -7.617948949e-02 -1.115951836e-01 5.652998388e-02 1.025450081e-01 -8.214713633e-02 -1.150324941e-02 -4.949471354e-02 -3.834530711e-03 1.696014404e-02 2.111434937e-02 -1.109007299e-01 3.675484657e-02 -1.637661457e-02 4.219834507e-02 -1.002741456e-01 -1.083685011e-01 -7.638135552e-02 6.519302726e-03 1.191186756e-01 1.216402799e-01 -4.398627579e-02 -2.345874906e-02 -9.183889627e-02 -5.488176644e-02 3.067883849e-02 -7.015533745e-02 -7.998059690e-02 1.191300005e-01 -7.518935204e-02 -1.241775602e-01 1.062087417e-01 1.101146042e-01 4.701504111e-02 -1.698051393e-02 -7.199166715e-02 1.684349775e-02
3.088355064e-03 -6.148895621e-02 1.119325459e-01 -5.860361457e-02 -1.185108125e-01 2.294914424e-02 -3.127232194e-03 9.500490129e-02 7.320553064e-02 1.638352871e-03 -3.651097417e-02 1.434111595e-02 -3.943321109e-02 1.018009186e-01 4.493717849e-02 3.126809001e-02 -9.663245082e-02 1.221889853e-01 -5.760957301e-02 8.782576025e-02 -6.715625525e-03 1.184322983e-01 -2.796065807e-02 1.646950841e-03 -6.123511493e-02 3.531526029e-02 -1.041017324e-01 9.622308612e-02 1.144775152e-01 -6.109878421e-02 1.056638062e-01 9.184239805e-02 1.112517416e-01 -1.232320219e-01 -9.924383461e-02 -1.240027100e-01 3.232711554e-02 -4.864580929e-02 2.154091001e-02 7.975482941e-02 4.581317306e-02 4.765093327e-04 4.382298887e-02 -3.732232749e-02 1.143318415e-02 -9.714506567e-02 -7.307374477e-02 9.232109785e-02 -7.743693888e-02 1.043373793e-01 7.070328295e-02 2.887487411e-02 3.487241268e-02 1.064786911e-01 -7.609324157e-02 -7.078650594e-02 1.566301286e-02 -9.434348345e-02 -7.554289699e-02 -3.578439355e-03 7.643106580e-02 -8.355742693e-02 -4.524737597e-02 -7.697579265e-02
9.854915738e-02 -1.045730561e-01 -2.678081393e-03 9.710991383e-02 1.089554429e-01 -2.015276253e-02 -8.809076250e-02 -2.787642181e-02 1.038904190e-01 -1.760426164e-02 9.576393664e-02 9.949526191e-02 5.543364584e-02 -6.969411671e-02 -7.893918455e-02 -5.583672225e-02 -1.088305414e-01 -1.125756800e-01 4.649867117e-02 -8.886542916e-02 -1.838508248e-02 3.053443134e-02 6.895367801e-02 1.025153100e-01 -1.094769835e-01 -5.434182286e-02 -7.900035381e-02 2.433484793e-02 -1.149957329e-01 5.382566154e-02 4.474091530e-02 -6.589555740e-02 1.014532447e-01 -3.954681754e-02 1.182812750e-01 1.196007282e-01 -8.765105903e-02 1.177927107e-01 9.089617431e-02 -8.646605909e-02 -1.016523391e-01 -6.872113049e-02 1.120671332e-01 1.119686812e-01 6.412705779e-02 1.096664965e-01 -6.725302339e-02 3.292731941e-02 -6.481224298e-02 -5.075012147e-02 3.780670464e-02 -7.992976904e-02 6.083163619e-02 4.995018244e-04 -1.009880900e-01 -4.168532789e-02 -3.992040455e-02 1.905758679e-02 5.757288635e-02 -7.408502698e-02 -7.376143336e-02 -5.177518725e-02 6.651285291e-02 7.434046268e-02
-1.222169399e-01 5.585187674e-02 6.098577380e-02 5.555965006e-02 1.140564233e-01 -2.695626020e-02 8.474704623e-02 -2.167773247e-02 9.799274802e-02 7.745501399e-02 9.733736515e-04 6.099149585e-02 -8.165189624e-02 6.901390851e-02 -7.110966742e-02 -6.788359582e-02 -4.620668292e-02 9.265412390e-02 -8.713291585e-02 9.154905379e-02 6.573869288e-02 1.097861528e-01 -3.730194271e-02 6.181448698e-03 -1.149056554e-01 1.146949977e-01 7.387489080e-03 6.887440383e-02 3.016369045e-02 -7.179653645e-02 -6.959600747e-02 -1.960493624e-02 -4.828178883e-02 2.030102909e-02 -1.429672539e-02 4.725997150e-02 -1.148885489e-02 -3.080293536e-02 2.259266376e-02 1.029983163e-01 -9.014649689e-02 5.194933712e-02 -9.861065447e-02 9.223963320e-02 4.421791434e-02 -1.048056334e-01 1.061486453e-01 7.532218099e-02 1.077875346e-01 1.163588464e-02 -1.003814638e-01 2.807617188e-02 5.695486069e-02 4.858791828e-02 8.243273199e-02 -4.278668761e-02 -3.951920569e-02 -1.891431212e-02 -1.248155236e-01 1.146981567e-01 1.218609065e-01 1.195259392e-02 8.138954639e-03 -7.104970515e-02
-8.529131114e-02 8.281160891e-02 6.400847435e-02 2.457976341e-03 3.787165880e-02 -1.780599356e-02 6.401842833e-02 -1.215513498e-01 -1.145399511e-01 -4.956734180e-02 7.901385427e-03 1.233681738e-01 -6.676466763e-02 -8.295202255e-02 -6.348854303e-02 2.415597439e-03 7.163733244e-04 -8.489359915e-02 -2.671901882e-02 -1.827643812e-02 -1.005003005e-01 -4.628895223e-02 -1.224102378e-01 -1.185427159e-01 8.952857554e-02 6.645442545e-02 9.188088775e-02 1.059195399e-02 -1.247638762e-01 9.052793682e-02 8.688947558e-02 -1.120438427e-01 -4.721125960e-02 -3.871197999e-02 -2.887214720e-02 5.684596300e-02 -4.317183793e-02 -2.314820886e-02 7.416255772e-02 5.624027550e-02 -3.980781138e-02 3.461818397e-02 9.260104597e-02 -4.744999111e-02 -9.020984173e-03 -1.237323135e-01 6.599196792e-02 5.954693258e-02 1.017168015e-01 1.186574697e-01 6.658682227e-02 1.230000407e-01 8.895517886e-02 -9.621246159e-02 -3.184226155e-02 -1.144284606e-01 6.019751728e-02 7.182241976e-02 -5.000047386e-02 -6.194797158e-02 1.146344990e-01 4.233971238e-03 -8.609285951e-02 2.752655745e-02
-1.193514615e-01 -1.179854125e-01 -7.251921296e-02 -1.073945165e-01 -6.355622411e-02 6.160813570e-02 7.474359870e-02 -4.386162758e-02 -6.418195367e-02 4.206719995e-02 6.253130734e-02 6.750942767e-02 -1.073900163e-01 6.871664524e-02 -7.254041731e-02 1.023380309e-01 -1.361453533e-02 4.904626310e-02 -6.797835231e-03 5.499094725e-02 -5.744993687e-02 -5.754877627e-02 9.365843236e-02 -7.397998869e-02 4.635027051e-02 6.751687825e-02 -1.913438737e-02 -5.053280294e-02 -3.485119343e-02 8.509200811e-02 -5.690811574e-02 -7.034859061e-02 -9.666630626e-02 -5.386026204e-02 -1.142099202e-01 1.986446977e-02 6.695179641e-02 -2.841921151e-02 3.658197820e-02 2.721709013e-02 7.193838060e-02 1.156496108e-01 9.717136621e-03 -6.503602862e-02 -3.331148624e-02 -1.969951391e-02 -4.567444324e-02 5.643650889e-03 -6.469854712e-02 5.966183543e-02 -9.948770702e-02 1.023922563e-01 -2.007289231e-02 -9.941190481e-02 3.246320784e-02 -1.215804666e-01 1.087028831e-01 5.984739959e-02 4.577031732e-02 -8.448225260e-02 5.303387344e-02 -1.070412695e-01 2.045840025e-03 7.653462887e-02
1.173885167e-02 -9.822404385e-02 -1.932418346e-02 -1.116842031e-01 -1.157930493e-02 -1.064490080e-01 4.142343998e-02 1.143434048e-01 -8.315987885e-02 -9.061972797e-02 8.101849258e-02 7.306918502e-02 -2.444139123e-02 7.901294529e-02 -2.834896743e-02 9.029388428e-02 -8.103871346e-02 -1.841513813e-02 5.413125455e-02 -3.076791763e-02 1.205565929e-01 9.081923962e-02 -8.510006964e-02 8.275447786e-02 -8.609956503e-02 2.805373073e-02 -1.185705513e-01 2.264995873e-02 4.937246442e-02 8.028770983e-02 -3.054042161e-02 -8.244428039e-02 -5.068677664e-02 9.133401513e-02 -1.312790811e-02 1.005223095e-01 2.415508032e-02 -1.228663921e-01 9.442211688e-02 -6.742976606e-02 8.041974902e-02 -2.303154767e-02 -5.197376013e-02 8.312526345e-02 -5.668550730e-04 -1.107277721e-01 1.168451011e-01 1.209882647e-01 -1.186000407e-01 4.125578701e-02 -1.924188435e-02 -6.174296141e-02 -7.119251788e-02 -1.197217256e-01 -9.376929700e-02 9.012773633e-02 -4.160702229e-02 -4.739120603e-03 1.971115172e-02 7.697150111e-02 -5.621823668e-02 -2.061907947e-02 -4.246036708e-02 3.276664019e-02
4.270985723e-03 1.228480488e-01 -3.619298339e-03 -9.312058985e-02 6.653669477e-02 7.009047270e-02 6.772220135e-03 -1.509100199e-03 7.845343649e-02 6.065458059e-03 -1.996487379e-03 7.093484700e-02 6.846490502e-02 1.170888543e-03 7.584533095e-02 3.964185715e-03 -5.362811685e-02 8.894231915e-02 8.203266561e-02 5.883321166e-02 -9.424492717e-03 2.636349201e-02 -9.594829381e-02 3.346438706e-02 2.826926112e-02 -5.058804154e-02 -9.684804082e-02 -1.070126891e-03 7.635350525e-02 -7.462552190e-02 7.189181447e-02 -4.166987538e-02 -4.454621673e-02 1.113007665e-01 -7.315932214e-02 1.048138440e-01 8.451443911e-02 1.697240770e-02 -5.120146275e-02 -1.924569905e-02 8.995866776e-02 -8.949536085e-02 1.174798757e-01 4.428847134e-02 -9.744928777e-02 7.320782542e-02 3.779849410e-02 -1.975326240e-02 -9.109477699e-02 1.224130094e-01 -8.850301802e-02 -7.561008632e-02 9.684711695e-04 -1.182742417e-02 -7.706199586e-02 7.905204594e-02 -3.348687291e-02 2.260404825e-02 -2.771390975e-02 -3.523284197e-02 -1.118166447e-01 1.053901315e-01 4.307356477e-02 1.132972687e-01
-9.323731065e-02 2.351190150e-02 -6.434996426e-02 -9.086725116e-02 -7.269024849e-03 5.693559349e-02 4.715663195e-02 -8.677937090e-02 -8.907985687e-02 1.181945652e-01 5.615587533e-02 -2.863423526e-02 1.162153184e-01 -6.823217869e-02 -5.632027984e-03 5.098119378e-02 -1.118299514e-01 9.677049518e-02 1.013586521e-01 -5.012747645e-02 2.607777715e-03 -6.505176425e-03 3.671242297e-02 -4.099524021e-02 -1.007357836e-01 1.110686362e-02 3.165051341e-02 -6.843164563e-02 9.250015020e-02 -1.685972512e-02 1.017141193e-01 -1.278483868e-02 -5.018427968e-02 -4.728987813e-03 9.112161398e-02 2.833795547e-02 1.058524549e-01 8.498024940e-02 -1.015924066e-01 7.962273061e-02 -5.698102713e-02 3.852874041e-02 -8.608081937e-02 4.998894036e-02 -1.885893941e-02 1.176187992e-01 1.233360320e-01 2.118244767e-02 -9.690868855e-02 -2.173566818e-02 5.435079336e-03 -3.440289199e-02 2.141149342e-02 -1.236006021e-01 8.408750594e-02 -7.974261045e-02 -7.334201038e-02 3.697615862e-02 7.741779089e-02 4.000590742e-02 -9.785439074e-02 1.243492961e-01 5.826586485e-02 1.018576473e-01
-9.562617540e-02 -7.269600034e-02 -8.416570723e-02 9.974370897e-02 -9.062843025e-02 1.047413647e-01 8.920580149e-04 3.693968058e-02 -1.994058490e-03 -1.084227860e-01 1.053200960e-01 -1.156353056e-01 -2.948567271e-02 1.117234379e-01 -6.081721187e-02 -5.046345294e-02 -4.637858272e-02 8.878850937e-02 -4.456324875e-02 -2.266606688e-02 8.795052767e-02 -1.081202924e-01 -1.840125024e-02 6.167213619e-02 -3.765197098e-02 1.029179841e-01 2.268682420e-02 5.199867487e-02 -8.912131190e-03 6.775179505e-02 -1.528063416e-02 -1.637141407e-02 -6.415759027e-02 2.663823962e-02 9.259589016e-02 9.661886096e-02 1.176102310e-01 3.015658259e-02 3.761379421e-02 1.560144126e-02 -9.919959307e-02 -3.157834709e-02 8.440545201e-02 3.761816025e-02 9.673452377e-02 3.925271332e-02 2.983173728e-02 -9.460106492e-03 -8.207216859e-02 3.523793817e-02 -2.484048903e-02 -6.968738139e-02 -4.603505135e-02 9.270700812e-02 -5.007806420e-02 -3.186145425e-02 -3.876045346e-03 -9.345483780e-02 2.119256556e-02 -3.641514480e-02 -4.728955030e-02 -9.232109785e-02 7.842464745e-02 1.183366477e-01
1.175833642e-01 1.074577123e-01 -1.471617818e-02 -4.928326607e-02 -1.086756587e-02 4.413183033e-02 -6.104317307e-02 -1.232458949e-01 -2.964811027e-02 1.172871888e-01 4.509429634e-02 8.955588937e-02 1.050351411e-01 2.141445875e-03 2.636972070e-02 -4.899786413e-02 -4.030600190e-02 -3.396373987e-02 -8.156090975e-02 -3.964352608e-02 -3.524310887e-02 -3.591272235e-02 -9.544087946e-02 -2.854426205e-02 9.907117486e-02 -2.721011639e-03 -3.306023777e-02 2.168387175e-02 8.324788511e-02 1.120460033e-01 1.103878766e-01 -6.995704770e-02 4.072175920e-02 -3.245800734e-02 -1.766182482e-02 -1.205420494e-02 -5.023403466e-02 -6.783324480e-02 -2.190685272e-02 -4.602967203e-02 -3.672018647e-03 4.269939661e-02 -3.263318539e-02 8.749674261e-02 -1.850835979e-02 1.130349487e-01 5.674405396e-02 2.969993651e-02 -5.381420255e-03 -1.794563234e-02 -3.843873739e-03 -6.603041291e-02 7.830366492e-02 -2.324581146e-05 -6.272552907e-02 -3.319770098e-02 -4.629091918e-02 -1.100794971e-01 -6.562861800e-02 -5.660136044e-02 1.156004220e-01 1.109225899e-01 6.652767956e-02 1.132985353e-01
-1.241553724e-01 -8.565644920e-02 6.063808501e-02 8.167910576e-02 -1.691341400e-03 5.994263291e-02 -8.700157702e-02 6.782034039e-02 3.692936897e-02 -7.449913025e-02 -5.422101915e-02 5.465090275e-02 -5.166806281e-02 -1.095395535e-01 -5.857129395e-02 4.704856873e-02 5.561804771e-02 2.215433121e-02 -1.225743294e-01 9.650251269e-02 1.210105717e-01 -8.149613440e-02 -5.525824428e-02 -2.971291542e-03 -2.769801021e-02 9.227967262e-02 -1.011236608e-01 -1.422801614e-02 9.936121106e-02 1.168214232e-01 8.333413303e-02 1.235501170e-01 -7.861870527e-02 2.924248576e-02 -4.386618733e-03 -5.376558006e-02 -9.624737501e-02 -7.711839676e-02 -3.060552478e-02 1.004832685e-01 1.247399896e-01 9.149529040e-02 3.983826935e-02 -5.922928452e-03 -7.292081416e-02 -6.326413155e-02 -7.482233644e-02 -1.825539768e-02 -1.247493923e-01 -1.027499586e-01 -4.854862392e-02 -1.176202595e-01 6.564442813e-02 -4.959067702e-02 8.944243193e-02 -6.592121720e-02 8.683638275e-02 6.737966835e-02 8.630235493e-02 1.750232279e-02 -8.561857045e-02 -2.538616955e-02 3.310105205e-02 -7.461035252e-02
9.931246936e-02 -2.955955267e-02 -1.119979620e-01 1.237418205e-01 -1.150717735e-01 1.168079674e-01 1.056862175e-01 8.700549603e-03 -4.474224150e-02 9.378941357e-02 1.212995052e-01 1.135541052e-01 -1.214813888e-01 4.762981832e-02 1.111956090e-01 -7.212933898e-02 -6.697931886e-02 -7.431179285e-02 -9.893357754e-02 -9.854957461e-02 -9.774899483e-02 -2.703016996e-02 -4.828339815e-02 7.484723628e-02 2.810879052e-02 -3.914713860e-03 -1.117549241e-01 4.984591901e-02 5.557334423e-02 1.022956520e-01 -1.057285517e-01 8.276122808e-02 4.423864186e-02 -2.503061295e-02 3.533594310e-02 -5.127386749e-02 7.374323905e-02 6.435638666e-02 -3.133948147e-02 -2.717468143e-02 -1.237517446e-01 7.477873564e-02 9.933789074e-02 1.098355651e-02 -1.094673723e-01 8.771474659e-02 -1.052335948e-01 1.001822203e-01 1.162147522e-01 -1.159804910e-01 1.201468259e-01 -1.198831499e-01 -4.338020086e-02 -3.414325416e-02 4.518148303e-02 8.907394111e-02 -2.969652414e-04 1.086358428e-01 8.642032743e-02 7.157127559e-02 1.894177496e-02 -3.781259060e-02 -3.391449153e-02 -7.226946950e-02
1.049683988e-01 -2.998939157e-02 -2.449405193e-02 -3.421902657e-03 6.854586303e-02 4.870244861e-02 7.526175678e-02 -8.156318963e-02 -1.120613664e-01 5.229730904e-02 2.504006028e-03 7.015889883e-02 9.791016579e-02 -2.246698737e-02 -1.210210025e-01 -8.436134458e-02 -1.060442328e-01 -5.402617157e-02 1.065671742e-01 -9.171389043e-02 -5.615271628e-02 -7.204501331e-02 -1.062813699e-01 -8.716128767e-02 2.884344757e-02 8.911643922e-02 -3.795331717e-02 5.477137864e-02 -1.186857074e-01 -1.738372445e-02 -9.935729206e-02 -7.113762200e-02 7.020996511e-02 -9.317830205e-03 -1.194563508e-02 -1.171109080e-02 -8.556152880e-02 1.121167392e-01 -1.204530448e-01 -7.698544860e-02 1.672735810e-02 8.783780038e-02 2.607643604e-03 2.978944778e-02 -4.943525791e-02 -1.198897064e-01 4.276570678e-02 1.231090724e-02 -4.825702310e-02 6.663113832e-02 5.984079838e-02 1.649679244e-02 5.954043567e-02 -4.500560462e-02 3.610529006e-02 9.695613384e-02 4.710131884e-02 9.061053395e-03 2.798065543e-02 -1.380710304e-02 -1.102373004e-01 -6.746369600e-02 1.071999818e-01 -1.305207610e-02
1.224561483e-01 -5.097657442e-02 1.080791652e-01 5.705942214e-02 9.200821817e-02 1.171154231e-01 -3.334848583e-02 -1.217702031e-02 6.588391960e-02 2.600628138e-02 -6.505934894e-02 -7.287588716e-02 -5.357976258e-02 -9.077736735e-02 -1.065713614e-01 -1.284351945e-02 -2.278871834e-02 6.478506327e-02 -8.516383171e-02 -6.385491788e-02 -1.849880815e-02 7.669945061e-02 -6.522563100e-02 -7.663376629e-02 8.041259646e-02 -3.452055156e-02 -1.235462278e-01 -2.701549232e-02 1.991207898e-02 4.666799307e-02 -9.557668865e-02 -6.466230750e-02 -4.114493728e-03 -8.891820908e-04 -5.114358664e-02 1.397076249e-02 3.732194006e-02 -1.076361239e-01 -1.249950230e-01 2.000786364e-02 1.385232806e-02 1.036993563e-01 -8.406515419e-02 5.201712251e-03 -3.679782152e-03 2.273821831e-02 -7.195991278e-02 1.516549289e-02 4.545482993e-02 -1.219220459e-01 1.081171632e-02 -1.234509051e-01 -8.872126043e-02 -2.432473004e-02 1.015108228e-01 1.044677794e-01 8.448719978e-02 3.479981422e-02 -6.683778763e-02 -7.610774040e-02 -9.483616054e-02 7.162681222e-02 -2.307207882e-02 -4.314391315e-02
6.894260645e-02 -7.618089020e-02 -5.395913124e-02 2.922147512e-02 6.469282508e-02 -1.230854988e-01 4.393662512e-02 -3.768205643e-02 -4.691824317e-03 2.841301262e-02 -1.027466804e-01 1.284535229e-02 -1.051522642e-01 2.170911431e-02 -9.709829092e-02 -1.177278757e-01 5.014549196e-02 -1.091480106e-01 8.836184442e-02 4.173904657e-03 1.151286662e-01 -1.208876073e-02 4.919084907e-02 1.120451093e-02 1.165152639e-01 -6.743417680e-02 1.019614935e-02 -8.874900639e-02 5.871266127e-02 1.209086627e-01 -7.563434541e-02 -1.093476117e-01 3.777913749e-02 -9.182065725e-03 2.266083658e-02 -1.726619899e-02 5.600109696e-02 -2.318942547e-02 -6.323903799e-04 -4.618769884e-02 4.698307812e-02 3.456331789e-02 1.003819257e-01 7.571336627e-02 2.240514755e-02 -1.131765544e-02 -1.077802479e-02 -6.366017461e-02 9.794707596e-02 -8.421617746e-02 1.180905700e-01 -5.373486876e-02 -6.875336170e-02 2.303212881e-03 -3.199464083e-02 -8.933146298e-02 -2.851636708e-02 6.495076418e-02 2.993836999e-03 1.219284832e-01 3.328250349e-02 -7.838815451e-02 -9.157538414e-02 -6.028945744e-02
-7.879103720e-02 3.337967396e-02 -3.387244046e-02 -8.940254152e-02 8.134523034e-02 -1.107797921e-01 -5.163937807e-02 6.387515366e-02 4.842811823e-02 7.300600410e-02 2.122297883e-02 -1.103369445e-01 3.267091513e-02 -1.109517366e-01 -1.244869828e-01 1.215867698e-01 9.897217155e-03 -7.961545885e-02 1.226862669e-01 -5.221374333e-02 -9.982568026e-02 5.790640414e-02 1.042970270e-01 -5.910223722e-02 8.543477952e-02 -5.631805956e-02 -2.666659653e-02 7.416294515e-02 4.902735353e-02 9.553904831e-02 -4.110266268e-02 7.104773819e-02 7.695214450e-02 -5.137014389e-02 -1.158050001e-01 1.042865217e-02 4.510344565e-02 -1.052987725e-01 -1.059751362e-01 9.955735505e-02 4.509210587e-03 -8.441118896e-02 1.245468855e-01 1.078849435e-01 -4.854445159e-02 6.781578064e-03 -6.824402511e-02 3.805147111e-02 6.900463998e-02 8.891043067e-02 1.141548455e-01 1.883466542e-02 -9.204602242e-02 -1.196708977e-01 2.488355339e-02 5.715475976e-02 -7.438829541e-02 8.384257555e-03 -1.089034379e-01 4.186062515e-02 4.136005044e-02 -1.221066713e-01 -3.319960833e-02 -1.055065691e-01
-8.674933016e-02 -7.574877143e-02 8.300480247e-02 -5.724743009e-02 -7.523193955e-03 1.169879436e-01 -1.114635617e-01 6.262315810e-02 -1.213787496e-02 3.278508782e-03 8.842793107e-02 -1.177195311e-01 4.872365296e-02 6.264251471e-02 -2.177475393e-02 1.658894122e-02 8.809435368e-02 -8.405701816e-02 1.048611104e-01 -8.625918627e-02 6.516832113e-02 1.010153592e-01 4.013749957e-02 -1.070289314e-01 1.239773035e-01 2.802482247e-02 -3.652630746e-02 7.909116149e-02 8.540576696e-02 4.039080441e-02 -9.857994318e-02 2.251267433e-02 -5.850638449e-02 -7.064692676e-02 1.155866086e-01 -6.967072189e-02 -8.869183064e-02 -3.972312808e-02 1.233539581e-01 -4.185569286e-02 -9.749816358e-02 -6.775948405e-02 -7.245357335e-02 4.852280021e-02 5.442823470e-02 6.963019073e-02 4.147723317e-03 -1.020301282e-01 -8.437451720e-02 6.136459112e-02 -1.150754094e-01 2.371056378e-02 -8.363342285e-02 -1.437826455e-02 -4.064261913e-02 7.115605474e-02 1.600542665e-02 -9.213125706e-02 -8.194275200e-02 -1.002010703e-02 5.342847109e-02 -3.201131523e-02 -5.211049318e-02 -1.063880175e-01
3.427082300e-02 8.623756468e-02 4.099011421e-04 5.715489388e-03 -8.950516582e-02 -7.275976241e-02 -1.054804027e-01 -6.992936134e-03 -9.944568574e-02 -6.346353889e-02 3.071060777e-02 -8.272430301e-02 6.752069294e-02 9.713807702e-02 4.821392894e-02 6.703494489e-02 -7.989285886e-02 5.408251286e-02 1.777862012e-02 -2.000068128e-02 -1.405358315e-02 -6.863212585e-02 1.229251921e-02 -1.164708138e-01 -7.972171903e-02 3.643594682e-02 2.685102820e-02 -9.328320622e-03 -1.204774678e-01 -8.511166275e-02 -1.095347404e-01 1.171307564e-01 -9.218291938e-02 9.720316529e-02 3.135903180e-02 1.375040412e-02 3.641524911e-02 -8.925597370e-02 -4.929555953e-02 6.593255699e-02 -3.543661535e-02 -1.017774194e-01 5.834536254e-02 -5.345225334e-02 -7.917106152e-02 5.363468826e-02 7.270988822e-02 7.133038342e-02 9.685157239e-02 4.946935177e-02 -8.338312805e-02 5.653320253e-02 -5.683231354e-02 6.328284740e-03 8.038139343e-02 -7.313646376e-02 -9.936238825e-02 -1.133417934e-01 2.028857172e-02 4.844896495e-02 8.913359046e-02 1.157850325e-01 3.731854260e-02 1.126933694e-01
-2.151793242e-02 7.366259396e-02 -8.955307305e-02 -7.964955270e-02 4.617635906e-02 7.426084578e-02 1.877678931e-02 3.399929404e-02 8.350634575e-02 7.320256531e-02 6.218472123e-02 3.583349288e-02 -1.052906513e-01 2.088780701e-02 2.995091677e-02 8.300273120e-02 2.711310983e-02 -5.641175807e-02 4.758319259e-02 -5.018649995e-02 -6.197080016e-02 1.150725782e-01 -8.713889122e-02 1.185143590e-01 -3.272859752e-02 -4.030352831e-02 1.167968959e-01 2.063384652e-02 1.078240424e-01 1.192346662e-01 2.121038735e-02 -1.062558293e-01 -9.570442140e-02 -1.575331390e-02 -5.516631901e-02 1.408381760e-02 1.102314740e-01 -3.938862681e-02 -8.953404427e-02 8.609798551e-02 -1.063541770e-01 -1.100753844e-01 -6.679393351e-02 1.084678173e-01 -4.436029494e-02 1.186589748e-01 -5.948901176e-03 -6.539016962e-03 4.225343466e-03 -3.222627938e-02 -8.378991485e-02 -1.292289793e-02 3.553207219e-02 4.473397136e-02 -9.570717812e-04 2.760873735e-02 1.013302952e-01 3.518201411e-02 -8.763036132e-02 -3.722146153e-03 -2.542231977e-02 7.619202137e-03 -8.485868573e-02 -2.618208528e-02
4.395930469e-02 2.067168057e-02 1.248604506e-01 7.233899832e-02 -1.788862050e-02 2.548435330e-02 9.914536774e-02 4.185749590e-02 1.200084835e-01 1.232234687e-01 -7.350973785e-02 -8.580890298e-02 1.129176170e-01 -1.063575894e-01 9.576974809e-02 -1.150511056e-01 -1.178127527e-02 4.522554576e-02 -9.767259657e-02 6.519350410e-02 4.530563951e-02 -9.742943943e-02 -1.072134525e-01 1.181575656e-02 -9.565606713e-02 -5.132353306e-02 -4.269278049e-02 6.466408074e-02 -6.311836839e-02 -7.336701453e-02 4.023857415e-02 -1.071965992e-01 7.810632885e-02 -6.506815553e-03 1.544697583e-02 4.152470827e-02 -4.760064185e-02 2.107465267e-02 5.292199552e-02 9.415371716e-02 -1.554578543e-03 5.911959708e-02 -1.224956959e-01 3.979663551e-02 7.323892415e-02 -6.643795967e-02 1.019889265e-01 1.208924353e-01 -1.143562198e-01 8.626376092e-02 8.805085719e-02 -1.096242219e-01 -1.535235345e-02 -7.511706650e-02 -1.121086031e-01 -6.433059275e-02 -6.011933088e-02 -4.241244495e-02 7.866692543e-02 6.882208586e-02 -6.074054539e-02 -8.287970722e-02 9.492009878e-03 -5.816091597e-02
-4.552446306e-02 2.333506942e-02 -7.136043906e-02 3.631281853e-02 3.828093410e-02 -8.227312565e-02 -2.349601686e-02 9.103468060e-02 8.450424671e-02 1.237408966e-01 2.354107797e-02 3.145128489e-03 1.208372265e-01 -7.818682492e-02 -1.243803054e-01 9.102529287e-02 -7.587106526e-02 8.433938026e-03 8.477838337e-02 -5.567692220e-02 2.084398270e-02 -3.902702034e-02 3.672224283e-02 7.822184265e-02 -1.085208356e-02 -5.180697143e-02 8.233834803e-02 -2.662375569e-02 -2.222363651e-02 1.173707545e-01 6.215199828e-02 7.529583573e-02 1.538147032e-02 -9.647376835e-02 -5.810883641e-02 2.210408449e-02 1.203872561e-01 -1.034144610e-01 -8.216060698e-02 -7.156521082e-03 -4.458284378e-02 -1.233759075e-01 5.128335953e-02 4.674632847e-02 -3.164336085e-02 -6.780779362e-02 4.452170432e-02 -5.048550665e-02 8.127523959e-02 1.226953268e-01 -6.220319867e-02 -5.004285276e-02 -9.562987089e-02 -5.252639949e-02 -6.648376584e-03 -1.041121334e-01 7.874935865e-02 -1.210417002e-01 1.093512774e-02 6.986577809e-02 2.678491175e-02 -8.473950624e-02 3.886850178e-02 -8.709938824e-02
-6.321406364e-02 7.467910647e-02 -8.489936590e-03 -2.045863867e-02 8.668091893e-02 7.051181793e-02 5.878309906e-02 -7.365152240e-02 9.976789355e-02 1.032194048e-01 -3.358012438e-02 1.088263690e-01 2.190597355e-02 -1.247129887e-01 1.443523169e-02 -1.186416745e-01 4.504656792e-02 1.076160371e-01 -9.389580786e-02 6.734780967e-02 1.178747565e-01 -1.039358824e-01 -4.336297512e-02 1.060523838e-01 4.634131491e-02 4.313373566e-02 -3.282800317e-02 9.366290271e-02 2.208003402e-02 -6.888978183e-02 -6.922112405e-02 -1.174869686e-01 -8.579170704e-02 1.775234938e-02 3.899329901e-02 -3.468702734e-02 -1.208009422e-01 -3.128924966e-02 7.756248116e-02 4.451468587e-03 -4.635839164e-02 9.788784385e-02 9.546343982e-02 5.937595665e-02 -7.713371515e-02 -3.030805290e-02 6.825257838e-02 1.120414585e-01 7.484048605e-02 -9.719102085e-02 -1.206087321e-01 3.464847803e-02 -2.449265122e-02 -8.279055357e-03 1.219576746e-01 1.918748021e-02 -1.102164984e-01 -1.336228848e-02 -6.688734889e-02 3.560231626e-02 -1.688918471e-02 5.302779377e-02 -1.068311781e-01 -1.741498709e-04
5.747307837e-02 1.079129875e-01 -1.117152274e-01 -4.847885668e-02 -2.603825927e-02 -1.139985472e-01 -1.026451886e-01 -1.021828949e-01 4.864782095e-04 -1.105956733e-02 -4.694046080e-02 -7.593947649e-02 -1.183162481e-01 -1.811489463e-02 -9.559735656e-02 9.926468134e-02 -7.616196573e-02 -7.180801034e-02 -8.965566754e-02 -1.061749309e-01 1.222361326e-01 4.157127440e-02 5.748258531e-02 1.948510110e-02 -1.820603013e-02 5.936859548e-02 -1.096707433e-01 -6.705732644e-02 -4.804214835e-02 -5.207552016e-02 3.523863852e-02 -4.248180985e-02 8.890831470e-02 6.441682577e-03 -1.190623045e-01 -3.127533197e-02 3.475266695e-02 2.902321517e-02 -6.620299816e-02 3.539031744e-02 3.858819604e-02 2.131046355e-02 -7.185080647e-02 -8.366563916e-02 -1.060292572e-01 -6.922946870e-02 9.143282473e-02 1.217748225e-01 -2.528852224e-02 -8.572579920e-02 2.778191864e-02 -1.177744865e-01 2.016982436e-02 9.826171398e-02 -7.177014649e-02 -1.073139161e-01 -9.518961608e-02 -4.602149129e-02 7.152108848e-02 -1.045802236e-01 1.817338169e-02 1.002755910e-01 -1.120705158e-01 -9.685130417e-02
1.064691842e-01 -6.115540862e-02 -4.459737241e-02 9.210492671e-02 -2.669826150e-02 2.620317042e-02 -3.436394036e-02 1.069604605e-01 1.011490375e-01 2.267649770e-02 1.243327856e-01 1.519285142e-02 -9.005123377e-02 -5.688051879e-02 2.875775099e-02 7.800161839e-03 9.671492875e-02 6.197783351e-02 3.847920895e-02 6.278859079e-02 -7.685332000e-02 -7.355469465e-02 -4.941821098e-04 -7.658639550e-02 1.011794657e-01 1.355378330e-02 6.970101595e-02 -5.866102874e-02 -6.279927492e-02 1.208455265e-01 -9.209965169e-02 2.716068923e-02 9.143553674e-02 7.052317262e-02 2.728526294e-02 1.112266332e-01 -2.458691597e-04 9.806859493e-02 6.788994372e-02 -2.564042807e-03 -1.930634677e-02 6.668314338e-03 1.203020364e-01 4.082712531e-02 -6.432385743e-02 -1.175942272e-01 -8.859452605e-02 -1.018741131e-01 7.195442915e-02 -3.570370376e-02 7.014833391e-02 1.597881317e-02 -1.018239558e-01 -4.351514578e-02 5.208596587e-02 -2.710840106e-02 9.233655035e-02 6.838843226e-02 1.212882102e-01 -1.006819755e-01 9.424614906e-02 -7.238648832e-02 1.218781024e-01 -1.215264201e-03
1.048213840e-01 -5.173763633e-02 -8.691534400e-03 -7.048813999e-02 -7.211795449e-02 6.361344457e-02 9.440290928e-02 9.270417690e-02 6.991617382e-02 3.713276982e-02 9.543329477e-03 -5.121210217e-02 1.118279696e-01 -8.114546537e-02 -5.679428577e-03 -2.284404635e-02 -7.073000073e-03 -8.784160018e-02 3.875523806e-03 6.892547011e-03 3.702460229e-02 5.580058694e-02 1.100149453e-01 -2.134673297e-02 5.686491728e-02 -1.065200865e-01 -5.584128201e-02 -1.021324694e-01 1.771444082e-02 1.074167341e-01 -2.784042060e-02 8.386220038e-02 -4.168270528e-02 -1.056216806e-01 -9.454405308e-02 9.492094815e-02 8.221809566e-02 -7.166017592e-02 3.458343446e-02 9.698256850e-03 -7.774025202e-02 -5.038049817e-02 7.986398041e-02 6.618018448e-02 -6.307347119e-02 -2.413691580e-02 -9.179781377e-02 -8.313995600e-02 -2.821747959e-02 3.392672539e-02 4.200074077e-02 -6.311628222e-02 1.110495031e-01 9.447428584e-02 1.069854200e-02 -1.037087590e-01 9.219974279e-02 -1.714694500e-02 -7.981342077e-02 7.868736982e-02 -1.047904044e-01 -2.466560900e-02 4.292282462e-02 -3.805419803e-02
-5.037151277e-02 6.110660732e-02 -1.099500656e-01 -3.444576263e-02 4.967302084e-04 1.077678353e-01 -2.448563278e-02 -8.567903936e-02 -1.078289449e-01 4.016444087e-02 -2.363762259e-02 9.685377777e-02 -6.476590037e-02 2.614976466e-02 4.860605299e-02 -2.302566171e-02 5.911126733e-02 -4.582047462e-02 4.667103291e-03 -3.933043778e-02 9.806033969e-02 -7.363350689e-02 7.524162531e-02 1.508350670e-02 2.780394256e-02 -2.386109531e-02 -6.616570055e-02 1.204173863e-01 4.023525119e-02 1.101523787e-01 5.512772501e-02 6.765678525e-02 -9.720772505e-03 -1.013195962e-01 2.690948546e-02 2.722173929e-02 -6.361776590e-02 1.031205058e-01 2.684709430e-02 -7.138229907e-02 6.331032515e-02 1.065362096e-01 -2.174958587e-03 -4.608854651e-02 -4.044264555e-03 5.914053321e-02 -1.020973921e-02 -3.498271108e-02 2.463981509e-03 -8.778588474e-02 -1.020157635e-01 -7.393175364e-02 1.182400286e-01 -8.018800616e-02 1.086035073e-01 -5.997553468e-03 1.065051556e-01 -4.353496432e-02 -8.547858894e-02 5.098439753e-02 8.568267524e-02 1.024988294e-01 1.208739281e-01 -4.036803544e-02
2.224716544e-02 7.278209925e-02 -2.999615669e-02 4.623174667e-03 5.973096192e-02 6.881813705e-02 -1.073979586e-01 -1.034293920e-01 9.451881051e-02 -1.017683744e-02 8.151739836e-03 6.675347686e-02 2.727907896e-02 -3.899668157e-02 7.912163436e-02 6.647776067e-02 4.051220417e-02 1.201377511e-01 2.979104221e-02 1.162789017e-01 1.179329157e-01 -9.741160274e-02 -7.737345994e-02 -6.036899984e-02 -8.458808064e-03 -1.272156835e-03 -8.726148307e-02 1.109938174e-01 9.877434373e-02 -1.017957479e-01 9.811936319e-02 5.440501869e-02 -3.906273842e-02 -5.324070156e-02 4.393991828e-02 -1.175772548e-01 -1.225040406e-01 6.840839982e-02 3.950580955e-03 7.390192151e-02 -8.781376481e-02 -4.380981624e-02 -8.385203779e-02 3.075751662e-02 -5.019937456e-02 5.963478982e-02 -8.771757782e-02 9.078758955e-02 -5.164825916e-02 -4.139427841e-02 6.315052509e-02 3.788709641e-02 -6.028383970e-03 1.031744480e-01 7.299736142e-03 -2.403689921e-02 3.703467548e-02 -1.093674898e-01 -9.423458576e-02 -9.419378638e-02 -7.051174343e-02 -3.316900134e-02 9.485058486e-02 8.471767604e-02
-1.126238108e-01 -1.162190735e-01 1.057130545e-01 -3.851041198e-03 -1.095622182e-01 -9.353004396e-02 8.217379451e-03 1.231573671e-01 -9.757608175e-03 4.528217018e-02 4.228472710e-02 -1.165141761e-01 -2.337065339e-02 -1.142074913e-01 1.164948791e-01 2.119462192e-02 9.537369013e-03 -5.696837604e-02 7.013127208e-02 -4.993025959e-02 1.109936237e-01 1.094323397e-01 -1.153837591e-01 -3.651656210e-02 8.958411217e-02 9.539349377e-02 -8.528232574e-02 -8.203928173e-02 9.207509458e-02 -1.016767770e-01 2.265410125e-02 6.664612889e-02 8.218899369e-02 3.565263748e-02 2.505637705e-02 8.590857685e-02 -8.131796122e-02 -8.719697595e-02 -3.381446004e-03 2.626001835e-02 -7.514229417e-02 -4.419629276e-02 -4.030263424e-02 4.455649853e-02 -1.031265706e-01 1.071118861e-01 -1.213160604e-01 7.157355547e-03 -1.245179772e-01 5.893754959e-02 2.492152154e-02 3.761668503e-02 6.326898932e-03 1.198212355e-01 6.121586263e-02 7.963539660e-02 1.818415523e-02 -1.193326116e-01 -8.382479846e-02 -8.645318449e-02 -1.958923042e-02 -2.883192897e-02 2.335810661e-02 -4.246576130e-02
4.147636890e-02 1.141915917e-01 2.136927843e-02 -1.023773551e-01 4.575577378e-02 1.575933397e-02 -4.457037151e-02 -1.020633876e-01 1.409310102e-02 -6.673189998e-02 -9.170517325e-02 -1.089825779e-01 4.781085253e-02 9.243234992e-03 1.071602553e-01 -4.988953471e-03 1.716412604e-02 -2.156585455e-03 -6.975902617e-02 -7.102304697e-02 -4.303100705e-02 4.169861972e-02 7.574303448e-02 9.954085946e-02 -4.066561162e-02 -9.831900895e-02 -7.592315972e-02 -1.098958105e-01 1.241040826e-01 8.591152728e-02 7.971908152e-02 3.947615623e-04 9.935671091e-02 2.073204517e-02 8.000418544e-03 5.988840759e-02 -3.050495684e-02 -3.648680449e-02 -9.232571721e-02 1.043115854e-01 3.297232091e-02 -7.431291044e-02 -1.082033962e-01 3.455379605e-02 -2.922631800e-02 1.092730016e-01 5.342091620e-02 -2.808348835e-02 9.011352062e-02 -4.048843682e-02 -3.559130430e-02 -9.351758659e-02 3.419050574e-02 -3.386759758e-02 -1.431730390e-02 -5.644665658e-02 9.680958092e-02 1.125698537e-01 3.529299796e-02 -1.560300589e-03 3.691793978e-02 -7.987290621e-02 -4.080156982e-02 -1.121418774e-01
1.620009542e-03 -9.215985239e-02 -1.497928798e-02 4.596680403e-02 1.017838717e-01 -1.735046506e-02 -1.116572320e-02 4.672503471e-02 -8.955010772e-02 -9.387683868e-02 1.177072823e-01 -4.167084396e-02 -8.526025712e-02 9.161393344e-02 5.296801031e-02 5.837677419e-02 4.290613532e-02 1.020779759e-01 9.799860418e-02 -6.800962985e-02 1.215527654e-01 1.221765578e-02 6.756338477e-02 -4.432161152e-02 4.390443861e-02 7.953099906e-02 4.342590272e-02 -5.981169641e-02 5.827222764e-02 -8.359068632e-02 7.106393576e-02 2.116334438e-02 -1.164495349e-01 -1.401959360e-02 -5.922529101e-02 -9.600535035e-02 4.664306343e-02 6.377081573e-02 -8.827853203e-02 2.594707906e-02 7.637836039e-02 -3.772918880e-02 -3.947931528e-02 3.909130394e-02 5.398957431e-02 -1.529915631e-02 -6.514485180e-02 4.271581769e-03 -4.097828269e-02 -9.832450747e-02 -8.648964763e-02 -9.387686849e-02 -7.281316817e-02 -7.362914085e-02 -6.782150269e-02 -7.474879920e-02 1.164710522e-01 1.002334058e-01 1.150956303e-01 6.829452515e-02 -1.228660345e-03 -4.631696641e-02 -1.039658487e-02 -8.712613583e-02
9.571924806e-03 2.225580812e-02 -1.086358726e-01 3.593653440e-03 -7.679191232e-02 -2.875050902e-02 4.620212317e-02 5.619366467e-02 3.121855855e-02 -5.166020989e-02 5.731959641e-02 -2.688300610e-02 5.237172544e-02 8.795857430e-02 -3.825619817e-03 -5.342893302e-02 5.358736217e-02 -2.871939540e-02 -8.407126367e-02 -1.033581793e-02 8.482213318e-02 8.371558785e-02 -1.225343198e-01 -3.098954260e-02 -7.619500160e-02 8.207903802e-02 6.425191462e-02 3.372801840e-02 1.019880325e-01 1.034851372e-02 -6.728839874e-02 -2.264724672e-02 -5.066424608e-02 5.650548637e-02 -1.020764858e-01 -1.605425775e-02 -6.002558768e-02 -3.884713352e-02 1.117296368e-01 1.078503281e-01 -9.040744603e-02 2.052673697e-02 6.976425648e-04 1.178909838e-01 9.022910893e-02 -4.229515791e-03 1.052676886e-01 2.247713506e-02 8.823744953e-02 1.963718235e-02 -1.616749167e-02 1.221616864e-01 6.289106607e-02 -1.088822335e-01 5.881308019e-02 -3.126096725e-02 6.914216280e-02 -5.603146553e-02 -9.332723916e-02 -1.244455874e-01 -3.431600332e-02 3.818352520e-02 4.075579345e-02 -2.629929781e-02
1.226906627e-01 2.623510361e-02 9.995596111e-02 -6.185059249e-02 4.716034234e-02 -9.451821446e-02 -6.980773807e-02 -1.042278558e-01 4.154920578e-02 -4.866519570e-02 1.071374714e-01 -1.227300912e-01 -6.793090701e-02 2.844788134e-02 -1.461625099e-02 8.167594671e-02 3.379508853e-03 9.650447965e-02 -9.289428592e-03 9.160523117e-02 -1.154494733e-01 1.113820225e-01 -3.901796043e-02 3.936183453e-02 9.739747643e-02 -1.090207547e-01 -3.879244626e-02 3.317193687e-02 -7.083149254e-02 8.694541454e-02 4.527214170e-02 7.678274810e-02 3.122206032e-02 -1.205371916e-01 -6.683851779e-02 -3.711670637e-03 -7.192035019e-02 -9.110936522e-02 -9.132571518e-02 6.375056505e-02 -1.000341475e-01 1.204721928e-01 4.497669637e-02 -1.159341782e-01 -1.215288788e-01 -9.761412442e-02 6.352950633e-02 -9.462408721e-02 8.075836301e-02 -5.707058311e-02 -2.636556327e-02 -8.879303932e-03 1.241815090e-01 -5.829018354e-02 9.130385518e-02 -5.753968656e-02 4.204288125e-02 9.703296423e-02 1.217150092e-01 4.040126503e-02 -9.214632213e-02 -9.169088304e-02 1.007099748e-01 -6.638303399e-03
-6.934465468e-02 -8.331733942e-02 -1.146748662e-01 -1.803189516e-02 -9.592911601e-02 1.083235592e-01 2.224218845e-02 -3.597547114e-02 5.519276857e-02 -2.622134984e-02 1.174693406e-01 -8.330701292e-02 5.687057972e-02 -2.649754286e-03 1.165413558e-01 -2.404105663e-02 -1.529863477e-02 3.881873190e-02 2.236194909e-02 -1.181119531e-01 1.092943549e-02 4.785686731e-02 -5.180782080e-02 3.042723238e-02 4.986101389e-02 1.125335693e-02 8.562502265e-02 -1.786178350e-02 5.143500865e-02 3.291909397e-02 1.511949301e-02 -8.191603422e-02 -8.065620065e-02 9.749799967e-02 -1.001665294e-01 3.556793928e-02 -3.730286658e-02 4.775527120e-02 -9.771615267e-02 -1.217079312e-01 -9.774567187e-02 4.891622066e-02 5.238345265e-02 4.850913584e-02 -5.117042363e-02 -4.518578947e-02 -2.105545998e-02 -1.530404389e-02 -6.786707044e-02 1.137153804e-02 -1.212089956e-01 7.743526995e-02 8.128245175e-02 -6.409019232e-03 -3.848864138e-02 3.004452586e-02 3.744769096e-02 1.130253077e-01 -8.042801917e-02 -7.820019126e-02 -4.179386795e-02 -7.290558517e-02 -7.072974741e-02 -4.385067523e-02
1.208490133e-01 2.846933901e-02 -8.855071664e-02 -7.656009495e-02 -2.354979515e-02 -9.843695164e-02 -4.787698388e-02 4.179257154e-02 1.577487588e-02 1.146579683e-01 -8.562819660e-02 1.218785346e-02 2.253423631e-02 -4.416179657e-02 1.028014123e-01 6.795094907e-02 2.942639589e-02 6.837549806e-02 9.636569023e-02 -1.036159545e-01 -2.997261286e-02 -5.457186699e-02 7.708355784e-03 -2.369408309e-02 -1.064261347e-01 4.751560092e-02 -2.277843654e-02 -4.787252843e-02 1.243515015e-01 5.918459594e-02 -6.440088153e-03 -5.546553433e-02 -6.507958472e-02 -7.688760757e-03 6.802085042e-02 6.867294014e-02 3.268145025e-02 -1.169154495e-01 -4.851387441e-02 6.874024868e-03 7.559846342e-02 -3.325350583e-02 -9.911264479e-02 -4.662734270e-02 -2.657623589e-02 -1.082027107e-01 2.447620034e-03 4.770225286e-02 -3.290480375e-02 9.710852802e-02 1.124041975e-01 -4.232570529e-03 -9.294301271e-03 -3.897088766e-02 7.169102132e-02 1.066175401e-01 9.070463479e-02 1.011862904e-01 1.241580099e-01 7.073779404e-02 -1.222881675e-01 2.054888010e-02 3.238278627e-02 7.730636001e-02
-3.689394891e-02 -1.062234342e-01 1.131157428e-01 1.193199009e-01 1.055830121e-01 -1.171255857e-01 -7.647882402e-02 6.468532979e-02 -9.858053923e-02 2.078326046e-02 4.280628264e-02 -2.532568574e-02 8.281862736e-02 5.886612833e-02 -1.063438952e-01 -4.877302051e-02 1.047785282e-01 -1.160684228e-01 -4.984261096e-02 -4.232731462e-02 -9.202823043e-03 -5.092388391e-02 -7.712858915e-02 9.754772484e-02 3.751097620e-02 1.029060930e-01 5.533680320e-02 -4.139645398e-02 5.433931947e-02 -1.180120856e-01 -2.718284726e-03 1.031063497e-01 -2.316889167e-02 -1.858733594e-02 9.389296174e-02 1.197121441e-01 -9.727294743e-02 -1.170102656e-01 -1.206350178e-01 1.042889059e-02 -4.084245861e-02 6.587675214e-02 -5.604419112e-02 9.580683708e-02 -7.250627875e-02 1.305347681e-02 -1.018765569e-01 -3.942637146e-02 1.200520247e-01 5.918744206e-02 -1.166748852e-01 -7.415609062e-02 8.825325966e-02 -1.884862781e-03 2.182145417e-02 7.005119324e-02 -1.074904948e-01 -9.326858819e-02 5.433967710e-02 8.976189792e-02 -6.411211193e-02 1.216800511e-02 -7.324838638e-02 -4.476964474e-02
1.007668376e-01 -5.946488678e-02 2.248689532e-03 5.209882557e-02 -5.681507289e-02 7.977128029e-03 -2.850839496e-02 8.131730556e-02 2.897754312e-02 -9.189257026e-02 3.272742033e-04 9.734134376e-02 4.522608221e-02 7.255700231e-02 4.251843691e-02 6.471861899e-02 9.936870635e-02 -2.102415264e-02 3.407625854e-02 1.712076366e-02 1.111098081e-01 -6.969860196e-02 -9.595151246e-02 3.912083805e-02 8.007583022e-02 5.392578244e-02 5.271808803e-02 -8.822609484e-02 5.573830009e-02 -9.390443563e-03 -9.428390861e-02 -7.286816835e-02 5.896878242e-02 -8.119817078e-02 -3.179028630e-02 9.233160317e-02 3.950309753e-02 6.926646829e-02 -3.639024496e-02 -1.238040924e-01 9.461581707e-03 8.205679059e-02 -7.827763259e-02 -1.020366400e-01 -4.897500575e-02 -1.291681826e-02 1.081420630e-01 3.041565418e-02 7.873456180e-02 -5.841732025e-03 -6.565810740e-02 1.242351085e-01 2.592109144e-02 -1.011079699e-01 7.156689465e-02 4.191944003e-02 -6.663438678e-02 9.950563312e-03 -1.228692979e-01 -1.061170101e-01 -1.648385823e-02 1.248123348e-01 -3.771199286e-02 3.121213615e-02
-1.171907485e-01 7.674007118e-02 -3.442099690e-02 5.074767768e-02 1.201285273e-01 -3.833025694e-04 1.683177054e-02 -8.912149072e-02 -7.290929556e-02 -9.796860814e-02 -5.871917307e-02 3.095030785e-03 -9.244829416e-03 5.409055948e-02 -8.527277410e-02 1.080409437e-01 -1.149371266e-01 5.155873299e-02 -2.822202444e-02 8.357107639e-03 -1.024951935e-01 1.254305243e-02 -9.629994631e-02 -1.060731113e-01 -3.800053895e-02 -8.436563611e-02 -4.366521537e-02 9.991140664e-02 2.275021374e-02 3.724727035e-02 4.721082747e-02 2.874164283e-02 5.241073668e-02 9.180712700e-02 1.320631802e-02 7.618431747e-02 5.623646080e-02 -1.752485335e-02 -5.012777448e-02 1.240471452e-01 -6.854046881e-02 4.262436926e-02 3.516806662e-02 -1.053699553e-01 -5.926238000e-02 5.342124403e-02 -6.665620208e-02 -6.162300706e-02 7.445144653e-02 -8.704131842e-02 -6.936927140e-02 7.082352042e-02 7.450640202e-02 4.351286590e-02 -5.553135276e-02 4.359824955e-02 1.121443510e-02 -1.187663376e-01 -5.903452635e-02 5.241931975e-02 -2.799697220e-02 -4.627068341e-02 -6.886690855e-03 4.345597327e-02
3.181193769e-02 -5.291250348e-02 -1.176674217e-01 -4.200299084e-02 -1.102401167e-01 -6.067943573e-02 9.292192757e-02 5.670003593e-02 -3.488881886e-02 3.866182268e-02 -1.934492588e-02 1.387195289e-02 4.625296593e-02 -1.192484796e-01 6.430399418e-02 -1.551377773e-02 1.063346416e-01 -6.537036598e-02 -8.174484968e-02 -6.330455840e-02 1.818682253e-02 7.214151323e-02 7.765959203e-02 -6.796596944e-02 1.005137265e-01 -7.018506527e-03 7.581673563e-02 -1.374730468e-02 -5.456386507e-02 -4.940655828e-02 -4.296872020e-02 2.136752009e-03 -7.840293646e-02 1.073273271e-01 -1.027428657e-01 6.253254414e-02 -3.581640124e-02 -6.762661040e-02 4.364654422e-03 -2.483555675e-02 -1.191233546e-01 -4.073798656e-03 9.590509534e-02 9.195338190e-02 -5.451396108e-03 9.426677227e-02 2.836035192e-02 7.960784435e-02 7.840228081e-02 6.805031002e-02 7.254615426e-02 -1.069747508e-01 3.034710884e-02 -2.173236012e-02 3.335857391e-02 -6.186385453e-02 1.240430921e-01 -3.693081439e-02 5.499885976e-02 1.071634293e-01 -1.048155129e-01 -4.699549079e-02 -1.002753973e-01 1.091810912e-01
-7.499729097e-02 9.284661710e-02 -2.940122783e-02 -1.194065213e-01 -6.878060102e-02 -1.770910621e-02 1.108603477e-01 -1.176133454e-01 -6.562529504e-02 8.819831908e-02 -4.565685987e-02 -5.482560396e-02 4.097858071e-02 -6.573475897e-02 -7.118876278e-02 1.118098050e-01 -3.459921479e-02 -2.522884309e-02 -1.090539396e-01 2.117483318e-02 -2.511817217e-02 6.761492789e-02 1.612526178e-02 8.583056927e-02 1.007586122e-01 -9.131939709e-02 -1.554608345e-02 6.600385904e-02 1.034297496e-01 8.998076618e-02 1.203389913e-01 -1.202573031e-01 -4.496657848e-02 -1.679494977e-02 9.670385718e-02 1.074365377e-01 -1.219225973e-01 -2.681048214e-02 -6.666739285e-02 -8.476585150e-02 -8.475890756e-02 -1.063957363e-01 9.306253493e-02 -4.657045007e-03 8.584672213e-02 -9.241046011e-02 7.966709137e-02 -5.812570453e-03 9.267161787e-02 5.684454739e-02 -1.076759398e-02 7.252910733e-02 -4.108630121e-02 1.973135769e-02 1.774105430e-02 2.254620194e-03 -1.218190789e-02 1.028601080e-01 1.629473269e-02 -8.377242088e-02 7.136335969e-02 -8.327738941e-02 8.408801258e-02 1.155841649e-01
-4.526247084e-02 2.492953837e-02 5.450566113e-02 3.687396646e-02 -1.024067253e-01 1.106884331e-01 -7.335877419e-02 4.093396664e-02 -3.410674632e-02 -9.023994207e-02 3.895598650e-02 -3.901404142e-02 5.841921270e-02 2.265353501e-02 -4.911535978e-02 1.864519715e-02 1.083159894e-01 2.868661284e-02 -1.078446656e-01 -8.738203347e-02 7.345503569e-02 -9.141939878e-02 3.471802175e-02 4.538348317e-02 9.884297848e-02 9.455172718e-02 3.707405925e-02 5.568791926e-02 -9.589642286e-04 5.459278822e-03 8.388367295e-02 -8.262054622e-02 -6.184813380e-02 2.094161510e-02 -9.013448656e-02 7.164585590e-02 8.753001690e-02 -7.275995612e-02 -6.481467187e-02 -7.422332466e-02 7.788655162e-02 -6.140360236e-02 -2.911616862e-02 -8.309292793e-02 3.259788454e-02 -7.988080382e-03 3.888571262e-02 -1.745395362e-02 5.154517293e-02 -1.953145862e-02 1.030915678e-01 -3.600054979e-02 1.011989862e-01 -3.910169005e-03 1.349855959e-02 -5.287449062e-02 -8.376221359e-02 -7.180859149e-02 -9.442625940e-02 7.458755374e-02 6.050240993e-02 -7.957175374e-03 6.031614542e-02 4.803238809e-02
1.061248779e-01 1.101446152e-01 1.190143675e-01 -5.129654706e-02 1.075889170e-01 -1.234875917e-01 4.583115876e-02 -7.432043552e-02 8.590902388e-02 2.905480564e-02 -1.090742946e-01 2.832692862e-02 -7.572077215e-02 1.101037711e-01 -3.737632930e-02 -1.016698778e-01 -5.745486915e-02 1.141281575e-01 2.864408493e-02 3.325796127e-02 9.457784891e-02 -3.778868914e-02 8.591228724e-02 5.884414911e-02 2.005591989e-03 1.087479740e-01 -8.224591613e-03 -7.514436543e-02 -1.239959002e-01 -8.571448922e-02 -7.850869000e-02 4.392038286e-02 5.198733509e-02 -3.241786361e-02 1.068146527e-02 1.097532511e-01 -4.142433405e-03 7.047037780e-02 4.321596026e-02 1.166259497e-01 1.146367192e-01 -8.720125258e-02 -5.963112414e-02 -6.860062480e-02 -5.175659060e-02 -9.451566637e-02 -1.056485474e-01 8.250747621e-02 5.640110373e-02 9.432865679e-02 -2.213394642e-02 6.131400168e-02 -1.220492274e-01 2.837738395e-02 -1.461586356e-02 2.928291261e-02 -2.896252275e-02 5.021768808e-02 -3.224104643e-02 -4.210257530e-02 -1.223830879e-02 -1.976035535e-02 -7.576754689e-02 1.188778877e-01
8.951102197e-02 8.078548312e-02 -5.656670034e-02 8.752106130e-02 -8.771750331e-02 9.077304602e-02 -1.362828910e-02 -2.013018727e-02 -6.589230895e-02 2.630904317e-03 -3.077983856e-04 -4.960909486e-03 7.204326987e-02 -1.046224535e-01 -8.096714318e-02 -5.679284036e-02 -1.076494604e-01 -6.760397553e-02 8.338209987e-02 3.141991794e-02 -8.059524000e-02 -1.125484854e-01 8.194667101e-02 -1.232136637e-01 7.751941681e-02 8.580371737e-02 -9.869964421e-02 3.334733844e-02 -4.195675254e-02 -3.763189912e-02 1.965837181e-02 -1.137761623e-01 -9.054237604e-02 4.352520406e-02 -3.087802231e-02 -9.605924785e-02 -3.706380725e-03 2.007588744e-03 4.756462574e-02 7.410027087e-02 -9.884196520e-02 -4.684662819e-02 1.199989915e-01 -1.021775454e-01 1.161939353e-01 -1.093041450e-01 8.346223831e-02 1.414474845e-02 -4.991984367e-02 -3.024993837e-02 4.319357872e-02 -6.388947368e-03 5.465230346e-02 1.176522672e-01 -9.360739589e-02 -2.720163763e-02 -8.546838164e-02 -6.056168675e-02 2.668450773e-02 -1.698881388e-02 4.289463162e-03 -4.072044790e-02 -1.131914556e-02 6.021739542e-02
2.775922418e-02 5.679418147e-02 -7.280735672e-02 3.463622928e-02 -8.237430453e-02 2.223481238e-02 -4.047088325e-02 -4.782070220e-02 -1.237393916e-02 5.255913734e-02 1.242371649e-01 -5.486533046e-02 -1.211093366e-01 -5.262216926e-02 4.899266362e-02 8.193448186e-02 8.388906717e-02 -1.599746943e-02 1.682563126e-02 1.059414595e-01 -7.331025600e-02 3.806088865e-02 -6.379580498e-02 -1.572999358e-02 -5.386054516e-03 1.998247206e-02 8.181469142e-02 -5.278722942e-02 -1.822991669e-02 -4.656605422e-02 -1.806882024e-02 9.537495673e-02 1.236005574e-01 2.893823385e-02 -4.059335589e-02 6.031854451e-02 -7.599042356e-02 -7.860399783e-02 7.923391461e-02 -3.128471971e-02 -1.247227192e-01 -8.124648035e-02 -6.665723026e-02 1.227612942e-01 2.256084979e-02 -4.900720716e-02 3.117430210e-02 5.517776310e-02 2.026233077e-02 1.603835821e-02 -3.570422530e-02 1.144724041e-01 1.115254611e-01 -8.037224412e-02 4.740317166e-02 9.937037528e-02 -1.048170924e-01 -5.183777213e-02 -9.183399379e-02 8.674713969e-02 1.236129701e-01 -2.948296070e-02 -9.257410467e-02 7.197737694e-02
4.595682025e-03 6.433159113e-03 -6.112985313e-02 -4.558938742e-02 9.062817693e-02 4.518179595e-02 -2.761006355e-02 2.419695258e-03 2.419532835e-02 -2.988469601e-02 9.622073174e-02 6.955246627e-02 -9.983272851e-02 5.996626616e-02 6.949338317e-02 -9.588819742e-02 7.794350386e-04 2.990707755e-02 -1.481148601e-02 1.677513123e-02 3.319658339e-02 -1.087481827e-01 -9.326903522e-02 4.848204553e-02 6.835438311e-02 -9.070761502e-02 8.630496264e-02 -2.130138874e-02 8.467081189e-02 -4.091818631e-02 3.926776350e-02 9.471413493e-02 6.469665468e-02 -1.188230664e-01 -3.009296954e-02 -1.056615412e-01 2.632932365e-02 1.504510641e-03 5.183438957e-02 -4.506634176e-02 -1.713396609e-02 1.101779789e-01 5.605536699e-02 -1.590029895e-02 -2.071453631e-02 -4.923848808e-02 1.090380251e-01 -1.128949225e-02 1.009801030e-02 -9.605960548e-02 1.008317322e-01 -4.652239382e-02 8.281169832e-02 -1.127704680e-01 -7.250078022e-02 2.663855255e-02 -1.097881645e-01 1.225825250e-01 7.782551646e-02 1.163347065e-01 2.670609951e-02 -1.171291023e-01 1.220613718e-02 -7.954588532e-02
8.170805871e-02 -1.003656238e-01 -2.411334217e-02 -9.265798330e-02 -6.787341833e-02 2.938383818e-02 -7.682354748e-02 9.766457975e-02 -1.095992923e-01 -3.508523107e-02 -1.162555963e-01 1.156943738e-01 -2.153351903e-03 7.134996355e-02 -3.492788970e-02 -4.384642839e-02 6.907849014e-02 4.086185992e-02 9.806007147e-03 -1.084737480e-01 -3.577634692e-03 -6.111690402e-02 1.046427935e-01 5.819976330e-02 2.049191296e-02 -1.193896085e-01 1.204500645e-01 1.403866708e-02 -1.002139449e-01 -1.652795076e-02 8.308869600e-02 1.221920550e-02 -7.329034805e-02 -5.812713504e-02 1.231440306e-01 -2.561672032e-02 1.726774871e-02 -1.126469672e-01 1.923888922e-02 8.608375490e-02 5.521237850e-02 1.103910655e-01 3.491428494e-02 1.000311375e-01 -6.801806390e-02 -1.082748175e-02 -4.645586014e-03 -9.640918672e-02 -3.598904610e-02 -8.384801447e-02 1.822473109e-02 -7.220953703e-02 1.253148913e-02 -7.644613087e-02 9.436054528e-02 7.521232963e-02 9.202077985e-02 6.676979363e-02 -9.598952532e-02 -8.345374465e-02 5.615073442e-02 -9.155663848e-02 8.453199267e-02 5.320291221e-02
-9.259070456e-02 3.847065568e-02 5.922915041e-02 7.830937207e-02 -1.088728905e-01 -3.097021580e-02 -1.141205430e-02 -4.637612402e-02 1.421682537e-02 -9.444320202e-02 5.504676700e-02 6.456121802e-02 1.318760216e-02 -5.852346122e-02 2.558396757e-02 -5.702525377e-03 -9.028813243e-02 1.196515411e-01 -1.181102842e-01 9.115374088e-02 -3.474433720e-02 1.120525450e-01 1.186558753e-01 3.172093630e-02 -2.657134831e-02 8.512993157e-02 9.226176143e-02 -9.336031973e-02 -8.698132634e-02 1.097819358e-01 -2.363872528e-02 -1.205400974e-01 -7.621696591e-02 -3.316302598e-02 -1.167042702e-01 -4.580955207e-02 4.070848227e-02 -8.309541643e-02 -2.255214751e-02 2.999413013e-02 1.171118766e-01 -5.779100955e-02 8.194628358e-02 -2.233099937e-02 6.407827139e-02 1.095968038e-01 -9.875717759e-02 1.158759147e-01 -7.312981784e-02 -1.111565679e-01 -5.220171809e-02 -3.244429827e-02 1.714716852e-02 -4.369553924e-02 -1.239552647e-01 2.968320251e-02 -9.286721051e-02 -2.757917345e-02 6.242792308e-02 1.824870706e-02 -3.905858099e-02 -9.339936078e-02 1.244176626e-01 -8.921219409e-02
1.029580832e-02 8.179520071e-02 -2.806897461e-02 -5.309720337e-02 1.220349967e-01 -1.068004668e-01 -2.994786203e-02 -9.525190294e-02 -9.328964353e-02 1.141458601e-01 -8.784110844e-02 9.337328374e-02 -8.140519261e-02 1.145176440e-01 -1.049820930e-01 -3.259037435e-02 9.987756610e-02 -1.108712107e-01 -1.898214221e-03 4.674172401e-02 5.620159209e-02 -1.333430409e-02 -6.770530343e-02 -1.274168491e-03 5.874745548e-02 -5.351695418e-02 1.800578833e-02 -8.501997590e-02 9.218440950e-02 2.443243563e-02 -6.467109919e-02 1.238393635e-01 6.673976779e-02 -9.557855129e-02 4.027228057e-02 -7.911545038e-02 1.100852937e-01 -9.058545530e-02 1.132304966e-01 6.264761090e-02 -2.124170959e-02 1.216861606e-01 -5.876164138e-02 -7.254287601e-03 3.299304843e-02 7.236488163e-02 9.620347619e-02 -1.166285872e-01 2.788034081e-02 8.842076361e-02 -4.172861576e-02 3.105555475e-02 1.167207956e-04 -9.019270539e-03 -1.083257794e-02 -1.158517003e-01 -7.967923582e-02 8.939842880e-02 1.200661212e-01 -1.719585061e-02 1.019942313e-01 -7.355161011e-02 1.009192616e-01 6.873410940e-02
3.812788427e-02 -6.762206554e-03 -1.228109002e-02 5.880239606e-02 -1.937416196e-02 -8.016261458e-02 7.823073864e-02 -7.990071177e-02 -5.892975628e-02 1.218430251e-01 3.906887770e-02 5.661460757e-02 9.281948209e-02 -4.850766063e-02 1.216428280e-01 -8.401869237e-02 7.920175791e-03 -9.015151858e-02 -9.913349152e-02 1.447845995e-02 1.026377082e-03 8.065435290e-02 -9.457658231e-02 4.373517632e-02 -1.903077960e-02 2.639669180e-02 -2.346353233e-02 2.756133676e-02 3.883838654e-04 -1.087611318e-01 -1.106761396e-01 -3.122037649e-02 -1.242088079e-01 -2.856811881e-02 6.408649683e-02 9.240230918e-02 1.450523734e-02 2.508436143e-02 6.961709261e-02 -1.374873519e-02 5.147159100e-04 -8.824184537e-03 7.132411003e-02 1.130360067e-01 -1.549863815e-02 1.119243354e-01 6.238621473e-02 9.647940099e-02 3.216363490e-02 -1.195991039e-02 9.630307555e-02 3.482720256e-02 9.808987379e-04 1.195613891e-01 -4.099041224e-02 4.418721795e-02 -1.084576547e-02 -3.497792780e-02 -8.513601124e-02 1.070511639e-01 -1.230945885e-01 3.298982978e-02 7.146993279e-02 -1.217630804e-01
1.226586252e-01 -8.997882903e-02 6.109778583e-02 5.524910986e-02 3.406971693e-03 3.535529971e-02 5.733685195e-02 8.644494414e-02 -7.615998387e-03 1.478153467e-02 1.079106331e-02 4.783749580e-02 4.127554595e-02 5.503644049e-02 -3.376394510e-02 4.445198178e-02 -2.474531531e-02 1.210189909e-01 -1.245842129e-01 -2.024303377e-02 -1.978899539e-02 5.083432794e-02 1.156858504e-01 -7.556596398e-02 8.212231100e-02 -8.123427629e-03 -5.955356359e-02 1.782178879e-05 2.316114306e-02 -1.008836925e-02 -5.903224647e-02 7.023903728e-02 5.154649913e-02 4.818575084e-02 -4.486322403e-03 3.054033220e-02 -4.379488528e-02 -8.188311756e-02 -8.462525904e-02 9.824253619e-02 -4.600481689e-02 -7.675580680e-02 -7.426568866e-02 1.230231822e-01 -3.029368818e-02 -7.453474402e-02 -6.006930768e-02 1.121651232e-01 -4.177555442e-03 6.987339258e-02 6.526328623e-02 5.519710481e-02 8.956800401e-02 -1.038406789e-01 7.027803361e-02 9.287008643e-02 6.451649964e-02 -6.299397349e-02 -5.654531717e-02 -1.221470386e-01 -1.119537652e-01 9.548544884e-03 3.605093062e-02 6.281617284e-02
6.723880768e-03 -6.666217744e-02 -4.216417670e-03 1.433120668e-02 1.151008308e-01 4.550026357e-02 1.723194122e-02 -1.459226012e-02 6.111820042e-02 9.094454348e-02 1.705640554e-02 -9.422685206e-02 1.181869358e-01 -2.134175599e-02 -1.115286648e-01 -9.336298704e-02 -1.097156405e-01 4.348567128e-02 9.748882055e-02 -8.651353419e-02 -5.268594623e-02 3.029510379e-03 1.101362407e-01 -3.968691826e-02 6.038612127e-02 8.125793934e-02 -4.941107333e-02 -8.302022517e-02 -4.993067682e-02 1.035033315e-01 7.904411852e-02 8.107545972e-02 8.246839046e-03 5.975757539e-02 -2.251040936e-02 8.029097319e-02 -1.069137305e-01 1.233409047e-01 3.878203034e-02 2.457602322e-02 -5.066357553e-02 -8.742287755e-02 -2.562060952e-03 -9.021537006e-02 1.388785243e-02 5.215363204e-02 1.088469923e-01 -1.046197861e-01 -6.811547279e-02 6.691901386e-02 1.166800112e-01 5.406859517e-02 -7.083469629e-02 -4.293555021e-02 -7.711653411e-02 7.281544805e-02 -1.090141386e-01 -1.048838347e-01 1.076305658e-01 -1.054676920e-01 -5.835720897e-02 -3.211809695e-02 7.435345650e-02 1.208231449e-01
-7.445554435e-02 -9.375718236e-02 2.916006744e-02 3.592111170e-02 7.351173460e-02 7.153454423e-02 -7.875561714e-02 2.531327307e-02 -7.735645771e-02 8.703675866e-02 1.436296105e-02 8.254072070e-02 -3.916752338e-02 -4.305744171e-02 -9.187440574e-02 -1.168750674e-01 7.979267836e-02 8.317072690e-02 9.143488109e-02 -1.063611954e-01 6.169368327e-02 -1.246023327e-01 4.991470277e-02 1.088118404e-01 -8.657781780e-02 -9.472247958e-02 -9.475781024e-02 1.950651407e-03 8.375063539e-03 5.214791000e-02 -1.908864081e-02 5.732996762e-02 -5.609901249e-02 -7.964880764e-02 -6.294712424e-03 1.151143312e-01 5.866152048e-02 -1.082146764e-01 -1.099359989e-02 2.288013697e-03 -2.712208033e-02 2.854168415e-03 1.072263718e-02 -4.517343640e-02 4.043261707e-02 1.181288958e-01 6.249631941e-02 -9.832116961e-02 -1.664188504e-02 -4.513593018e-02 -1.026150584e-02 7.157801092e-02 4.734960198e-02 1.275391877e-02 3.165018559e-02 3.128285706e-02 -1.069241762e-01 -2.739606798e-02 1.763677597e-02 -9.704677761e-02 -2.763599157e-02 6.934966147e-02 -8.291563392e-02 1.082682908e-01
5.263330042e-02 -9.522636235e-02 1.249512881e-01 -3.921352327e-02 8.742257953e-02 5.256843567e-02 -7.307793200e-02 -7.736288011e-02 4.312311113e-02 1.065936089e-01 -2.962665260e-02 6.747174263e-02 1.153192967e-01 -3.562775254e-02 1.215122491e-01 -4.353697598e-02 1.476004720e-03 9.196972847e-02 -6.409560144e-02 7.521745563e-02 -3.545984626e-03 3.289943933e-02 -8.755210042e-02 -2.150003612e-02 -5.007894337e-02 1.121168286e-01 -8.292862773e-02 9.311582148e-02 4.354287684e-02 8.840805292e-02 -7.018703222e-02 -4.491564631e-02 -1.122063845e-01 1.001678258e-01 -2.527280152e-02 7.960817218e-02 -4.896557331e-02 1.081277430e-01 2.475148439e-02 3.025162220e-02 1.037981957e-01 -3.638425469e-02 3.574100137e-02 -6.767916679e-02 3.764291108e-02 2.756397426e-02 1.817020774e-02 -4.980206490e-03 6.066392362e-02 -4.336632788e-02 -6.960062683e-02 -3.220069408e-02 5.429974198e-02 -1.085706055e-01 -5.493259430e-02 -9.337311983e-02 8.251102269e-02 -7.269683480e-02 1.022374630e-01 -8.798852563e-02 -4.225954413e-02 -4.833351076e-02 4.817727208e-02 1.159339994e-01
4.584445059e-02 8.503824472e-03 4.665297270e-02 -1.010955125e-01 2.668884397e-02 -8.477337658e-02 -7.543498278e-02 -7.378454506e-02 1.162775308e-01 3.279820085e-02 -7.727685571e-02 -7.435634732e-03 -1.204367131e-01 3.501506150e-02 5.219447613e-02 1.108525991e-01 4.815493524e-02 -1.069714129e-01 -2.514204383e-02 1.147815585e-01 -5.165497959e-02 8.925110102e-02 3.781272471e-02 7.794728875e-02 7.816950977e-02 -6.842333078e-02 5.159857869e-02 2.466499805e-02 -9.257933497e-02 1.244830489e-01 4.359240830e-02 -1.100702435e-01 -6.243564188e-02 1.556462049e-02 -1.073269695e-01 -8.699019253e-02 1.125040650e-02 -9.605115652e-02 -1.155386865e-02 1.206496507e-01 -7.251088321e-02 5.432519317e-02 -1.043304354e-01 -1.968011260e-03 1.093869656e-01 -9.222000837e-02 -1.124946624e-01 -1.819433272e-02 -3.227084875e-03 6.044705212e-02 2.937749028e-03 1.161618233e-01 7.988728583e-02 -5.233046412e-02 -7.763093710e-02 8.537653089e-02 3.104525805e-02 3.986805677e-03 -1.640442014e-02 5.636617541e-02 -5.507856607e-02 8.233587444e-02 9.345707297e-02 1.244884282e-01
6.152801216e-02 3.087539971e-02 -6.519195437e-02 -2.428677678e-02 -7.006651163e-02 -4.647777975e-02 6.512637436e-02 9.333346784e-02 -6.489603221e-02 -1.210416257e-01 9.019549191e-02 -5.904507637e-02 -3.937143087e-02 4.920861125e-02 3.184351325e-02 1.190109551e-02 1.239844412e-01 -1.022900045e-01 -4.798157513e-02 -8.296251297e-03 -2.593517303e-02 1.220999211e-01 8.466109633e-03 3.036898375e-02 -2.759860456e-02 2.190637589e-02 -7.653304935e-02 3.867708147e-02 -3.377068043e-02 -8.011321723e-02 1.174576432e-01 1.266516745e-02 4.344604909e-02 -3.642609715e-02 1.013600826e-02 -9.984412789e-02 1.617978513e-02 -1.572422683e-02 -2.127766609e-02 4.002201557e-02 -8.951252699e-02 7.413171232e-02 5.776771903e-02 1.513673365e-02 6.865613163e-02 -8.965691924e-02 1.099677235e-01 -3.149208426e-02 -7.195481658e-02 1.125857234e-03 4.387542605e-03 2.786031365e-02 -1.606167853e-02 3.285023570e-02 2.774532139e-02 -1.784875989e-02 -8.225023746e-02 -1.165959239e-01 1.077810824e-01 -6.694214046e-02 -2.880598605e-02 6.327147782e-02 -7.436509430e-02 -7.070232928e-02
1.518535614e-02 3.692850471e-03 1.187468469e-01 -1.236939728e-01 -4.446178675e-03 -8.762946725e-02 1.042634994e-01 -6.037183106e-02 7.835400105e-02 -9.999769926e-02 1.209330410e-01 -8.875697851e-02 -2.331678569e-02 -3.164631128e-02 -4.048153758e-03 6.231285632e-02 -9.898398817e-02 3.476639092e-02 6.839509308e-02 6.312011182e-02 -5.162647367e-02 5.317375064e-03 -1.179137826e-01 -1.048409790e-01 -8.926910162e-02 5.455040932e-02 1.029414386e-01 -5.405060947e-02 8.800390363e-02 -3.267091513e-02 -6.635978818e-03 -1.121948361e-01 -4.614712298e-02 -2.794441581e-02 -1.956893504e-02 1.165158451e-01 8.425919712e-02 4.615539312e-02 1.776352525e-02 4.399269819e-04 -2.416987717e-02 7.196195424e-02 -9.757132828e-02 -8.889997005e-02 -1.017024815e-01 -4.586474597e-02 -5.944040418e-02 -1.175626516e-01 9.524571896e-02 9.465605021e-02 -6.361089647e-02 -1.069145948e-01 -2.166146040e-02 1.118014902e-01 2.479723096e-02 -8.103953302e-02 -1.809144020e-02 1.036173850e-01 1.186712086e-01 -2.788533270e-02 -5.259287357e-02 -2.952246368e-02 -9.914368391e-03 1.085718274e-01
-9.211751819e-02 -1.012681574e-01 -6.291285157e-03 -1.151725948e-01 1.234093755e-01 -3.454583883e-02 8.942112327e-03 -1.092339903e-01 -8.134962618e-02 8.005754650e-02 -4.905684292e-02 -1.032551676e-01 -8.702085912e-02 -7.931260765e-02 6.748662889e-02 7.626089454e-02 1.383240521e-02 7.035109401e-02 8.955557644e-02 3.907167912e-02 3.235265613e-03 3.709644079e-02 1.157826781e-01 6.251595914e-02 -2.928799391e-02 1.199865490e-01 -1.448172331e-02 3.696392477e-02 -5.044440925e-02 9.162874520e-02 1.067858487e-01 1.073215157e-01 -7.046827674e-02 -9.595024586e-02 -1.074026525e-01 3.727355599e-02 1.191890389e-01 -6.052505970e-02 -3.395017982e-02 -3.010754287e-02 -1.182798147e-01 7.830354571e-02 1.643657684e-03 7.761077583e-02 -5.293296278e-02 -7.399362326e-02 -8.112257719e-02 -1.219964921e-01 -1.192144156e-01 9.096178412e-02 -4.818907380e-02 7.127261162e-02 8.277414739e-02 -4.024592042e-02 -6.443047523e-02 -7.786190510e-02 6.500634551e-02 1.113106757e-01 3.667254746e-02 -5.136050284e-02 8.723527193e-02 1.153638363e-01 -1.202538610e-03 3.072342277e-02
-3.094330430e-03 -2.348348498e-02 1.224234700e-02 1.090057939e-01 7.349784672e-02 1.226358116e-02 -3.553383052e-02 -6.148548424e-02 2.007786930e-02 -1.063285470e-01 -1.867547631e-02 1.199782789e-01 -8.938990533e-02 -3.913262486e-02 -6.960713863e-02 -1.482526958e-02 -1.009193063e-02 -5.262795091e-02 -8.688572049e-02 1.147463173e-01 2.927052975e-02 -8.758696914e-02 -2.486650646e-02 2.583171427e-02 -1.323096454e-02 2.312162519e-02 1.856335998e-02 -8.230562508e-02 1.951994002e-02 9.954994917e-02 9.042674303e-02 -8.643896878e-02 -5.424077809e-02 -3.556597233e-02 3.822484612e-02 -2.981483936e-02 -5.562283099e-02 -4.582548141e-02 2.079957724e-02 -1.703958213e-02 5.700439215e-04 -5.262984335e-02 7.634860277e-02 1.269200444e-02 1.243353337e-01 -7.634016871e-02 -7.399031520e-02 -6.134209037e-02 1.238738298e-01 -3.244869411e-02 -4.946298897e-02 1.114796251e-01 4.925063252e-02 4.448969662e-02 9.095464647e-02 -7.759273052e-02 5.094139278e-02 7.910683751e-03 -2.529819310e-02 8.776426315e-03 -9.316760302e-02 -6.392303109e-02 -3.776101768e-02 3.814187646e-02
-4.929278791e-02 -8.954231441e-02 5.447718501e-02 -7.037046552e-02 6.266039610e-02 1.087079495e-01 -2.559362352e-02 2.245035768e-02 -5.277371407e-02 7.132880390e-02 -3.710587323e-02 1.071437448e-01 1.155194789e-01 3.273697197e-02 3.626173735e-02 -3.731416166e-02 7.175552845e-02 -1.122128367e-01 2.075506747e-02 9.781032801e-02 1.078790575e-01 -6.149600446e-02 -5.221001804e-02 -5.594000220e-02 1.172067225e-01 -8.690591156e-02 9.748174250e-02 -1.045607179e-01 -8.300521970e-02 8.945950866e-02 2.487584949e-02 -7.114113867e-02 -2.955880761e-02 -1.230131239e-01 2.215774357e-02 2.068434656e-02 -7.530650496e-02 6.511658430e-02 -3.878019750e-02 9.173566103e-02 -1.018494517e-01 -4.963438213e-02 4.245430231e-02 -1.229151189e-01 -9.771344066e-02 -1.004889756e-01 6.892623007e-02 7.795499265e-02 3.261250257e-02 6.209132075e-02 2.824190259e-02 5.866347253e-02 5.372098088e-02 -9.918695688e-02 -6.941209733e-02 7.846030593e-02 -7.194499671e-02 -9.241430461e-02 1.108721197e-01 8.245737851e-02 4.389090836e-02 7.718399167e-03 3.126363456e-02 -6.770142913e-02
5.999302864e-02 3.503768146e-02 -1.095183194e-02 -2.894459665e-02 -3.184229136e-04 -9.729832411e-03 -7.800027728e-02 9.737434983e-02 -1.888136566e-02 -7.362447679e-02 1.127492338e-01 9.828457236e-02 6.346777081e-02 3.846755624e-02 -7.995490730e-02 4.397180676e-02 9.498946369e-02 5.505725741e-02 -4.263991117e-02 1.803219318e-03 -1.152431816e-01 -1.143995672e-01 7.295383513e-02 -3.534370661e-02 1.224376708e-01 -9.897857904e-03 8.724199235e-02 6.959125400e-02 -6.505629420e-02 -8.872449398e-04 -7.105305791e-03 -1.143785864e-01 4.969805479e-03 -1.225448996e-01 1.292204857e-02 8.960016072e-02 -3.519776464e-02 1.138179004e-01 -3.702975810e-02 5.081038177e-02 -5.803421140e-03 5.005846918e-02 1.005785763e-01 -1.024661213e-01 8.140763640e-02 2.924083173e-02 -9.362645447e-02 7.016648352e-02 6.256063282e-02 2.744100988e-02 3.826946020e-03 -6.728720665e-02 -1.249963343e-01 -1.037188023e-01 1.031977385e-01 5.899335444e-02 -8.596935868e-02 5.428613722e-02 1.051157862e-01 2.671913803e-02 -4.300750792e-02 -1.663868129e-02 7.283210754e-03 4.012784362e-02
-1.031293571e-01 -1.171387583e-01 2.489648759e-02 -6.312583387e-02 5.099140108e-02 5.819296837e-02 3.436803818e-02 1.065078378e-01 -8.933164179e-02 9.820738435e-02 -5.578936636e-02 1.021204889e-01 -1.053808928e-01 6.324890256e-02 1.074103117e-01 1.040821970e-01 -1.237440109e-02 1.001012176e-01 -1.396484673e-02 2.873419225e-02 -4.920938611e-02 1.238762438e-01 -4.485656321e-02 -1.025166065e-01 1.052847505e-02 -9.903393686e-02 -1.218378097e-01 5.196970701e-02 1.191924810e-01 1.218269467e-01 1.184537262e-01 -1.238489598e-01 1.089217961e-01 -3.222540021e-02 2.556432784e-02 1.217902601e-01 -5.564510822e-03 4.698236287e-02 4.811240733e-02 1.155157685e-01 2.402302623e-02 -2.351503074e-02 2.241203189e-02 7.908658683e-02 -1.044458151e-01 -5.523961782e-02 1.110021174e-01 1.001374424e-02 7.442647219e-02 -4.763139784e-02 -6.537802517e-02 1.207006127e-01 -1.182975620e-01 -3.799478710e-02 -2.690404654e-02 -1.021374315e-01 1.039254367e-01 -1.111128032e-01 3.492872417e-02 9.906743467e-02 -7.924319804e-02 -7.277983427e-02 2.240440249e-02 -1.304835081e-02
3.414660692e-02 -1.001927406e-01 -1.104063243e-01 1.105255336e-01 -6.732478738e-02 -1.178776324e-01 -1.090464741e-01 1.035732478e-01 1.128673851e-01 -9.146039188e-02 -4.717086256e-02 3.836491704e-02 7.207608223e-02 -1.619121432e-02 4.928840697e-02 -9.982433915e-02 -7.162947953e-02 9.380961955e-02 3.022108972e-02 -2.412959933e-02 1.112783402e-01 9.563808143e-02 6.691464782e-02 -8.275976777e-02 -5.044105649e-02 -2.243652940e-03 6.643998623e-02 -5.235671997e-04 3.576809168e-02 1.084771603e-01 4.109004140e-02 8.310258389e-03 9.071058035e-02 -1.047832817e-01 -2.612464130e-02 8.697220683e-02 -9.581011534e-02 -8.286744356e-03 -5.975614488e-02 -3.297965229e-02 1.009759903e-01 1.965448260e-03 -7.040023804e-03 -3.968368471e-02 5.987517536e-02 -2.315047383e-02 -8.293099701e-02 2.129726112e-02 2.782995999e-02 6.865547597e-02 -8.736550808e-03 2.957642078e-02 9.520316124e-02 -4.480874538e-02 9.882649779e-02 -8.533169329e-02 -5.858439207e-02 6.947702169e-02 2.694660425e-02 1.154273450e-01 -6.914775074e-02 -3.120546043e-02 -2.579660714e-02 7.540977001e-02
-3.913655877e-02 1.141749471e-01 -3.781206906e-02 6.113037467e-02 -2.528740466e-02 9.870450199e-02 7.512161136e-02 4.236675799e-02 1.079572737e-02 -2.130174637e-02 -1.819176972e-02 5.877186358e-02 -4.297396541e-02 1.243897080e-01 7.405772805e-02 8.985972404e-02 6.760290265e-02 -8.770672977e-02 7.165555656e-02 1.194845140e-01 -3.005850315e-02 4.079297185e-03 1.322348416e-02 -5.235086381e-02 8.390203118e-03 -9.107497334e-02 3.922925889e-02 7.076275349e-02 -4.655946791e-02 9.042674303e-02 -9.958855808e-02 -1.190742850e-02 1.149641424e-01 8.579799533e-02 -3.323642910e-02 4.279443622e-02 -3.148518503e-02 6.718119979e-02 8.699972928e-02 5.652496219e-02 2.630621195e-02 -8.759567142e-02 5.647197366e-02 -6.669057906e-02 1.229873598e-01 -5.410909653e-02 -5.098843575e-02 1.053681523e-01 -5.540707707e-02 1.854635775e-02 -8.362953365e-02 -1.031398028e-01 1.226119697e-02 -3.638294339e-02 7.682526112e-02 -6.049479544e-02 4.287169874e-02 3.772972524e-02 8.677944541e-02 8.012330532e-02 -8.145184815e-02 2.462249994e-02 -1.237558722e-01 4.657344520e-02
6.212988496e-02 1.528654993e-02 7.998204231e-02 1.187982857e-01 -7.712861896e-02 -1.975530386e-02 -1.013890356e-01 -1.247236133e-02 4.497863352e-02 -5.017274618e-02 -9.782077372e-02 -9.119212627e-02 4.532024264e-03 1.011952311e-01 4.111109674e-02 -1.192393750e-01 3.570483625e-02 4.897768795e-02 -1.219611168e-01 3.306414187e-02 8.098430932e-02 -8.687585592e-02 -1.126149893e-01 -6.371442974e-02 1.952505112e-02 3.419029713e-02 -6.207183003e-03 4.431822896e-02 -7.791796327e-02 -4.511381686e-02 -1.125910282e-01 1.244020313e-01 -5.033230782e-02 -1.469478011e-03 1.166162342e-01 -3.920668364e-02 3.762431443e-02 -6.558866799e-02 8.224815130e-03 1.111626625e-05 -6.703844666e-02 -1.154439449e-01 -1.076796800e-01 -1.077497452e-01 7.076047361e-02 2.454400063e-02 7.133202255e-02 -2.215838432e-02 -4.150673747e-02 7.388958335e-02 -9.619067609e-02 -6.730635464e-02 1.108949184e-01 -7.380084693e-02 -1.259396970e-02 9.176880121e-03 5.794726312e-02 -4.273459315e-03 1.127228141e-03 -6.778635085e-02 3.118015826e-02 4.262469709e-02 3.879866004e-02 -8.700284362e-02
-1.059255451e-01 -4.481421411e-02 3.859683871e-03 -2.022697031e-02 -1.048674285e-01 -1.117895544e-02 8.135378361e-02 -1.731747389e-02 1.172469407e-01 1.045091301e-01 -5.407136679e-02 -8.366793394e-03 1.433938742e-04 4.267439246e-02 6.777527928e-02 1.188240051e-01 1.089096516e-01 -3.632645309e-02 5.735300481e-02 -5.812521279e-02 4.844753444e-02 7.270483673e-02 1.094581336e-01 3.315410018e-02 2.501623333e-02 2.542683482e-02 -6.968803704e-02 7.312133908e-02 -6.015837193e-02 1.203662455e-01 6.290866435e-02 -5.084738135e-03 8.174225688e-03 -1.203301102e-01 -1.070465595e-01 -1.246978939e-01 4.373438656e-02 -7.120628655e-02 -5.413867533e-02 -3.641213477e-02 7.208214700e-02 -4.577483237e-02 2.553670108e-02 1.367148757e-02 6.726746261e-02 2.598658204e-02 7.164408267e-02 8.184501529e-02 -6.817281246e-05 9.462453425e-02 6.643626094e-02 2.462714911e-02 -1.188014895e-01 5.945950747e-02 -7.265487313e-02 2.984413505e-02 8.903264999e-03 -1.005372852e-01 2.417272329e-02 -8.097110689e-02 -8.397044241e-02 7.915183902e-03 -5.456097424e-02 -2.678324282e-02
-6.275503337e-02 1.094246209e-01 5.712804198e-02 1.153570414e-01 -7.412105799e-02 -4.872667789e-02 -2.737016976e-02 -7.372224331e-02 -1.139962822e-01 -8.218154311e-02 1.085929573e-02 3.760568798e-02 -5.765947700e-02 -2.783876657e-02 -8.094130456e-02 6.914688647e-02 5.244350433e-02 3.335347772e-02 5.421678722e-02 5.229820311e-02 -1.448774338e-02 1.124705374e-01 -1.117444634e-01 -7.175910473e-02 9.224475920e-02 1.248227805e-01 -1.010086089e-01 5.515395105e-02 7.840037346e-02 -3.055197001e-02 -5.472591519e-02 -1.988576353e-02 -8.681342006e-02 -6.850518286e-02 -1.047216654e-01 -9.166890383e-02 8.602833748e-02 3.846584260e-02 8.398659527e-02 5.000278354e-03 -4.963526130e-02 -1.062913090e-01 -2.554206550e-02 1.112808436e-01 8.243423700e-02 -1.162997931e-01 -1.066933125e-01 2.097246051e-02 -6.991097331e-02 9.275260568e-02 -5.400985479e-02 3.531011939e-02 -1.168191433e-02 -7.302959263e-02 3.541862965e-02 -1.395167410e-02 -9.171709418e-02 -6.758551300e-02 2.485030890e-02 -1.075779945e-01 -5.772370100e-02 4.495185614e-02 -7.195465267e-02 1.150996089e-01
-7.457982004e-02 1.559521258e-02 -5.461388826e-02 8.373148739e-02 3.365100920e-02 5.607159436e-02 1.084089279e-02 1.097659618e-01 1.080882996e-01 -9.595826268e-03 -1.211692989e-01 1.230596751e-01 -6.361781061e-02 -6.292967498e-02 6.163959205e-02 1.304830611e-02 -7.708881795e-02 1.156722009e-02 7.534480095e-02 -4.577642679e-02 -8.192630112e-02 4.250757396e-02 -6.278996170e-02 -1.019973606e-01 7.680258155e-02 5.050513148e-02 -7.040366530e-02 -1.292799413e-02 -8.735616505e-02 3.305898607e-02 -7.804912329e-02 -1.129903942e-01 -5.429731309e-02 2.645027637e-02 5.629907548e-02 -1.036636084e-01 -5.408050120e-02 2.536053956e-02 -2.989162505e-02 6.175342202e-02 -8.325545490e-02 -3.362938762e-02 -3.529927135e-02 -6.313781440e-02 4.562988877e-02 -9.779809415e-02 1.239537895e-01 4.950669408e-02 6.055653095e-03 9.203687310e-02 -1.209080219e-03 -1.207476258e-01 -5.670844018e-02 6.976486742e-02 -2.026388049e-02 -2.734139562e-02 -8.303768933e-02 3.318031132e-02 -5.880716443e-02 -8.622901142e-02 -5.522875488e-02 -1.203546673e-01 3.600962460e-02 -1.630954444e-02
8.245415986e-02 -5.832599103e-02 7.460312545e-02 -3.912769258e-02 -1.081953794e-01 9.698063135e-02 -5.050671101e-02 -9.390605986e-02 2.909888327e-02 4.517327249e-02 6.061792374e-02 -2.744141221e-02 6.612206995e-02 1.806335151e-02 7.001900673e-02 1.190654933e-01 -1.515763998e-02 -2.423524857e-02 7.400524616e-02 -6.871476769e-02 -5.116264522e-02 1.046762466e-01 7.913175225e-02 1.177781373e-01 -8.203612268e-02 7.547397912e-02 -3.198148310e-02 1.135497540e-01 1.547524333e-02 -2.344906330e-02 9.030489624e-02 -7.048177719e-02 9.106042981e-02 5.146019161e-02 -1.171995550e-01 5.889397860e-02 -1.157632470e-02 -3.386074305e-02 -5.512048304e-02 -1.215341687e-01 -2.345070243e-02 1.336728036e-02 -4.058618844e-02 -5.370028317e-02 -1.549179852e-02 1.533080637e-02 -3.788016737e-02 -4.983298481e-02 -9.891659021e-02 8.541330695e-02 -1.246924549e-01 8.011758327e-04 9.235456586e-03 -1.132541597e-01 -4.485426843e-02 7.108254731e-02 -6.769533455e-02 1.115430146e-01 -4.848988354e-02 -2.611140907e-02 -3.297251463e-02 6.582020223e-02 -1.066434681e-01 -3.212721646e-02
5.088672042e-03 4.726955295e-02 -1.249130964e-01 -7.714979351e-02 -6.629584730e-02 1.134010702e-01 1.068871617e-01 1.097033173e-01 -2.668544650e-02 4.933434725e-02 -3.855213523e-03 9.099793434e-02 -1.067574173e-01 -3.020513058e-02 1.057509631e-01 2.870023251e-03 4.104928672e-02 -1.090680510e-01 -4.546786845e-02 -1.059038490e-01 3.800436854e-02 2.247144282e-02 -1.228215396e-01 -3.153538704e-02 -3.397287428e-02 -8.916193247e-02 1.175656766e-01 3.147102892e-02 -6.579592824e-02 8.770024776e-02 -4.450677335e-02 6.640754640e-02 -3.607645631e-03 -7.368101180e-02 4.978677630e-02 -1.199529767e-01 1.445879042e-02 1.240618825e-01 1.013943553e-01 5.350828171e-03 -1.578703523e-02 -3.247141838e-02 6.691914797e-02 7.634848356e-03 1.006625146e-01 -7.120560110e-02 -9.474922717e-02 -4.193089902e-02 8.646182716e-02 8.021135628e-02 6.791855395e-02 -8.951032162e-02 1.234908402e-01 7.879014313e-02 -1.153612435e-01 4.846850038e-02 8.376872540e-02 -1.867927611e-02 3.162150085e-02 -1.990872622e-02 9.013250470e-02 9.519968927e-02 -1.853527129e-02 9.849768877e-02
2.986817062e-02 -3.158485889e-02 5.615290999e-02 1.169869751e-01 2.721984684e-02 2.368734777e-02 9.420371056e-02 -5.200509727e-02 7.767927647e-02 3.851699829e-02 4.233077168e-03 8.688963950e-02 -1.031849831e-01 -3.255181015e-02 1.214484423e-01 -2.118031681e-02 -3.777070343e-02 -8.809304237e-02 -1.236284524e-01 4.896469414e-02 -2.095392346e-02 -5.491776764e-02 2.431665361e-02 9.013783932e-02 5.798393488e-02 -8.331073821e-02 2.508534491e-02 -8.623096347e-02 8.004704118e-02 -4.814307392e-02 9.152622521e-02 -9.559153020e-02 9.804871678e-02 -7.722498477e-02 -8.875907958e-02 7.486148179e-02 -1.140740514e-01 6.650388241e-04 -2.266673744e-02 6.962463260e-02 -4.090897739e-02 -7.365444303e-02 5.361172557e-02 6.437301636e-04 -6.423810124e-02 -2.545520663e-02 -8.992490172e-02 -9.196639061e-03 -8.534726501e-02 -4.715336859e-02 1.015897691e-01 7.242113352e-04 1.316219568e-03 -1.047081649e-01 -2.438463271e-02 -4.829250276e-02 -1.109643877e-01 7.467536628e-02 -5.768711865e-02 9.956207871e-02 -7.374276221e-02 6.475895643e-03 3.955234587e-02 7.853239775e-03
1.546178758e-02 -2.690006793e-02 6.577362120e-02 -3.727391362e-03 6.377917528e-02 -4.173898697e-02 -5.215418339e-02 2.969907224e-02 -1.470059156e-03 -1.080313474e-01 8.625474572e-02 -1.160086542e-01 9.798192978e-02 -1.005078256e-01 -1.066738367e-01 7.714484632e-02 6.034179032e-02 7.733124495e-02 -5.593617260e-02 -1.841868460e-02 9.556084871e-03 4.747319221e-02 -4.666343331e-03 -1.227658242e-01 -3.276389837e-02 8.555008471e-02 -6.876423955e-03 1.405581832e-03 5.212321877e-02 -1.750615239e-02 8.093732595e-02 -5.238537490e-02 1.530703902e-02 2.050140500e-02 1.053992957e-01 -5.227580667e-03 -7.328575850e-02 -2.444055676e-02 -8.324995637e-03 -2.454654872e-02 -1.596418023e-02 -3.511410952e-02 5.677397549e-02 -1.191412657e-01 4.613235593e-02 -8.070658147e-02 1.177805066e-01 3.114640713e-04 1.192699373e-02 -8.973667026e-02 -2.898938954e-02 8.177638054e-02 6.092530489e-02 -8.380430937e-02 1.003339440e-01 -1.284746826e-02 1.021979898e-01 8.948385715e-03 -4.822701216e-02 1.854585111e-02 7.126963139e-02 -1.200531274e-01 -6.179526448e-02 8.794982731e-02
1.129411161e-02 -6.358334422e-02 -9.598419070e-03 6.701306999e-02 3.858476877e-03 -1.005938798e-01 -1.221423596e-01 1.101527214e-01 -3.477071226e-02 -9.326942265e-02 -1.891635358e-02 5.158030987e-02 9.546555579e-02 -7.709506154e-02 7.014200091e-02 -5.061005056e-02 2.619263530e-02 -1.056353748e-02 -9.161171317e-02 -2.371378243e-02 -1.121909618e-01 -1.085481942e-01 -5.244213343e-02 -4.548397660e-02 -7.358336449e-02 4.225409031e-02 -2.150914073e-02 1.024381518e-01 1.007776558e-01 -1.205611229e-02 -2.253763378e-02 -1.465484500e-03 -4.602819681e-03 3.201924264e-02 -1.120378077e-02 1.091939360e-01 2.179373801e-02 2.887988091e-02 -1.020362675e-01 -1.179759949e-01 6.715580821e-03 8.317449689e-02 -3.582313657e-02 3.712056577e-02 -1.149805635e-01 2.208229899e-02 -2.768763900e-02 -5.022644997e-02 -5.957621336e-02 -8.238509297e-03 6.664621830e-02 1.109753698e-01 -9.510497749e-02 3.172893822e-02 -1.170173585e-01 3.569892049e-02 8.402746916e-02 1.644721627e-02 7.479850948e-02 -1.032420546e-01 3.629495203e-02 -6.415452063e-02 2.256964147e-02 5.875363946e-03
8.026905358e-02 4.439651966e-03 5.722351372e-02 7.689540088e-02 -2.537173033e-02 -9.054802358e-02 -6.292954087e-03 5.133602023e-02 -1.139690578e-01 -6.917053461e-02 6.187872589e-02 -8.555628359e-02 1.122242510e-01 -8.033670485e-02 1.005848050e-01 -9.625270963e-02 1.065592468e-02 -3.562957048e-03 4.852142930e-02 1.709960401e-02 1.087938696e-01 -2.678607404e-02 1.118449718e-01 -3.231450915e-02 -1.014083177e-01 9.206046164e-02 2.565926313e-02 3.219366074e-02 3.792899847e-02 7.577528059e-02 6.297938526e-02 4.217626154e-02 1.831209660e-02 9.226456285e-03 6.795686483e-02 1.141531616e-01 -3.419250250e-02 -1.118407398e-01 2.956162393e-02 6.503117085e-02 -8.750422299e-02 -8.226473629e-02 -9.898497164e-02 -6.153807044e-03 -7.219916582e-02 3.878007829e-02 6.117971241e-02 -5.785198510e-02 -7.797068357e-02 -1.169939488e-01 -8.183212578e-02 2.443034947e-02 -5.190834403e-03 -4.694822431e-02 -4.886507988e-03 -4.693409801e-02 -1.239058971e-01 -9.706278145e-02 -3.220665455e-02 -1.125714034e-01 7.165406644e-02 -6.038594246e-02 -8.365108073e-02 -8.757457137e-03
-1.053246558e-01 9.029956162e-02 7.717561722e-02 2.639867365e-02 -9.396107495e-02 6.698684394e-02 -9.973005950e-02 1.000198722e-01 -2.804425359e-02 -7.084757090e-03 -1.111569256e-01 4.083213210e-02 -3.131198883e-02 -2.215872705e-02 -3.971593082e-02 -4.662293196e-02 1.601572335e-02 3.117652237e-02 8.870688081e-02 -1.902817190e-02 7.365323603e-02 -1.216224730e-01 2.876403928e-02 4.828676581e-03 -3.284178674e-02 4.564884305e-02 -3.842815757e-03 -1.275345683e-02 1.170593202e-01 -1.112766117e-01 -7.710489631e-02 -4.870851338e-02 1.089966148e-01 -4.032510519e-02 1.882986724e-02 -2.531512082e-02 8.225063980e-02 7.976548374e-02 -8.523198962e-02 1.109258831e-02 -1.199935079e-01 -5.407765508e-02 -9.303013980e-02 -3.804717958e-02 -1.794993877e-04 -4.374268651e-02 -4.867960513e-02 -4.017665982e-02 1.868650317e-02 -1.026729792e-01 1.013586223e-01 -5.771565437e-02 -2.229586244e-03 -9.378489852e-02 -1.108271927e-01 -7.790422440e-02 -1.043859124e-01 -1.228965223e-01 8.500441909e-02 1.205871999e-01 -7.520343363e-02 1.111617237e-01 1.482489705e-02 1.183702350e-01
-1.001235545e-01 2.187794447e-02 3.890678287e-02 -1.096467376e-01 7.803314924e-02 -3.008992970e-02 8.151939511e-02 -3.056779504e-02 -7.570078969e-02 7.207153738e-02 3.523892164e-02 8.287948370e-02 4.461288452e-03 6.598487496e-02 -5.062375963e-02 1.180480421e-01 6.626850367e-02 -1.240511984e-01 -6.101408601e-02 -7.894015312e-02 -6.195563078e-02 -8.488595486e-04 1.177728474e-01 -4.666167498e-02 -5.155187845e-02 2.258613706e-02 3.027588129e-02 -2.239884436e-02 -4.367643595e-02 -2.117425203e-02 1.622454822e-02 -8.612482250e-02 1.159973443e-01 -1.191131771e-02 9.434685111e-02 -3.731667995e-02 6.490245461e-03 1.834179461e-02 -1.172178537e-01 2.231119573e-02 -2.246861160e-02 2.081865072e-02 2.754226327e-02 7.778564095e-02 -3.720223904e-02 -4.244370759e-02 7.659703493e-02 4.840637743e-02 3.318804502e-02 -8.093391359e-02 -6.253817677e-02 -9.493364394e-02 5.496840179e-02 -6.084455550e-02 7.702557743e-02 -9.553773701e-02 -1.138589382e-01 -6.423377991e-02 8.992999792e-02 6.337523460e-02 -8.744168282e-02 2.792142332e-02 -1.034317911e-01 -9.272271395e-02
-5.732934177e-02 6.599994004e-02 1.606328785e-02 -2.806247771e-02 3.926524520e-02 2.405980229e-02 7.011224329e-02 5.050453544e-02 -5.051702261e-03 3.237605095e-03 -3.762748837e-02 1.018276662e-01 8.196127415e-02 -1.170976758e-01 -3.722541034e-02 -6.312370300e-03 5.236522853e-02 -3.586168587e-02 1.126649976e-01 -7.339954376e-03 1.106669456e-01 -8.846282959e-02 8.298900723e-02 3.556345403e-02 8.634077013e-02 4.132772982e-02 -1.179786772e-01 3.684498370e-02 -6.097976863e-02 -4.252803326e-02 -1.025762260e-01 3.167876601e-02 -2.951516211e-02 -1.751622558e-02 -9.503887594e-02 1.021077633e-01 9.503588080e-02 -4.960809648e-02 2.439096570e-03 -1.007334739e-01 -3.886905313e-02 8.908227086e-02 8.145707846e-02 3.869560361e-02 -7.685367763e-02 5.896483362e-02 -3.797599673e-02 -1.211343706e-02 2.158284187e-02 -1.115779728e-01 -5.447894335e-03 -5.819950998e-02 -6.137029827e-02 2.733314037e-02 -3.516106308e-02 3.871425986e-02 4.150886834e-02 -1.180387586e-01 5.251392722e-03 1.091852784e-01 -7.775923610e-02 6.329327822e-02 -1.129722893e-01 4.422867298e-02
-9.054374695e-02 9.696023166e-02 -9.759496152e-02 4.540100694e-03 1.163908094e-01 6.091873348e-02 -1.916997135e-02 5.519269407e-02 3.052155674e-02 -3.849081695e-02 -3.245876729e-02 -3.760056198e-02 -1.153940409e-01 -8.102418482e-02 -8.610174060e-03 6.640036404e-02 -1.003067642e-01 9.009768069e-02 1.117540300e-01 -6.965695322e-02 5.394849181e-02 8.378663659e-02 -6.248605251e-02 6.174597144e-02 1.129207909e-01 9.410339594e-02 -1.170003116e-01 -9.897768497e-03 -9.322136641e-03 5.690385401e-02 1.455429196e-02 -7.534953952e-02 -1.152213216e-01 -3.251072764e-02 -5.414664745e-03 -8.280199766e-02 4.735873640e-02 -3.975637257e-02 -3.911602497e-02 -6.517133117e-02 -8.342994750e-02 8.084405959e-02 9.619979560e-02 -1.145237684e-02 -6.456649303e-02 -2.984613180e-03 -2.489675581e-02 5.667406321e-02 -2.800019085e-02 -6.773568690e-02 7.935003936e-02 -3.707300127e-02 9.268775582e-02 6.622672081e-03 7.276214659e-02 -7.237166166e-03 -2.854798734e-02 4.478842020e-03 -1.796670258e-02 1.140433550e-02 1.485955715e-02 5.675949156e-02 2.400964499e-03 -9.600594640e-03
6.164401770e-03 1.656578481e-02 1.160658747e-01 3.378340602e-02 1.102856547e-01 5.139644444e-02 8.611847460e-02 -8.621445298e-02 8.817896247e-02 -6.778748333e-02 9.744122624e-03 1.097324789e-01 -3.052085638e-03 6.649754941e-02 -1.169399917e-02 -8.639551699e-02 9.784400463e-02 -6.963168085e-02 1.219898611e-01 -1.896338165e-02 -5.241884291e-02 -1.040801257e-01 7.402223349e-02 -1.015006453e-01 -1.768426597e-02 -8.910477161e-03 4.976195097e-02 -5.270504951e-02 3.089016676e-02 -9.092605114e-02 5.071756244e-02 -3.545606136e-02 7.005769014e-02 1.113360226e-01 1.115984470e-01 -8.889040351e-02 -1.108888686e-01 4.448738694e-02 -8.061859012e-02 -1.804909110e-02 5.705584586e-02 6.835368276e-02 -2.080072463e-02 7.895228267e-02 -5.583617091e-02 -2.419625223e-02 6.874641776e-02 2.214059234e-02 1.113067716e-01 6.674550474e-02 9.277775884e-02 3.383736312e-02 -2.334415913e-03 -2.768683434e-02 9.792929888e-02 2.645984292e-03 1.021496952e-02 -8.006881177e-02 -5.740702152e-03 9.974852204e-03 3.283844888e-02 6.394605339e-02 4.976233840e-02 -1.195989251e-01
-1.032784879e-01 8.552059531e-02 -1.201873124e-01 6.501847506e-02 3.359958529e-03 4.451483488e-02 -9.304076433e-02 4.108992219e-02 -6.265974045e-02 1.238941401e-01 -4.949504137e-02 -2.410437167e-02 2.673834562e-03 3.305122256e-02 -5.326531827e-02 1.112949550e-01 -7.119204104e-02 -1.291938126e-02 3.935410082e-02 -1.216574907e-01 -1.021157056e-01 7.676793635e-02 1.227199733e-01 6.154115498e-02 -6.982703507e-02 2.891536057e-02 -1.202979982e-01 8.362367749e-03 -8.909678459e-02 -3.768359125e-02 7.695043087e-02 1.124507040e-01 -4.298424721e-02 8.464160562e-02 -1.140767634e-01 1.306881011e-02 5.097670853e-02 -7.420022786e-02 7.327078283e-02 9.734085202e-02 2.141676843e-02 7.080003619e-02 1.028863639e-01 2.898932993e-02 6.119024754e-02 -1.450045407e-02 1.399263740e-03 3.950519860e-02 1.185648143e-01 -1.022414863e-01 9.549865127e-02 3.153441846e-02 -7.146434486e-02 5.326807499e-02 7.757797837e-03 -3.844246268e-02 1.137986183e-01 2.556964755e-02 -9.838809073e-02 1.060186476e-01 -5.381743610e-02 7.843658328e-02 7.451803982e-02 -2.306906879e-02
1.146539003e-01 -4.061862826e-03 8.740198612e-02 7.185517251e-02 -7.441395521e-02 8.905388415e-02 -3.122979403e-02 -1.886963844e-02 7.120822370e-02 3.539243340e-02 1.224361509e-01 8.408705890e-02 1.058286428e-02 1.214609593e-01 -4.315453768e-02 -9.291069210e-02 -4.857000709e-02 -7.333126664e-02 -9.214654565e-03 -4.781877995e-02 -9.881211817e-02 4.666849971e-03 -5.751754344e-02 -2.062514424e-03 -4.271526635e-02 -6.120355427e-02 1.225817204e-01 1.732937992e-02 -1.330411434e-02 -2.276997268e-02 1.031474918e-01 -9.574091434e-02 9.167075157e-02 1.242825389e-01 -4.357750714e-02 -6.677122414e-02 5.469962955e-02 1.104071736e-01 -8.162856102e-03 1.053810865e-01 -3.138908744e-02 -1.229230911e-01 6.227144599e-02 1.196446121e-01 -3.229947388e-02 -2.609194815e-02 2.768579125e-02 1.123631150e-01 1.117763966e-01 -7.305264473e-02 9.094102681e-02 -5.730576813e-02 -3.508660197e-02 2.607703209e-02 9.163099527e-02 -7.092010975e-02 1.790577173e-02 -7.914513350e-02 -1.098778099e-01 -6.261734664e-02 -3.556030989e-02 -8.410124481e-02 -9.398663044e-02 -2.470089495e-02
2.094143629e-02 -3.292152286e-02 2.217167616e-02 -5.406898260e-02 -1.132497638e-01 -2.555890381e-02 -1.061933637e-01 7.673358917e-02 -1.017035097e-01 1.139585674e-01 -8.690932393e-02 4.981377721e-02 6.895372272e-02 -8.946539462e-02 5.470126867e-03 1.201867312e-01 1.233350039e-01 -1.118289679e-01 2.420814335e-02 8.518281579e-02 -5.127094686e-02 5.945213139e-02 -5.116876960e-02 9.607176483e-02 7.706461847e-02 -5.287116766e-02 1.146134585e-01 2.444677055e-02 -1.525732875e-02 7.204173505e-02 3.203435242e-02 -2.740788460e-02 -4.494346678e-02 1.004522890e-01 -6.554146111e-02 -9.452299774e-02 -3.387698531e-02 -6.816376746e-02 3.755316138e-02 7.679730654e-03 2.982647717e-02 -9.212152660e-02 6.149871647e-02 1.015553027e-01 -1.535946131e-02 1.178487241e-01 7.144929469e-02 -9.382443130e-02 -1.519101858e-02 -4.931844771e-02 2.108839154e-02 7.462629676e-02 -1.020097136e-01 1.222359836e-01 -7.209378481e-02 -1.084945947e-01 -6.362333894e-03 4.701563716e-02 1.181465983e-01 3.215061128e-02 2.372953296e-02 -1.059400737e-01 -1.013236493e-01 6.383416057e-02
-8.571937680e-02 -5.723817647e-02 3.690998256e-02 -1.021879762e-01 5.109545588e-02 3.498946130e-02 8.813637495e-02 6.145782769e-02 -9.349644184e-02 4.642912745e-02 1.081049591e-01 3.898148239e-02 7.291719317e-02 -1.052637398e-01 3.151485324e-02 1.181386709e-01 -3.502821922e-02 5.648399889e-02 4.744194448e-02 2.108001709e-02 7.001739740e-02 3.781498969e-02 -1.172994822e-01 -1.506605744e-02 -5.664272606e-02 7.243171334e-02 -6.346601248e-02 -5.730633438e-02 4.018731415e-02 6.221458316e-03 -3.483586013e-02 -7.443927228e-02 4.380881786e-03 6.730209291e-02 1.188278198e-03 -5.136215687e-02 -1.079354882e-01 -6.367927790e-02 -5.752979219e-02 1.135751307e-01 -6.732858717e-02 -1.441590488e-02 -3.032505512e-02 -5.958554149e-02 1.109260917e-01 -7.240593433e-03 -8.569592237e-02 -2.115105093e-02 1.005850583e-01 -2.538664639e-02 -1.145029664e-01 -7.561086118e-02 -1.122762263e-02 4.808607697e-02 1.249580085e-02 5.150334537e-02 -8.968660235e-02 3.787361085e-02 3.949287534e-02 -8.246462047e-02 9.420618415e-03 8.470785618e-02 2.527421713e-02 -1.374618709e-02
7.093197107e-02 1.082682908e-01 -1.192829013e-02 1.012124568e-01 -4.347720742e-02 9.914118052e-02 -1.029679179e-01 -1.081504524e-01 -7.579641044e-02 7.407025993e-02 2.174189687e-02 1.135155559e-01 1.006353050e-01 1.042430252e-01 -8.589182794e-02 -3.592923284e-02 -2.105186880e-02 8.851526678e-02 -2.987848222e-02 -1.158216745e-01 6.115540862e-02 5.330733955e-02 1.122505367e-01 -4.705020785e-02 3.772456944e-02 -1.225000024e-01 2.853196859e-02 -5.516916513e-02 2.996206284e-02 -8.195711672e-02 -6.573483348e-02 -3.418380022e-02 3.170564771e-03 -2.686066926e-02 7.951454818e-02 5.210795999e-02 -3.253038228e-02 3.263612092e-02 1.173944920e-01 -6.330777705e-02 -2.553801239e-02 5.584436655e-02 7.563129067e-03 -1.106053442e-01 -6.524521112e-02 1.119967550e-01 -8.728981018e-03 1.221653372e-01 7.071177661e-02 -4.708845913e-02 2.501656115e-02 8.534507453e-02 -9.263975918e-02 3.716406226e-02 7.124781609e-03 -7.487714291e-03 -1.027181894e-01 -7.784147561e-02 5.439969897e-02 -8.887523413e-02 -7.233203948e-02 -5.811336637e-02 1.181371510e-02 1.008537412e-02
-4.360154271e-02 5.691081285e-03 1.168556064e-01 -3.540037572e-02 2.125413716e-02 -8.528019488e-02 8.188784122e-04 9.750899673e-02 2.358797193e-02 -1.185105592e-01 2.077952027e-03 -2.363538742e-02 -3.836850822e-02 1.128678173e-01 9.344224632e-02 -9.201122820e-02 8.352437615e-02 2.978529036e-02 -1.108511835e-01 6.525035203e-02 -8.542573452e-02 -3.963907063e-02 1.873593032e-02 -4.282593727e-04 -7.847078145e-02 -5.069449544e-03 1.220415384e-01 3.452907503e-02 7.531799376e-02 -9.663422406e-02 1.098754853e-01 -1.003737748e-02 3.963680565e-02 -1.239184737e-01 9.275270998e-02 1.594173908e-02 -2.819547057e-02 1.150588542e-01 8.787760139e-02 1.289182901e-02 1.088434458e-02 4.812484980e-02 -9.832690656e-02 -4.784490168e-02 -1.104952246e-01 1.198901087e-01 4.512341321e-02 -5.082327127e-02 1.066745669e-01 5.983011425e-02 -1.098398417e-01 -5.590139329e-02 1.073662639e-01 -6.251063943e-02 3.482140601e-02 6.266281009e-03 -1.460075378e-02 3.633537889e-02 3.145895898e-02 2.464453876e-02 -3.802955151e-03 -7.890319824e-02 -1.828727126e-02 -6.713362038e-02
8.397322893e-02 -1.614944637e-02 -1.011623889e-01 8.062846959e-02 -6.212073565e-02 6.686356664e-02 -1.220630705e-01 5.839186907e-02 2.799828351e-02 -7.989555597e-02 3.743392229e-02 1.073713601e-02 -5.882382393e-03 3.326863050e-02 -3.843145072e-02 -5.290406942e-02 -5.998472869e-02 1.151971817e-01 -5.075755715e-02 -6.561854482e-02 1.258903742e-02 8.226691186e-02 1.005843878e-01 6.541588902e-02 -7.637284696e-02 -1.191601157e-03 9.857468307e-02 6.186199188e-02 -4.395884275e-02 -2.672326565e-02 8.851358294e-02 1.112328470e-01 9.634050727e-02 2.719791234e-02 7.079607248e-02 6.762294471e-02 5.801817775e-02 -4.356260598e-02 4.971466959e-02 -1.550842822e-02 8.385272324e-02 8.441630006e-02 7.361353934e-02 -1.066098064e-01 1.210019439e-01 -1.243263930e-01 1.199786365e-02 -6.145766377e-02 -2.008321881e-02 1.167629063e-01 -7.568387687e-02 1.229301095e-03 8.288156986e-02 9.884050488e-02 3.164768219e-02 8.247081935e-02 6.362169981e-02 5.180247128e-02 -9.623372555e-02 3.226381540e-02 -9.872364998e-02 9.991636872e-02 2.226743102e-02 -7.707987726e-02
5.401486158e-02 4.130859673e-02 -4.962742329e-02 -1.503573358e-02 1.132076830e-01 -7.785846293e-02 -3.755334020e-02 -3.045688570e-02 -8.818711340e-02 9.868389368e-02 -8.858402073e-02 5.021318793e-02 -1.374408603e-02 -7.524706423e-02 8.441843092e-02 -8.186763525e-02 -2.579076588e-02 8.939006925e-02 8.200792968e-02 1.166690290e-01 5.144241452e-02 6.328648329e-02 -9.994815290e-02 -3.029283881e-02 -2.188530564e-02 -2.851097286e-02 4.820629954e-03 2.458262444e-02 -3.050062060e-02 3.145258129e-02 2.849772573e-02 -2.352789044e-02 4.712367058e-02 -8.289967477e-02 -4.260729253e-02 -2.277900279e-02 -1.385922730e-02 -7.220664620e-02 -6.782218814e-03 6.942510605e-02 8.607779443e-02 3.772804141e-02 -8.960638940e-02 1.126834452e-01 -1.121862978e-01 3.624987602e-02 1.222732961e-01 -3.462941945e-02 -6.853178144e-03 -2.811574936e-02 -1.140382588e-01 1.174159199e-01 5.373392999e-02 4.293783009e-02 -3.390315175e-02 1.019006521e-01 -4.624344409e-02 4.173807800e-02 -1.002108753e-01 -5.344276130e-02 1.672509313e-02 6.952509284e-03 1.478928328e-02 5.454955995e-02
-1.203551441e-01 4.094567895e-02 4.146079719e-02 5.541607738e-02 7.432387769e-02 9.623995423e-02 8.113536239e-02 6.268553436e-02 -5.642113090e-02 8.589233458e-02 -9.378685057e-02 3.302864730e-02 2.873793244e-02 8.256407082e-02 1.240764111e-01 9.267988801e-02 -3.052650392e-02 -8.370611072e-02 -1.150703132e-01 1.152314544e-01 -1.087567508e-01 -1.060928553e-01 -3.353551030e-03 3.018572927e-03 -2.103956044e-02 -8.415223658e-02 1.174421310e-01 7.517085969e-02 4.608568549e-02 -1.582600176e-02 -9.530988336e-02 -3.323082626e-02 1.088599563e-01 2.716414630e-02 1.091558486e-01 6.145599484e-02 1.144882888e-01 9.081494808e-02 6.716108322e-02 4.585817456e-03 2.009148896e-02 -1.115308404e-01 1.107705981e-01 -1.052788943e-01 -9.630335867e-02 2.565854788e-02 3.286644816e-02 8.291967213e-02 1.115586013e-01 -1.226780564e-01 -9.588630497e-02 -1.083571911e-01 9.820799530e-02 -6.724391878e-02 -6.292587519e-02 -3.933514655e-02 -6.616562605e-03 3.640878201e-02 -6.230784953e-02 4.020895064e-02 9.949104488e-02 -2.794773877e-02 -1.752942801e-03 4.601742327e-02
-3.758752346e-02 -4.068863392e-02 -1.178499907e-01 4.685223103e-03 -9.789177775e-02 -1.323561370e-02 -1.229931712e-01 -8.341713250e-02 1.244713962e-01 -9.433272481e-02 7.855942845e-02 -1.082408726e-01 -1.091797948e-01 -7.899850607e-02 -1.011329293e-01 -4.262204468e-02 -1.651141047e-02 -5.988706648e-02 -1.054012328e-01 -1.106542349e-02 -2.361647785e-02 -1.146349758e-01 -1.744046807e-03 7.852484286e-02 -1.138796508e-01 4.897740483e-02 -1.232053339e-01 3.494983912e-02 -7.481828332e-02 2.249896526e-03 -9.937533736e-02 8.883452415e-02 1.802301407e-02 2.195388079e-03 5.537509918e-03 -1.220984310e-01 1.028214842e-01 1.159392446e-01 5.905757844e-02 -9.894646704e-02 4.744164646e-02 -5.618730187e-02 5.217222869e-02 -1.088081598e-01 -6.553350389e-02 -7.305972278e-02 -1.009056866e-01 2.714191377e-02 2.970378101e-02 3.942905366e-02 2.174890041e-02 -4.484087229e-03 7.589560747e-02 1.020885110e-01 9.364768863e-02 9.924936295e-02 -8.362898231e-02 5.401448905e-02 3.745365143e-02 5.280205607e-02 -5.981820822e-02 -9.619013965e-02 -6.852447987e-02 -9.676124156e-02
-6.964612007e-02 -1.631630957e-02 9.181477129e-02 -9.211754799e-02 -1.099073887e-01 4.402941465e-02 8.849550784e-02 1.135106385e-02 -5.088818073e-02 8.447532356e-02 -4.780001938e-02 1.034722030e-01 9.278684855e-03 -5.045251548e-02 -1.007896811e-01 -2.239428461e-02 -1.138996929e-01 4.244543612e-02 9.930828214e-02 -1.178327054e-01 2.634337544e-02 -2.197426558e-02 -7.313466072e-02 -2.490966022e-02 -1.137514412e-01 -8.762776852e-03 6.415219605e-02 7.286554575e-02 7.562507689e-02 4.813285172e-02 -1.207843125e-01 1.096818745e-01 -1.160987169e-01 2.465024590e-02 5.430033803e-02 3.740704060e-02 -3.164298832e-02 -1.123359799e-01 7.213200629e-02 -8.477964997e-02 8.080545068e-02 -4.052858055e-02 4.882507026e-02 -4.404316843e-02 8.119064569e-02 2.379451692e-02 -1.124382019e-02 -8.297181129e-02 -3.382109106e-02 9.930673242e-02 -2.215951681e-03 -3.358960152e-02 -5.353212357e-03 -4.023063183e-02 2.211597562e-02 1.017306149e-01 6.341953576e-02 1.105824560e-01 6.706780195e-02 -1.667425036e-03 -8.939547837e-02 -1.106659770e-01 2.366527915e-02 8.410993218e-02
1.169841588e-01 1.194849312e-01 4.131400585e-02 -8.460077643e-02 -9.080132842e-02 1.517224312e-02 -2.622041106e-02 8.574694395e-03 -1.446183026e-02 -2.027918398e-02 -3.573714197e-02 8.764249086e-02 -2.776509523e-02 -4.867303371e-02 1.502589881e-02 2.692833543e-03 -8.908377588e-02 5.318191648e-02 -5.851908028e-02 -6.914994121e-02 -1.208295226e-01 3.332458436e-02 8.882746100e-02 -7.261596620e-02 -3.141745925e-03 3.008782864e-03 1.315516233e-02 9.111784399e-02 -2.458915114e-03 1.130004972e-01 3.307820857e-02 4.396083951e-02 1.047828794e-02 4.919628799e-02 8.467958868e-02 -9.166495502e-02 5.049763620e-02 -1.181410551e-01 -8.200357854e-02 9.668618441e-04 7.228448987e-03 4.598297179e-02 1.191949844e-02 5.073437095e-02 5.657267570e-02 -8.615225554e-03 1.229367107e-01 -1.572272182e-02 -4.915654659e-03 2.709756792e-02 -1.037685424e-01 -6.728376448e-02 6.363958120e-02 2.691414952e-02 -4.703298211e-03 -7.061356306e-02 -1.241891235e-01 3.679905832e-02 3.317740560e-02 7.620163262e-02 -2.851775289e-02 -5.681461096e-02 -1.098325849e-01 -8.664061129e-02
-9.213474393e-02 4.470685124e-02 -9.012445807e-03 -1.104341000e-01 6.011758745e-02 -2.706308663e-02 3.544569016e-03 -1.021078676e-01 6.001131237e-02 1.178026944e-01 1.066804677e-01 9.993873537e-02 -1.883536577e-03 -9.180453420e-02 3.084926307e-02 -2.382624149e-02 1.767052710e-02 4.441085458e-02 2.270495892e-02 -1.599773765e-02 -8.320033550e-02 -8.742137253e-02 -1.064040661e-01 8.822673559e-02 -7.099072635e-02 4.168671370e-02 -8.059532940e-02 7.697734237e-02 -4.212342203e-02 1.067720056e-01 -3.646838665e-02 -1.925474405e-02 6.569373608e-02 -2.688077092e-02 -3.368011117e-02 -9.933322668e-03 -9.254592657e-02 3.308613598e-02 -1.362933218e-02 -1.082854867e-01 -4.250554740e-02 -7.612918317e-02 -1.037277728e-01 -1.081213802e-01 7.216811180e-02 2.242967486e-03 -6.305058300e-02 3.376142681e-02 -3.938867152e-02 6.117290258e-02 6.889058650e-02 1.203207672e-01 -7.798463106e-03 4.940077662e-02 -5.639290810e-02 7.443162799e-02 9.603406489e-02 8.708934486e-02 1.000199318e-01 6.380435824e-02 6.432357430e-02 -1.041852087e-01 2.219524980e-02 9.721148014e-02
2.936764061e-02 -6.640419364e-02 -9.045892954e-02 1.045369655e-01 1.223052293e-01 4.167819023e-02 -5.358375609e-02 -9.533578157e-02 2.135138214e-02 -2.721624076e-02 -1.124730557e-01 -1.049344540e-01 -5.184337497e-03 1.002823561e-01 9.349957108e-03 -9.826704860e-03 2.969330549e-02 1.168004870e-01 1.057147831e-01 -6.950739026e-02 6.710118055e-02 2.072735131e-02 1.231588721e-01 9.531989694e-02 -6.240233779e-02 -4.101616144e-02 2.868363261e-02 9.866714478e-02 8.511522412e-02 -4.600198567e-02 1.146066636e-01 5.155478418e-02 8.879347146e-02 7.424621284e-02 8.484661579e-03 -3.054441512e-02 1.087065488e-01 -7.656271756e-02 -8.497904241e-02 1.105392277e-01 -7.685345411e-02 5.212734640e-02 -3.970675170e-02 6.033852696e-03 5.055665970e-04 1.169981956e-01 -4.757268727e-02 -6.977657974e-02 4.410924017e-02 -3.706312180e-02 -1.034768075e-01 -3.974655271e-02 7.340571284e-02 -3.813855350e-02 -4.036411643e-02 -8.784598112e-02 -7.671602070e-02 3.173898160e-02 -8.598226309e-02 -1.597008109e-02 4.191184044e-02 -1.030775309e-01 6.529299915e-02 1.371151209e-02
-4.058265686e-02 -8.100621402e-02 1.049426943e-01 9.799391031e-02 2.055940032e-02 -7.762107253e-02 5.126197636e-02 -7.787372172e-02 -1.180270761e-01 1.235949993e-01 5.853539705e-02 -3.436979651e-02 1.002873480e-01 1.463174820e-03 4.157915711e-02 1.707345247e-03 1.034421772e-01 9.721085429e-02 8.202940226e-04 6.702578068e-02 3.902877867e-02 5.767196417e-02 -1.164242625e-02 -5.363324285e-02 1.069807112e-01 8.858406544e-02 -1.219307631e-01 2.911129594e-02 1.137203425e-01 7.839451730e-02 8.025997877e-02 8.745373785e-02 -1.024570763e-01 -7.195664942e-02 1.081906408e-01 1.479120553e-02 -4.502204061e-02 1.192070395e-01 -3.224273026e-02 6.735582650e-02 -2.864497900e-02 9.692434967e-02 4.310643673e-02 -1.147782654e-01 4.286827147e-02 -4.296074808e-02 3.846684098e-02 3.336705267e-02 6.373552978e-02 -6.891694665e-02 7.262063026e-02 7.407777011e-02 -1.124540716e-01 1.030452847e-01 1.359558105e-02 1.163280308e-01 -4.209771752e-02 -9.174995124e-02 5.841016769e-03 3.586962819e-02 3.031019866e-02 -1.185129583e-02 -7.922172546e-02 -8.683487773e-03
1.014788896e-01 -9.156784415e-02 9.883221984e-02 -1.152545214e-03 -3.976935148e-02 -4.510158300e-02 1.072100252e-01 -1.167473644e-01 -1.060670167e-01 -1.098469943e-01 -1.035030037e-01 4.677060246e-02 -7.301354408e-02 1.621831954e-02 6.400650740e-02 -9.482035041e-02 6.730884314e-02 -2.975876629e-02 -1.205447018e-01 4.543174803e-02 1.139312536e-01 -2.636972070e-02 1.308485866e-03 7.852366567e-02 -5.599462986e-02 2.163800597e-02 1.421745121e-02 2.089391649e-02 3.603652120e-03 -9.747131169e-02 -7.107000053e-02 -1.388451457e-02 -9.207990766e-02 -4.788771272e-02 2.909952402e-02 4.217177629e-04 2.741840482e-02 -6.389376521e-02 4.652762413e-02 -1.148044467e-01 6.952159107e-02 2.063243091e-02 8.349356055e-02 6.891788542e-02 3.189419210e-02 -2.192729712e-02 -1.084856689e-02 5.131810904e-02 1.124230176e-01 6.189680099e-02 8.385106921e-03 -7.749119401e-02 5.596980453e-02 7.274277508e-02 6.858153641e-02 7.919520140e-04 1.074909270e-01 9.451143444e-02 -2.959018946e-02 9.304220974e-02 7.120928168e-02 -3.041678667e-02 5.723513663e-02 9.689132869e-02
3.855849802e-02 -6.047837436e-02 -2.491846681e-02 -3.990709782e-03 -2.379873395e-02 -8.452817798e-02 -3.848254681e-02 4.813443124e-02 8.179745078e-02 -1.972500980e-02 5.606859922e-03 1.222857088e-01 -9.796890616e-02 -2.683396637e-02 -1.148163825e-01 -1.153706014e-02 -7.796265185e-02 -8.992007375e-02 4.467320442e-02 -6.871716678e-02 6.633152068e-02 7.793912292e-02 4.741925001e-02 1.813149452e-02 5.392672122e-02 9.724205732e-02 -1.182660460e-02 -7.469801605e-02 -4.174828529e-03 -8.022834361e-02 4.165987670e-02 -8.858144283e-03 -1.150019169e-01 -1.192624867e-01 -8.448299766e-02 6.696170568e-02 -6.890477240e-02 6.693923473e-02 7.764187455e-02 1.479050517e-02 6.880055368e-02 2.455945313e-02 -3.123646975e-02 6.459575891e-02 6.515806913e-02 9.824335575e-03 -9.846912324e-02 -8.282183111e-02 9.906794131e-02 -8.743718266e-03 -3.608922660e-02 -9.941433370e-02 5.109924078e-02 7.875615358e-02 -7.710985839e-02 4.186333716e-02 -1.285752654e-02 -1.142698526e-01 1.109308302e-01 -1.033034176e-01 5.005259812e-02 -3.583930433e-02 -6.479728222e-02 -6.462226808e-02
2.159583569e-02 -2.693812549e-02 1.848056912e-02 -2.134622633e-02 -6.587493420e-02 -4.855349660e-03 -9.713910520e-02 1.028216332e-01 1.018813252e-02 -7.677401602e-02 1.178673953e-01 9.051541984e-02 -9.700147808e-02 -9.460180998e-02 7.549495995e-02 -8.292749524e-03 -7.416354120e-02 1.116370857e-01 3.155255318e-02 1.101801544e-01 4.770013690e-02 -6.155399978e-02 5.199657381e-02 -9.701690078e-02 1.103357673e-01 6.329952180e-02 -1.164039969e-01 7.602693141e-02 -3.302103281e-02 -4.738464952e-03 -2.054099739e-02 2.359162271e-02 1.379315555e-02 -4.852274060e-02 -8.661650121e-02 6.788136065e-02 -1.188962311e-01 1.171156466e-01 1.087819487e-01 -4.543066025e-03 9.927193820e-02 2.019092441e-03 1.052041948e-01 -7.370558381e-02 -1.146785915e-02 -1.040984392e-01 8.279079199e-02 2.506223321e-02 9.950937331e-02 1.056945026e-01 6.629815698e-02 8.763208985e-03 -3.208743036e-02 2.832280099e-02 1.180436313e-01 1.242369860e-01 9.154669940e-02 -2.324050665e-02 9.982885420e-02 -1.135329604e-01 2.201782167e-02 8.251725137e-02 -3.748223186e-03 9.366941452e-02
-2.021424472e-02 8.500500023e-02 -1.218531281e-01 6.255006790e-02 3.167824447e-02 7.595039904e-02 -3.339888155e-02 -3.230528533e-02 1.131279618e-01 1.018050909e-01 -6.420791149e-02 -1.014613509e-01 1.230507940e-01 4.772135615e-02 8.486966789e-02 -1.166313440e-01 5.742269754e-02 -1.169633418e-01 -2.311818302e-02 -2.979122102e-02 -7.201096416e-02 -8.229051530e-02 -8.543847501e-02 -8.672297001e-03 -9.608484805e-02 -5.658388138e-02 -5.560162663e-02 -2.585549653e-02 2.033144236e-02 -9.408158064e-02 1.180190593e-01 -1.237461716e-01 5.659443140e-02 -1.162438691e-01 -2.398332953e-02 -1.219324768e-02 1.106496453e-01 -1.082735807e-01 -7.513564825e-02 -6.559967995e-03 -1.200274080e-01 2.019044757e-02 6.760403514e-03 4.067045450e-02 -2.355267107e-02 3.704440594e-02 5.085958540e-02 7.927654684e-02 5.716212094e-02 9.884236753e-02 8.233396709e-02 -1.552172005e-02 8.675058186e-02 2.859275043e-02 5.464868248e-02 -9.280370176e-02 6.509605050e-02 4.115715623e-03 -9.124286473e-02 -4.790666699e-02 -3.063875437e-02 -5.173039436e-02 -2.178207040e-03 -8.593709767e-02
7.959678769e-02 -3.170387447e-02 -1.042336226e-04 5.128675699e-02 4.881155491e-02 -1.218495071e-01 -4.822628200e-02 -1.052034944e-01 -1.159205288e-01 8.024722338e-02 9.665358067e-02 -8.884681761e-02 -4.943211377e-02 6.337624788e-02 1.166336387e-01 1.065903753e-01 7.736761868e-02 -1.075642556e-01 -7.003536820e-02 9.812617302e-02 -1.118026972e-01 -5.178512633e-02 -9.956447780e-02 -9.942059219e-02 3.157919645e-02 -3.881520033e-02 -1.152077019e-01 -9.683591127e-02 1.050314307e-01 1.035237759e-01 5.930264294e-02 5.587585270e-02 -7.445850968e-02 -4.586905241e-02 -4.973158240e-03 4.762540758e-02 -1.094877720e-03 3.113538027e-02 -6.521128118e-02 -4.618568718e-02 4.681032896e-02 -1.153563261e-01 6.083533168e-03 1.116418391e-01 -7.953399420e-02 -2.699069679e-02 -2.266372740e-02 -4.635132849e-02 7.457600534e-02 2.781756222e-02 1.199431121e-01 -3.280967474e-02 4.539367557e-02 3.536903858e-02 -6.927761436e-02 -1.234511584e-01 6.991635263e-02 -8.283039927e-02 -4.168291390e-02 -2.577887475e-02 -1.181411296e-01 7.961264253e-02 -3.186143935e-02 -6.615316868e-02
-1.128033102e-01 1.547750831e-02 -1.991257071e-03 -1.999826729e-02 -4.641300440e-02 4.826919734e-02 -2.673551440e-02 1.176686585e-02 7.958747447e-02 3.518709540e-02 -9.097470343e-02 -2.049052715e-02 -4.484775662e-02 1.058363914e-02 7.703651488e-02 -1.176504791e-02 -4.707784951e-02 -6.687894464e-02 7.070507109e-02 -3.543365002e-02 7.502332330e-03 -2.556504309e-02 -9.368801117e-02 4.661601782e-02 9.959705174e-02 -7.357187569e-02 1.620842516e-02 3.824244440e-02 -3.411012888e-02 -2.223689854e-02 -2.398878336e-03 7.282030582e-02 -5.661591887e-03 -1.248072833e-01 -3.891320527e-02 -5.437910557e-02 -8.085399866e-03 -6.737503409e-02 1.977247000e-02 -1.945336163e-02 -6.054387987e-02 -1.391738653e-02 -9.581479430e-02 -6.224410236e-02 6.348061562e-02 2.823546529e-03 6.740741432e-02 3.312641382e-02 8.104252815e-02 1.157127917e-01 1.002331674e-01 -2.959553897e-02 -5.104576051e-02 9.902609885e-02 6.238156557e-02 1.086030304e-01 1.149912328e-01 8.769600093e-02 1.528391242e-02 -4.057452083e-03 -6.641119719e-02 1.217712164e-01 -6.710933149e-02 7.243014872e-02
-1.303143799e-02 -6.946814060e-02 -9.150257707e-02 3.212086856e-02 -4.124930501e-02 7.251897454e-02 -5.828996003e-02 -2.270948887e-02 3.770340979e-02 1.164510399e-01 -1.072157770e-01 -7.180637121e-02 -7.266791165e-02 3.465461731e-02 1.034608483e-01 2.069099247e-02 1.498426497e-02 8.387555182e-02 -9.400074184e-02 1.213480532e-01 1.227152050e-01 -8.610406518e-02 -5.717664957e-03 5.434085429e-02 -8.067269623e-02 -5.920970440e-02 8.873699605e-02 9.521487355e-02 -9.437669814e-02 5.392509699e-02 -6.265360117e-02 -1.611298323e-02 -1.245286018e-01 -1.055586785e-01 -1.212075353e-02 -8.678708971e-02 -6.652992964e-02 6.163264811e-02 7.259903848e-02 -9.188887477e-02 8.789005876e-02 1.223995984e-01 -2.794307470e-02 4.855611920e-02 -1.610894501e-02 -7.138282061e-03 -3.047595918e-02 3.167262673e-02 1.156245917e-01 -4.039661586e-02 -4.167470336e-02 1.193655729e-01 9.386771917e-02 -8.397907019e-02 1.128913611e-01 -2.339401841e-02 3.478130698e-02 1.692891121e-02 -1.482148468e-02 -7.544964552e-02 4.209071398e-03 -8.822900057e-02 -2.491183579e-02 7.322211564e-02
9.271617234e-02 -8.193722367e-02 5.519069731e-02 -4.461348057e-03 9.221754968e-02 8.779118955e-02 -3.805907071e-02 6.734021008e-02 3.619177639e-02 5.263645947e-02 -7.910612226e-02 1.965539157e-02 -1.042899936e-01 6.693476439e-02 -3.227934241e-02 5.053363740e-02 9.231860936e-02 1.620364189e-02 -9.819246829e-02 -9.076635540e-02 1.808375120e-02 -1.217414886e-01 6.899002194e-02 -3.267633915e-02 -9.815949202e-02 7.985711098e-02 1.670859754e-02 1.132757366e-01 3.125742078e-03 4.849487543e-02 6.876176596e-02 5.948387086e-02 -5.664582551e-02 -1.023003459e-01 -7.807880640e-03 1.153885424e-01 7.880018651e-02 -4.200376570e-02 -4.443535209e-02 8.693228662e-02 7.954688370e-02 5.641347170e-02 -1.078809649e-01 -1.151215285e-01 8.626462519e-02 1.062296033e-01 1.119729578e-01 6.455369294e-02 -4.682691395e-02 -1.207846403e-02 1.128020734e-01 -4.236504436e-03 -7.280683517e-02 5.438433588e-02 -8.487835526e-02 3.479947150e-02 -5.686691403e-02 -2.236095071e-02 5.756220222e-02 -5.964314938e-02 -6.443858147e-04 -1.062001586e-01 1.990887523e-02 -4.220643640e-02
4.733043909e-02 9.749078751e-02 -7.861995697e-02 1.182682961e-01 5.108094215e-02 1.117445678e-01 9.421482682e-03 -7.477851212e-02 -9.663271904e-02 1.019818932e-01 -7.204452157e-02 -7.896877825e-02 -4.198144376e-02 -1.249263883e-01 -3.764033318e-05 1.951903105e-04 2.106177807e-02 -4.106163979e-03 -7.196331024e-02 1.064250469e-01 -5.709981918e-02 -1.083620787e-01 9.340815246e-02 -1.007363945e-01 -9.103417397e-02 -1.164869964e-01 6.990805268e-02 2.898366749e-02 9.411226213e-02 7.740437984e-02 -7.257717848e-02 2.889126539e-02 9.515151381e-03 7.215188444e-02 -5.662605166e-02 1.042366773e-01 -2.708071470e-02 -7.213895023e-02 -1.344200969e-02 6.030243635e-02 1.802229881e-02 9.978753328e-02 3.941185772e-02 1.095996499e-01 3.925840557e-02 -1.247432977e-01 -8.383572102e-03 -3.553988039e-02 1.046885103e-01 1.082857996e-01 3.441902995e-02 -5.966985226e-02 -4.379013181e-02 -8.024959266e-02 -1.090770662e-01 -6.426556408e-02 9.723617136e-02 5.071510375e-02 2.218836546e-02 1.079717577e-01 -4.489108920e-02 1.135126501e-01 -7.629926503e-02 2.055938542e-02
-3.485399485e-02 5.514541268e-02 3.764675558e-02 6.062223017e-02 2.515068650e-02 -1.009728163e-01 7.077251375e-02 3.005106747e-02 5.590946972e-02 -1.021576077e-01 -1.192252785e-01 7.484507561e-02 8.366256952e-02 -6.191824377e-02 -4.121698439e-02 4.559835792e-02 -2.122582495e-02 -9.096245468e-02 -1.040699780e-01 3.897835314e-02 1.111537367e-01 1.160079241e-01 -6.552106142e-02 1.013326049e-01 -6.471425295e-04 3.349690139e-02 -1.031967849e-01 -1.794318855e-02 -6.863757968e-03 1.518878341e-02 2.650791407e-02 2.571970224e-03 -3.606021404e-03 1.752810180e-02 -6.837366521e-02 8.996741474e-02 -7.524222136e-02 2.666211128e-02 -9.409031272e-02 3.115864098e-02 1.089249849e-01 -9.279844165e-02 7.127101719e-02 7.806742191e-02 7.968220115e-02 1.120369881e-01 -8.937095106e-02 1.220815033e-01 -5.462844670e-02 -2.180215716e-02 4.485943913e-02 -7.683230937e-02 -1.885548234e-02 1.228611767e-01 8.254140615e-03 -7.113869488e-02 -5.350282788e-02 4.393242300e-02 -3.148284554e-02 -6.531739235e-02 4.447048903e-02 2.853631973e-02 7.615707815e-02 -4.385694861e-03
6.423664093e-02 -3.603561223e-02 7.541877031e-02 -1.177582145e-02 1.120961010e-01 -2.684159577e-02 -1.092801243e-01 7.216304541e-03 4.510670900e-02 1.055683643e-01 -1.122021675e-01 2.442806959e-02 7.975980639e-02 -3.987956047e-02 -2.755498886e-02 2.930396795e-02 8.308300376e-02 9.718681872e-02 1.046020687e-01 8.757218719e-03 7.103329897e-02 -5.614204705e-02 -7.058630884e-02 9.589993954e-02 -9.793688357e-02 1.236326694e-01 2.270109951e-02 2.486196160e-02 -3.219000995e-02 -5.209378898e-02 -1.903136075e-02 7.652337849e-02 -8.889529109e-02 -6.684063375e-02 -1.044117510e-01 3.137359023e-02 5.674004555e-02 -8.672878146e-03 1.088758111e-01 3.611278534e-02 -1.741942763e-02 -5.212287605e-02 -1.452885568e-02 6.274029613e-02 2.063867450e-02 -1.202712208e-01 -9.923124313e-02 9.836615622e-02 -3.575921059e-02 -9.881991148e-02 -1.171673834e-02 6.221865118e-02 -1.093528867e-01 -1.809597015e-04 -1.214250326e-01 2.025611699e-02 1.176393479e-01 -8.359298110e-03 -1.013539284e-01 3.324063122e-02 -1.117053926e-01 1.538576186e-02 -3.015522659e-02 7.158932090e-02
7.119476795e-02 -4.242222011e-02 9.800285101e-02 2.138546109e-02 9.163898230e-02 -7.601493597e-02 6.046359241e-02 5.907574296e-02 -1.016997695e-01 -9.112016857e-02 1.158800721e-01 5.228720605e-02 -9.351646900e-02 7.488995790e-02 -8.681198955e-02 1.672187448e-02 -1.198333353e-01 -5.811728537e-02 2.482743561e-02 -2.979001403e-02 5.115711689e-02 2.183505893e-02 1.682700217e-02 3.760394454e-02 3.052735329e-02 -1.212194115e-01 6.799760461e-02 -8.200640976e-02 -2.613177896e-02 -1.917999983e-02 -8.327820897e-02 -1.016031206e-01 1.114136279e-01 -3.914375603e-02 4.425647855e-02 -3.295601904e-02 -1.055312753e-01 -7.407988608e-02 6.471616030e-02 -9.707167745e-03 -7.694450021e-02 6.011244655e-02 5.614261329e-02 -7.101997733e-03 1.704342663e-02 -4.869315028e-02 -5.374614894e-02 -9.679883718e-02 -9.263178706e-02 9.791645408e-02 2.954998612e-02 1.068417430e-01 -2.632938325e-02 -5.257830024e-03 5.539283156e-03 -1.008323580e-01 1.110287458e-01 6.840199232e-03 1.113698184e-01 -2.826464176e-02 6.705142558e-02 1.154743582e-01 1.166252494e-01 1.164437532e-01
6.612949073e-02 -6.070211530e-03 -8.844852448e-03 -8.411625028e-02 7.093562186e-02 -3.810679913e-02 9.562696517e-02 -9.735831618e-02 -1.087693274e-01 7.074058056e-03 -8.878727257e-02 1.179674566e-01 9.222541749e-02 -3.140005469e-02 2.744911611e-02 1.008781791e-01 -1.114127785e-01 9.518915415e-02 5.909489095e-02 8.157336712e-02 -1.533953846e-02 -1.145618409e-01 -9.567797184e-02 1.152028739e-01 2.467435598e-02 6.522512436e-02 6.614625454e-02 -5.509656668e-02 -9.009703994e-02 -6.108707190e-02 -9.516827762e-02 3.023900092e-02 4.442961514e-02 -1.232087165e-01 6.168845296e-02 -7.738518715e-02 -5.768458545e-02 7.332904637e-02 7.314917445e-02 1.247387528e-01 8.766975999e-02 -8.536198735e-02 -5.815282464e-03 -8.961088955e-02 -8.266125619e-02 7.013949752e-02 -1.140706241e-02 3.264591098e-02 -9.453806281e-02 -6.535920501e-02 -1.312147081e-02 -2.549326420e-02 5.277766287e-02 -1.196013987e-01 9.112839401e-02 1.424373686e-02 1.088207662e-01 1.020711958e-01 -1.000837982e-01 -9.765972197e-02 -1.058640629e-01 -9.217926860e-02 7.652199268e-02 8.349721134e-02
-1.207468957e-01 9.003403783e-02 3.495363891e-02 -7.652936876e-02 8.771981299e-02 9.548845887e-02 -5.695800483e-02 5.069793761e-02 -1.214603335e-01 1.102437824e-01 -4.045899212e-02 -1.070688069e-01 7.913409173e-02 -6.115795672e-02 6.062559783e-02 -3.037944436e-02 8.429570496e-02 1.034907550e-01 8.121176064e-02 5.806067586e-02 6.074225903e-02 5.890300870e-02 9.852184355e-02 -2.523469925e-02 1.036559790e-01 -7.114934921e-02 4.782195389e-02 4.134064913e-02 7.590112090e-02 4.770070314e-03 -8.379398286e-02 1.462759078e-02 5.970731378e-02 1.141429842e-01 -7.312518358e-02 7.199876010e-02 2.452808619e-02 1.234490573e-01 -2.125678957e-02 7.783460617e-02 4.578717053e-02 9.621553123e-02 -1.121974885e-01 7.024466991e-03 2.971591055e-02 4.536797106e-02 4.023516178e-02 -3.679181635e-02 -8.125628531e-02 -1.192182153e-01 9.723755717e-02 6.550312042e-03 -1.014786065e-01 6.112755835e-02 -6.596367061e-02 -1.057573259e-01 1.003684103e-02 8.534479141e-02 -1.097911000e-01 5.337835848e-02 -8.819192648e-02 2.091319859e-02 -3.643649817e-02 -1.738090813e-02
7.766748965e-02 -2.898424864e-03 -7.384110987e-02 8.230571449e-02 -9.148770571e-02 -7.797062397e-03 1.082706600e-01 1.201751530e-01 -1.049236506e-01 -2.404320240e-02 9.129884839e-02 7.286643982e-02 -7.179702818e-02 -3.256598115e-02 -3.017029166e-02 6.919835508e-02 2.748407423e-02 6.857180595e-02 9.466107190e-02 -6.412136555e-02 3.777830303e-02 4.280935228e-02 8.279213309e-02 -1.138560772e-01 2.205237746e-02 4.620878398e-02 -2.585802972e-02 -6.684307754e-02 -3.115978837e-02 -1.119849980e-01 -1.473739743e-03 -3.594142199e-02 -8.608135581e-02 2.769449353e-02 -1.192952842e-01 5.020184815e-02 2.019841969e-02 8.416788280e-02 -8.756595850e-02 -1.068741083e-03 8.254632354e-03 -1.996105909e-02 -7.691049576e-02 8.250601590e-02 2.659147978e-02 6.582535803e-02 -4.019182920e-02 -8.982233703e-02 2.958860993e-02 -1.258014143e-02 -1.236791164e-01 -1.119930893e-01 8.955113590e-02 6.917223334e-02 1.168719679e-01 -2.741540968e-02 -1.185536981e-01 -3.782683611e-02 -3.411076963e-02 1.098121107e-01 -1.245087683e-01 -2.459599078e-02 2.586136758e-02 8.504514396e-02
-6.219348311e-02 3.066001832e-02 -5.407936871e-02 4.887096584e-02 -9.931255877e-02 6.004121900e-02 8.733111620e-02 9.219242632e-02 6.576044858e-02 -8.539704978e-02 8.455151320e-02 -3.089573979e-02 1.265971363e-02 -1.233849376e-01 -5.283355713e-02 1.144058555e-01 -2.396616340e-02 -5.080844462e-02 -4.978424311e-02 -5.736722052e-02 6.497521698e-02 -1.559810340e-02 -4.188022017e-02 1.039691865e-01 -5.942285061e-03 -7.620839775e-02 -1.215405017e-01 -1.182617992e-01 -3.218200803e-02 1.023637205e-01 -8.845797181e-02 -9.485380352e-02 -1.354165375e-02 9.823247790e-02 -5.763027072e-02 1.545411348e-02 1.237343252e-02 8.096905053e-02 -3.927820921e-02 -2.840892971e-02 8.359238505e-03 2.488584816e-02 9.968823195e-02 -1.891212165e-02 7.340312004e-05 9.609586000e-02 -2.503608167e-02 1.545222104e-02 -7.135923207e-02 -4.253029823e-03 8.313991129e-02 -1.065629721e-02 -6.474414468e-02 1.008490473e-01 3.339070082e-02 1.825064421e-02 -5.441625416e-02 -2.074699104e-02 -5.913427472e-02 -5.737207830e-02 -1.139077246e-01 6.295047700e-02 -1.118277609e-01 -1.112331748e-01
-1.198321283e-01 9.836868942e-02 -7.381394506e-03 -4.136200249e-02 1.223087758e-01 -7.211595774e-02 8.573684096e-02 -3.917342424e-02 -3.603643179e-02 -8.551318944e-02 -2.990296483e-02 -3.148254752e-02 -3.321558237e-03 -6.876412034e-02 -4.960395396e-02 1.103083938e-01 1.056231260e-01 -1.248974800e-01 5.755484104e-02 8.718965948e-02 4.281461239e-02 1.509745419e-02 1.647986472e-02 6.882992387e-02 1.113504916e-01 -4.256072640e-02 3.796108067e-02 -9.255230427e-03 -5.003352463e-02 6.248597801e-02 1.942783594e-02 5.371108651e-03 -9.518997371e-02 5.502383411e-02 1.234146804e-01 -5.725456774e-02 -9.588414431e-02 2.835546434e-02 2.490922809e-03 -5.966769159e-02 1.941569149e-02 5.072280765e-03 -9.257304668e-02 -8.947029710e-02 1.161983758e-01 -7.427074015e-02 -1.134804785e-01 -3.755699098e-02 9.731471539e-02 -9.078969061e-02 5.964732170e-02 4.971964657e-02 1.453934610e-02 7.524414361e-02 -1.333951950e-04 -1.144151390e-02 -1.028697193e-02 -8.613497019e-03 -3.961952031e-02 9.527413547e-02 7.812036574e-02 2.835322917e-02 -6.291753054e-02 8.696727455e-02
-3.548075259e-02 -1.018602550e-01 1.199148595e-02 -1.199477911e-02 1.026183367e-03 9.330198169e-03 -7.764776051e-02 8.307443559e-02 3.111416101e-02 1.180704832e-01 -2.359876037e-02 -4.874016345e-02 -6.477294862e-02 -6.174030900e-02 -5.987107754e-02 -5.200736225e-02 -8.753606677e-02 3.044487536e-02 -4.323627055e-02 6.624341011e-03 1.117045283e-01 -1.167454422e-01 -5.856025219e-02 9.293845296e-02 -8.201384544e-02 -2.224481106e-02 9.023110569e-02 -1.126717031e-01 1.191465259e-01 2.491787076e-02 -3.587929904e-02 -6.124706566e-02 -1.062389463e-01 -5.886739492e-02 2.128487825e-02 -4.055975378e-02 -1.121322811e-02 5.891135335e-02 -1.051063240e-01 1.174475551e-01 9.381659329e-02 5.246703327e-02 9.210263193e-02 1.160743386e-01 1.049483120e-01 9.702038765e-02 -7.870458066e-02 6.672452390e-02 -9.067647159e-02 1.446276903e-02 -7.130461931e-02 -4.620343447e-03 -5.556762218e-03 -2.721737325e-02 6.574930251e-02 -2.875316143e-02 2.170339227e-03 6.071031094e-02 -8.601151407e-02 4.169324040e-02 1.822933555e-03 -4.627080262e-02 5.107143521e-02 4.680244625e-02
6.640622020e-02 -3.911897540e-03 7.567852736e-02 4.831539094e-02 -7.820618153e-02 -9.703487158e-04 4.952216148e-02 -8.178952336e-02 -4.105898738e-02 5.262036622e-02 8.640858531e-02 5.614870787e-02 6.688371301e-02 2.910719812e-02 8.872203529e-02 -1.054662466e-02 4.783980548e-02 -8.033879101e-02 1.128482819e-02 4.426670074e-02 1.189390123e-01 -4.623149335e-02 1.935876906e-02 -1.098296046e-01 3.029942513e-03 7.341837883e-02 2.109631896e-02 -5.783289671e-02 6.802424788e-03 1.040766835e-01 7.651299238e-02 -5.897627771e-02 -3.730772436e-02 -8.451305330e-02 1.192894578e-01 7.878720760e-03 -5.213831365e-02 -7.593794167e-02 -1.135380566e-01 -1.778081059e-02 -9.806603193e-03 -6.490492821e-02 -6.679464877e-02 -9.232023358e-02 7.065519691e-02 -8.489620686e-02 2.403664589e-02 1.240932196e-01 7.931444049e-02 -7.913291454e-03 1.049790233e-01 5.569759011e-02 -1.032203436e-01 5.237759650e-02 -2.737215161e-02 8.600100875e-02 2.884881198e-02 5.027790368e-02 -4.880455136e-02 5.873888731e-04 -1.229362488e-01 1.029192209e-01 6.388865411e-02 7.105082273e-02
8.448976278e-02 1.072502285e-01 -4.029628634e-02 -1.246331334e-01 5.727104843e-02 -1.023190320e-01 9.128287435e-02 -9.361425042e-02 -6.065946817e-02 -4.184739292e-02 -1.047073305e-01 6.366629899e-02 1.071055233e-01 -3.719851375e-02 -1.735769212e-02 6.672659516e-02 8.213119209e-02 5.319945514e-02 -1.677985489e-02 -6.617814302e-02 -8.838042617e-03 -4.312458634e-02 -1.484894753e-02 2.510045469e-02 -1.217914075e-01 4.225094616e-02 -1.083745807e-01 -5.213221908e-02 1.166084409e-01 -4.615737498e-02 -8.590467274e-02 -6.303597987e-02 -1.866900921e-02 6.595827639e-02 -3.857004642e-02 4.085549712e-02 -1.159880459e-01 -1.222533286e-01 2.592602372e-02 -2.651770413e-02 9.125417471e-02 1.171811670e-01 3.669485450e-03 1.158019900e-01 1.762531698e-02 -6.561709940e-02 -8.468127251e-02 2.369652689e-02 -8.303789794e-02 -2.420069277e-02 -6.419815123e-02 9.977884591e-02 -2.500480413e-02 7.367300987e-02 -1.568852365e-02 -1.077047437e-01 9.687244892e-05 8.003832400e-02 1.100142300e-01 -3.008012474e-02 -3.458991647e-02 5.922541022e-02 1.191758364e-01 -5.030819774e-02
7.977063954e-02 -4.377487302e-02 9.649220109e-02 -1.210707277e-01 -4.024255276e-02 8.307531476e-02 2.498532832e-02 1.582567394e-02 -7.337231934e-02 -5.734562874e-04 4.777875543e-02 -4.501466453e-02 6.338995695e-02 -6.906500459e-02 9.401068091e-03 -1.062743664e-01 -5.125716329e-03 6.532365084e-02 1.007620096e-01 9.990189970e-02 1.508881152e-02 6.031273305e-02 -1.817037165e-02 2.709105611e-02 9.154081345e-04 7.396814227e-02 1.068994403e-01 1.098567247e-01 4.892385006e-02 3.009204566e-02 -6.864909828e-02 -1.220377535e-01 9.789428115e-02 -1.380226016e-02 -1.084354967e-01 1.135546118e-01 -3.426578641e-02 -1.149086505e-01 1.176169515e-02 -1.142416894e-02 4.404509068e-02 -4.250206053e-02 -8.472171426e-02 4.598003626e-02 8.881682158e-02 1.031203568e-01 -1.134114861e-01 8.046865463e-03 -5.028896034e-02 2.948433161e-02 -5.096748471e-03 5.208697915e-02 5.126689374e-02 -8.428511024e-02 9.346729517e-02 1.211458147e-01 5.582302809e-03 -9.516270459e-02 -1.529280841e-02 2.148672938e-03 -9.358227253e-03 -7.840701938e-02 6.163240969e-02 6.951281428e-02
8.475771546e-02 6.676730514e-02 6.084185839e-02 1.173050553e-01 -3.985528648e-02 -7.447466254e-03 -5.071592331e-02 -5.632993579e-02 9.238906205e-02 -6.951516867e-02 8.246283233e-02 -1.031691134e-01 7.322959602e-02 9.983257949e-02 -1.069959551e-01 1.197536588e-01 -8.740766346e-02 -4.883353412e-02 6.943856180e-02 -1.140128076e-01 -4.783317447e-03 9.697750211e-02 3.261908889e-03 -1.047746837e-01 2.460788190e-02 -9.130288661e-02 6.058730185e-02 8.716282248e-02 -1.197097600e-01 1.079716682e-01 -5.582773685e-02 -1.426756382e-03 1.156769395e-01 -3.555110097e-02 4.507184029e-02 8.681263030e-02 -6.272549927e-02 1.243889630e-01 -9.906381369e-02 9.671770036e-02 8.777938783e-02 -1.116868556e-01 3.109720349e-02 6.089915335e-02 1.078191996e-01 1.713126898e-02 -1.533012092e-02 -1.364304125e-02 -8.634874225e-02 -2.006995678e-02 -2.874870598e-02 -1.220408231e-01 1.045851111e-01 -2.614493668e-02 2.193450928e-02 -8.998464048e-02 5.692644417e-02 -5.972534418e-04 8.987160027e-02 6.685842574e-02 -6.061345339e-02 9.348118305e-02 1.750937104e-02 3.025147319e-02
4.152612388e-02 1.395517588e-02 9.265616536e-03 6.856171787e-02 -5.960802734e-02 -1.115145832e-01 2.606238425e-02 1.229950190e-01 -7.028102875e-03 7.033696771e-02 -5.329374969e-02 5.674350262e-02 3.687103093e-02 9.645462036e-02 -1.063287705e-01 -1.405729353e-02 -3.103908896e-02 1.075052470e-01 -1.967966557e-03 -4.146665335e-02 8.088944852e-02 -1.176998317e-01 -7.566659153e-02 -3.930494189e-03 4.600986838e-03 1.181406975e-01 -8.794759214e-02 8.163058758e-02 -1.097787470e-01 1.077258885e-01 -8.728611469e-02 4.801349342e-02 -5.541539192e-02 -8.386611938e-03 9.395894408e-02 -7.537271082e-02 5.822792649e-03 5.744686723e-02 -7.531052828e-02 -5.830964446e-02 -2.459652722e-02 1.177448183e-01 -8.976998925e-02 5.311077833e-02 -7.002493739e-02 4.125644267e-02 -2.015064657e-02 -2.018624544e-02 -9.106317163e-02 1.118130982e-01 1.117991805e-01 1.154950410e-01 1.881805062e-02 -8.856743574e-03 1.137875915e-01 1.738849282e-02 7.409335673e-02 1.861235499e-02 -4.155755043e-02 1.334105432e-02 1.218850464e-01 8.855670691e-02 1.574978232e-03 -9.193235636e-02
-9.016022086e-02 7.064256072e-02 -4.061818123e-03 1.064334363e-01 -9.308494627e-02 -7.488818467e-02 -9.234832227e-02 -5.481320620e-02 -1.016488671e-01 -3.227038682e-02 -4.035127163e-02 -7.345014811e-02 -1.145996153e-02 -4.552264512e-02 1.076482236e-01 9.944009781e-02 -1.121879965e-01 -1.186823547e-01 -6.180982292e-02 4.536814988e-02 -9.716998041e-02 1.103041768e-01 8.045482635e-02 -5.835171044e-02 6.477700174e-02 6.753967702e-02 8.269272745e-02 1.516366005e-02 -1.073366404e-02 6.616529822e-02 1.155886054e-01 1.131531447e-01 -8.439949155e-02 1.145894825e-01 -6.495478749e-02 -3.721673787e-02 9.477342665e-02 -1.138051152e-01 -3.048373759e-02 1.115577966e-01 -1.153829247e-01 -1.480428874e-02 -4.371792078e-03 -1.243009418e-01 5.484348536e-02 -2.500320971e-02 -5.930155516e-02 -4.933932424e-02 3.583370149e-02 -5.479519069e-02 5.465345085e-02 -2.399493754e-02 -1.023769230e-01 -4.033163190e-03 -1.085354686e-01 3.646771610e-02 5.081148446e-02 -1.223696768e-01 -8.314050734e-02 8.051884174e-02 1.244278252e-01 5.126848817e-02 -5.895754695e-02 -7.295826077e-02
7.245419919e-02 7.722686231e-02 9.518161416e-02 8.913302422e-02 5.612728000e-02 2.623525262e-02 2.340495586e-02 -7.620587945e-03 6.414665282e-02 2.029210329e-02 3.091135621e-02 1.017976701e-01 1.231510937e-01 1.219838858e-03 1.045575291e-01 1.699207723e-02 1.483428478e-02 2.716557682e-02 7.267548144e-02 -7.475240529e-02 1.211963594e-02 8.258739114e-02 -1.195596009e-01 7.168558240e-02 7.524663210e-02 9.556752443e-02 2.503666282e-02 4.668867588e-02 7.876856625e-02 1.123266965e-01 -6.780937314e-02 -8.222395182e-02 -1.069163978e-01 1.229214668e-01 1.164795905e-01 -9.210467339e-02 1.136583239e-01 7.561771572e-02 2.605530620e-02 -5.014210939e-02 -1.223094165e-01 -6.623807549e-02 9.808991849e-02 -1.117304265e-01 -2.994465828e-02 6.626576185e-03 -8.259482682e-02 4.747211933e-02 1.765702665e-02 1.014561951e-02 -4.357916117e-02 -7.370874286e-02 -7.443313301e-02 1.191390902e-01 5.115896463e-03 -1.054985970e-01 4.315733910e-03 1.210452914e-01 1.247588843e-01 -1.282417774e-02 -7.065911591e-02 -5.922833085e-02 1.069956124e-01 -3.370797634e-02
-8.097514510e-03 1.080006361e-02 -8.925712109e-02 -1.050928533e-01 9.574152529e-02 8.367027342e-02 -8.663724363e-02 6.967949867e-02 1.168694496e-01 -3.172323108e-03 -4.914657772e-02 1.168376356e-01 3.300458193e-04 -1.150108874e-02 1.081279069e-01 -9.401080012e-02 4.833468795e-02 -9.610560536e-02 9.464883804e-02 -2.037397027e-02 -6.686197221e-02 -1.089836657e-02 -7.760024071e-02 5.361023545e-02 1.155831069e-01 -3.935785592e-02 1.084976196e-01 5.048468709e-03 8.333638310e-03 -3.074647486e-02 9.695056081e-02 4.661077261e-02 2.825286984e-02 1.136957556e-01 -8.821456134e-02 -8.011473715e-02 1.117923558e-01 9.684212506e-02 4.616077244e-02 7.154253125e-02 -3.338146210e-02 -3.295029700e-02 9.077788889e-02 -1.397977769e-02 6.931810081e-02 8.696249127e-02 -2.506452799e-02 8.927737176e-02 1.157978773e-01 5.676016212e-03 3.113779426e-02 -1.079052687e-01 -5.793666840e-02 -6.206187606e-02 -3.114478290e-02 1.081919670e-02 3.812745214e-02 1.236049533e-01 -1.446615160e-02 -9.248133004e-02 -9.713783860e-03 -1.037971675e-01 -5.488795042e-02 1.379920542e-02
-1.186209917e-02 -7.728818059e-02 -5.430042744e-03 7.164435089e-02 6.478045881e-02 2.589868009e-02 2.535104752e-02 1.062427014e-01 -9.696036577e-04 6.751796603e-02 9.253926575e-02 7.490123808e-02 1.762624085e-02 7.054191828e-02 1.080214083e-01 1.101063490e-01 1.145542264e-01 2.225537598e-02 1.104620099e-02 -1.155748963e-02 -8.091229200e-02 -3.820297122e-02 -7.428675890e-04 -2.203814685e-02 -4.846082628e-02 1.055907309e-01 -1.637156308e-02 2.292148769e-02 -5.947336555e-02 -4.880957305e-02 8.995455503e-02 2.870355546e-02 1.600612700e-02 3.464221954e-04 -5.932281911e-02 -5.782261491e-03 -4.303361475e-02 5.152954161e-02 -5.381318927e-02 -7.589162886e-02 -3.449265659e-02 -9.442895651e-03 1.185812056e-01 5.083288252e-02 -4.586215317e-02 -7.473921776e-02 7.157041132e-02 7.258005440e-02 4.729713500e-02 1.487970352e-02 -4.129134119e-02 -7.059943676e-02 -2.198916674e-02 -1.016141921e-01 6.478637457e-03 1.136393845e-02 -4.889404774e-02 5.812613666e-02 9.226934612e-02 -9.365455806e-02 3.162617981e-02 6.883987784e-02 1.034866869e-01 5.254876614e-02
1.124212891e-01 5.700354278e-02 -1.181367189e-01 -3.605003655e-02 8.123509586e-02 -1.219335049e-01 -1.204118878e-01 5.131042004e-02 6.630288064e-02 -8.229990304e-02 -4.873135686e-02 -8.653801680e-02 -1.083043963e-01 3.874063492e-03 7.775798440e-02 8.796438575e-03 6.957298517e-02 -8.629648387e-02 -5.160395801e-02 -1.022968590e-01 -9.294638038e-02 1.161355972e-01 -8.433073759e-03 -2.741594613e-02 -4.143247008e-02 1.133195758e-01 -5.994658172e-02 -4.310035706e-02 8.118352294e-02 7.707944512e-02 -2.438578010e-02 -2.723284066e-02 5.077947676e-02 1.085569859e-01 4.797574878e-02 -1.024160832e-01 1.083619893e-01 6.127454340e-02 -5.071596801e-02 1.000487953e-01 5.218724906e-02 2.029731870e-03 6.188288331e-02 -6.067277491e-02 -5.320894718e-02 -6.970816851e-02 -8.936947584e-02 -3.255896270e-02 -2.855511010e-02 -5.388584733e-02 -1.095494479e-01 7.499052584e-02 7.479298115e-02 -1.130039990e-01 -6.787510216e-02 -5.881740153e-02 2.129904926e-02 6.406542659e-02 7.580521703e-02 8.738702536e-02 3.620274365e-02 9.172303975e-02 -8.715368807e-02 -9.664684534e-03
6.803071499e-02 3.048405051e-02 -9.084364772e-02 -5.685731769e-02 -3.242501616e-02 4.930882156e-02 -2.812750638e-02 -9.917642176e-02 -3.838111460e-02 -6.297518313e-02 -3.674861789e-02 4.041329026e-02 4.141861200e-02 6.864893436e-02 -9.760865569e-02 -8.502803743e-02 8.642089367e-02 -8.382323384e-02 -9.531752765e-02 -4.025128484e-02 6.681539118e-02 1.036107093e-01 4.843547940e-03 -1.399381459e-02 5.423420668e-02 -6.328563392e-02 -3.108379245e-02 1.202066690e-01 -1.205625087e-01 -2.650418878e-02 -7.002282143e-02 4.476472735e-03 -6.451010704e-04 1.661847532e-02 2.055694163e-02 6.803540885e-02 1.025408357e-01 -7.988482714e-03 9.735569358e-02 -6.288695335e-02 -1.110589653e-01 3.820680082e-02 -1.876595616e-02 -9.151458740e-03 -2.708563209e-02 -2.142027020e-03 -1.904273033e-02 -3.612197936e-02 1.217262745e-01 3.265684843e-02 -6.544786692e-02 8.538211882e-02 -1.965524256e-02 -1.027424634e-01 1.172542572e-02 -1.069699973e-01 8.231340349e-02 -6.221613288e-02 -3.627231717e-02 4.394912720e-02 -9.463295341e-03 -8.955915272e-02 8.324176073e-03 4.053530097e-02
8.654668927e-02 -4.816055298e-05 7.450836897e-02 -7.104666531e-02 -8.208169043e-02 -9.695272148e-02 -4.349762201e-02 -2.216167748e-02 -1.946783066e-02 5.171348155e-02 -4.313813150e-02 1.990303397e-02 -6.629142165e-02 7.328994572e-02 -1.321958005e-02 -1.238541305e-01 2.073943615e-02 -1.060270369e-01 -1.123618484e-01 -4.213835299e-02 9.394830465e-02 7.829359174e-02 -5.373209715e-03 -5.706149340e-02 -1.724080741e-02 -1.472917199e-02 9.747354686e-02 4.728594422e-02 7.173633575e-02 -7.644003630e-02 -6.171604991e-02 4.259589314e-02 1.027449071e-01 -4.571312666e-02 -6.209862232e-02 1.168663949e-01 -7.290986180e-02 -6.257587671e-02 -3.767251968e-02 6.124536693e-02 -4.362036288e-02 -9.435321391e-02 -1.248458028e-02 -3.021472692e-02 -9.459346533e-02 4.594150186e-02 -1.705394685e-02 1.141840816e-01 -1.246981323e-01 -3.936974704e-02 1.199578941e-01 8.287017047e-02 -9.447818995e-02 -6.580811739e-02 7.486626506e-02 -4.871852696e-02 -1.003723890e-01 1.108504832e-01 1.069470644e-01 -6.363484263e-02 9.454436600e-02 -1.200309098e-01 2.719286084e-02 8.530963957e-02
5.835263431e-02 4.496408999e-02 5.599053204e-02 1.162776351e-02 9.653019905e-02 1.081913710e-01 -1.218173206e-01 -1.168568730e-01 -1.483365893e-03 -6.118996441e-02 -2.426970005e-02 -9.650054574e-02 3.476589918e-02 2.366721630e-03 3.329664469e-04 1.231304258e-01 1.179233342e-01 1.038672775e-01 2.053999901e-02 -7.615153491e-02 3.868989646e-02 -7.968428731e-02 -1.138821244e-01 1.172361374e-01 -6.216362119e-02 -1.024635434e-01 -8.534009755e-02 8.477930725e-02 6.898953021e-02 -7.917106152e-02 -1.173790097e-01 8.895128965e-02 -3.259897232e-03 8.404573798e-02 -9.568642080e-02 -2.658540010e-02 1.427742839e-02 4.993447661e-02 1.083342731e-02 1.127084047e-01 5.553644896e-02 2.648670971e-02 3.900785744e-02 -2.207738161e-02 5.512039363e-02 -2.451546490e-02 5.666418374e-02 1.417800784e-02 4.353451729e-02 9.823460877e-02 1.144005358e-02 -4.613260925e-02 7.729913294e-02 -8.913996816e-02 -5.647952855e-02 -7.789656520e-02 1.852840185e-02 -1.780429482e-02 9.236946702e-03 1.299531758e-02 -3.443881869e-02 -8.776718378e-02 1.235892475e-01 9.391069412e-03
-8.447670937e-02 1.110740304e-01 -3.710733354e-02 -5.902253091e-02 -1.461490989e-03 3.354680538e-02 7.843337953e-02 -8.804897964e-02 7.876874506e-02 9.797829390e-02 1.633423567e-02 9.494698048e-02 2.037554979e-02 5.874201655e-02 1.445670426e-02 -1.080585271e-01 1.651804149e-02 1.030795276e-02 -3.946709633e-02 -2.758103609e-02 -1.130223125e-01 -3.850291669e-02 -5.084612966e-02 4.657472670e-02 -7.228049636e-02 1.021754295e-01 7.193955779e-02 3.761979938e-02 4.761634767e-02 6.616510451e-02 5.882292986e-03 -6.174682081e-02 -6.428831816e-02 -5.632817745e-03 -7.407018542e-02 9.066730738e-02 -5.045071244e-02 -5.524456501e-04 1.113675088e-01 7.224556804e-02 -1.111631840e-01 1.064133048e-01 -4.061430693e-03 -2.270621061e-02 -8.100575209e-02 -4.105761647e-02 -3.345295787e-02 -1.675319672e-02 9.938946366e-02 -9.806114435e-02 -1.113906354e-01 -1.507103443e-04 -1.077013314e-01 2.196180820e-02 1.162156612e-01 -7.275864482e-02 -7.849417627e-02 9.475724399e-02 8.956184983e-02 -1.736003160e-02 -3.154087067e-02 1.000275314e-01 -6.662917137e-02 1.196373254e-01
4.268105328e-02 1.206008196e-01 1.557624340e-02 -3.329503536e-02 -2.442343533e-02 -8.639299870e-02 -1.050091684e-01 1.135947555e-01 1.216247529e-01 -2.070115507e-02 -4.432815313e-02 8.949063718e-02 7.589995861e-02 -3.493542969e-02 9.276598692e-02 -4.735350609e-02 -6.498038769e-03 7.652208209e-02 -9.546805918e-02 5.119761825e-02 8.280709386e-02 2.132210135e-02 -1.066974998e-01 3.770191967e-02 -1.112677753e-01 -4.628390074e-03 -2.667377889e-02 -4.998520017e-02 -2.829551697e-03 4.200385511e-02 -3.683663905e-02 -6.472413242e-02 -8.804373443e-02 7.964783907e-02 -6.190741062e-02 -4.149462283e-02 4.065409303e-02 -9.769225121e-02 -1.107866466e-01 5.435180664e-02 5.352000892e-02 6.510701776e-02 -1.107040644e-01 2.174696326e-02 -1.232763380e-01 1.056658179e-01 4.332320392e-02 1.038066000e-01 -7.802198827e-02 5.129985511e-02 -4.567861557e-03 -1.324918866e-02 7.193027437e-02 2.580447495e-02 9.382838011e-02 1.170128137e-01 1.193182766e-01 -5.079494417e-02 9.801276028e-02 6.264954805e-03 4.950958490e-02 -1.195952296e-01 -6.151099503e-02 8.525997400e-02
-3.992192447e-02 -1.601900160e-02 5.080948770e-02 -1.167123169e-01 1.459309459e-02 -1.207220107e-01 2.271026373e-03 4.228523374e-02 5.646185577e-02 7.112079859e-02 5.964711308e-02 7.421864569e-02 -6.259912252e-02 -1.035409272e-01 1.151358187e-01 1.655657589e-02 2.802039683e-02 -4.498113692e-02 -2.646674216e-02 -4.019905627e-02 -7.709844410e-02 -9.980671108e-02 5.240379274e-02 5.542688072e-02 5.970181525e-02 1.142007858e-01 8.950982988e-02 -9.116278589e-02 3.626942635e-04 -1.838073134e-02 -7.151271403e-02 -1.521851122e-02 -1.077506393e-01 -1.064771712e-01 -1.091868579e-01 5.599750578e-02 5.743274093e-02 -1.120908260e-01 -7.507000864e-02 -1.146558225e-01 -7.343654335e-02 1.115009189e-02 8.745263517e-02 6.129662693e-02 -1.709683239e-02 1.492908597e-02 6.817080081e-02 1.137079895e-01 1.241050363e-01 1.361265779e-03 -4.913255572e-03 2.699548006e-02 -1.132951975e-01 -6.132528186e-03 1.802714169e-02 1.083207726e-01 1.172562093e-01 7.218363881e-02 -7.711845636e-02 -1.233253330e-01 2.956673503e-03 5.768182874e-02 8.601041138e-02 -5.199828744e-02
-4.125152528e-02 5.303919315e-03 1.329877973e-02 7.935971022e-03 6.385678053e-02 -2.228069305e-02 1.551960409e-02 -8.911421895e-02 -5.204966664e-02 -9.459182620e-03 1.029276103e-01 8.848315477e-02 8.719611168e-02 5.993250012e-02 -6.672187150e-02 -3.905105591e-02 -5.543929338e-02 -1.547482610e-02 2.896569669e-02 8.604845405e-02 3.355705738e-02 -3.832899034e-02 -8.964386582e-02 -9.581772983e-02 5.597251654e-02 -2.796755731e-02 -1.083659083e-01 3.084328771e-02 8.999890089e-02 -8.144229650e-02 -3.801658750e-03 -1.023869216e-02 5.641098320e-02 8.686390519e-02 -6.741613150e-03 1.496338844e-02 -3.289896250e-02 -3.013058007e-02 -5.489723384e-02 2.072593570e-02 5.122728646e-02 -7.096867263e-02 -1.168959588e-01 -7.064715028e-02 5.198159814e-02 7.010525465e-02 -1.144302338e-01 8.290663362e-03 -8.867803216e-02 -7.473476231e-02 -4.666405916e-02 -1.372446120e-02 8.856427670e-02 -7.947966456e-03 -8.638375998e-02 1.099855900e-01 6.153005362e-02 -8.805741370e-02 -4.239600897e-02 1.238245070e-01 5.799044669e-02 8.378204703e-02 3.135962784e-02 3.681752086e-02
8.270873129e-02 -6.204845011e-02 1.152738631e-01 -2.834892273e-02 -1.130592823e-01 1.310124993e-03 1.225204170e-01 9.410151839e-02 -7.066775858e-02 -5.832466483e-02 2.324542403e-02 -8.507153392e-02 4.724527895e-02 -1.185220480e-02 9.154979885e-02 6.644898653e-02 2.547755837e-03 9.584812820e-02 -5.359651148e-02 -5.483357608e-02 -3.435584903e-02 1.106183231e-02 8.796736598e-03 -3.697957098e-02 -9.647032619e-02 -1.200678945e-02 -9.433825314e-02 -7.149818540e-02 2.641198039e-02 -4.875797033e-02 1.776555181e-02 2.108454704e-02 -3.342641890e-02 8.040311933e-02 6.910307705e-02 -6.468689442e-02 -1.237899810e-01 -1.235386729e-01 -1.716403663e-02 -1.625519991e-02 5.567239225e-02 4.299150407e-02 5.409471691e-02 5.626797676e-03 3.640498221e-02 -3.883093596e-02 1.123268157e-01 1.072330624e-01 1.013992727e-02 -1.173440963e-01 2.073881030e-02 -1.277494431e-02 4.807932675e-02 -7.204438746e-02 8.197775483e-02 8.048875630e-02 -1.014581621e-01 -7.271349430e-02 -7.497090101e-02 -2.004732192e-02 -4.842132330e-04 8.073732257e-03 2.326861024e-02 -1.173520982e-01
-1.207047701e-02 2.179403603e-02 -3.525541723e-02 6.617930532e-02 -5.585928261e-02 -1.526793838e-02 6.026737392e-02 9.646661580e-02 -3.094948828e-02 2.413019538e-02 5.922228098e-02 8.731634915e-02 -6.705912948e-02 3.252755105e-02 6.694474816e-02 1.066610366e-01 5.510431528e-02 -9.749093652e-02 1.144626737e-01 8.414512873e-02 -7.548168302e-03 8.523003757e-02 3.053963184e-02 1.350389421e-02 1.227404773e-01 -7.249386609e-02 -8.914490044e-02 3.169402480e-02 8.074343204e-02 7.948839664e-02 5.827514827e-02 -3.437578678e-03 -1.116700470e-01 -5.387558043e-02 -4.659631848e-02 -1.183434427e-01 -9.046460688e-02 2.914665639e-02 4.600045085e-02 9.141859412e-02 -2.059397101e-02 -5.843137205e-02 -1.096002460e-01 -2.483966947e-02 -4.945828021e-02 -2.899760008e-02 -8.233186603e-02 -2.592796087e-02 9.804268181e-02 1.179410517e-02 -8.172214031e-02 1.761527359e-02 7.719799876e-02 2.161426842e-02 1.811265945e-03 -7.256291807e-02 4.687233269e-02 -8.935934305e-02 -8.952626586e-02 -1.346561313e-02 9.200721979e-03 -8.596377075e-02 9.425410628e-02 -5.004911125e-02
-2.562120557e-02 -3.147245944e-02 1.024396718e-02 9.808045626e-02 -5.005671084e-02 -8.024126291e-04 -1.026931405e-02 -3.045901656e-03 1.158647388e-01 6.117232144e-02 1.983271539e-02 3.239370883e-02 1.194142997e-01 -1.209683269e-01 1.139664054e-01 -9.705249965e-02 1.840162277e-02 -5.408701301e-02 9.986422956e-02 -8.592145145e-02 6.165696681e-02 -8.800093830e-02 -3.395974636e-02 4.264891148e-03 -7.584422827e-02 -3.176538646e-02 4.956026375e-02 -7.139460742e-02 -7.236987352e-02 4.838506877e-02 1.049307436e-01 -2.310043573e-02 -9.916925430e-02 -1.162027866e-01 -1.867273450e-02 -3.123164177e-02 -1.246654540e-01 2.311196923e-02 1.084467322e-01 7.122720778e-02 9.621031582e-02 -5.410553515e-02 -9.921139479e-02 -8.672292531e-02 -4.874378443e-03 1.078677177e-02 5.652846396e-02 1.151394844e-02 -4.035282135e-02 -3.041839600e-02 3.963012993e-02 -5.343638361e-02 -3.887410462e-02 8.554072678e-02 1.025753915e-01 2.511183918e-02 1.198452711e-01 1.557503641e-02 8.301351964e-02 1.845777035e-02 5.291795731e-02 4.884697497e-02 -4.311752319e-02 7.929289341e-02
-1.064273119e-01 8.758395910e-03 4.703104496e-03 -7.941633463e-03 -3.209410608e-02 -8.408813179e-02 7.667164505e-02 -1.091360152e-01 -1.127518266e-01 -1.069479585e-01 4.408854246e-02 -5.993038416e-03 -5.104714632e-02 1.083531678e-01 -1.209132969e-01 -1.119650900e-02 8.308334649e-02 7.146070898e-02 -9.619373083e-02 -4.190818965e-02 1.223497391e-01 -5.196218193e-02 -8.295038342e-02 9.708251059e-02 9.906712174e-02 3.655789793e-02 -5.772133172e-02 6.375113130e-02 -8.577743173e-02 -9.286981821e-02 -4.011355340e-02 -1.058652848e-01 2.736505866e-02 8.641043305e-02 1.046348065e-01 -6.217840314e-02 1.447224617e-02 -5.670526624e-02 7.240478694e-02 1.410128176e-02 1.165096909e-01 -6.056588888e-02 -3.246504068e-02 6.043255329e-03 -1.149232388e-01 -4.126593471e-03 -9.234875441e-03 7.879021764e-02 1.900868118e-02 8.728593588e-02 -8.114127815e-02 2.710735798e-02 -7.215161622e-02 -5.401141942e-02 6.357097626e-02 -1.125522405e-01 1.151327342e-01 -9.765516222e-02 6.620313227e-02 1.986184716e-02 9.266625345e-02 3.811316192e-02 -2.755875885e-02 -4.833643138e-02
4.699282348e-02 -4.591906071e-02 -3.476300836e-02 5.802114308e-02 -4.042778909e-02 -2.545297146e-03 -7.034282386e-02 -3.587535024e-02 -4.021720588e-02 -2.897134423e-02 -3.980100155e-04 5.633768439e-02 -9.087121487e-02 -5.601538718e-02 -3.161187470e-02 -4.766064882e-02 -1.641249657e-02 7.172332704e-02 9.426778555e-02 -3.264708817e-02 6.676784158e-02 -3.447856009e-02 4.941383004e-02 -4.230855405e-02 2.217635512e-03 -9.336437285e-02 -1.544484496e-02 -4.924824834e-02 7.261119783e-02 -2.136667073e-02 -9.873947501e-02 4.648619890e-02 -8.758531511e-02 1.043282300e-01 1.482912898e-02 3.885979950e-02 -5.447252095e-02 -1.127640903e-01 8.289699256e-02 -5.419434607e-02 9.176793694e-02 -8.307150006e-02 -1.863670349e-02 2.986125648e-02 1.243457794e-01 -3.713229299e-02 5.511680245e-02 9.615312517e-02 -1.170346737e-01 1.109936684e-01 1.722216606e-02 -6.113889813e-02 3.285169601e-03 3.957048059e-02 5.597269535e-02 -1.124686897e-01 5.072472990e-02 5.912590027e-02 -8.676902950e-02 3.408125043e-02 1.095479280e-01 -4.415616393e-03 -4.987967014e-02 -3.985337913e-02
-1.183109581e-01 7.181316614e-02 -2.488614619e-02 -1.037552953e-01 -3.849349916e-02 -8.680669963e-02 5.227483809e-02 1.128687412e-01 -1.210618466e-01 1.633191109e-02 -6.098994613e-02 -6.427970529e-02 1.095299423e-02 -7.879742980e-02 1.165736765e-01 3.089721501e-02 -9.854584932e-04 -7.561266422e-03 1.115371436e-01 3.715114295e-02 -1.037780941e-01 -1.193006337e-02 -5.037464201e-02 -5.000773072e-02 -7.066017389e-02 7.516491413e-02 -1.940613985e-02 1.216371506e-01 -4.803624749e-02 -1.005331874e-01 5.103357136e-02 -8.490039408e-02 9.707628191e-02 8.933021128e-02 -3.772346675e-02 -2.769233286e-02 4.626037180e-02 -2.018344402e-02 -9.291370213e-02 -8.977651596e-02 9.469494224e-02 -2.511695027e-02 -4.544542730e-02 -2.176007628e-02 4.610469937e-02 -6.878420711e-03 -6.659534574e-02 9.359866381e-04 8.852329850e-02 -1.127837151e-01 4.157359898e-02 -3.177730739e-02 -9.134434164e-02 -3.522038460e-03 3.927668929e-02 -7.949829102e-03 -3.056934476e-02 -6.531685591e-02 7.115338743e-02 -5.107243359e-02 -1.143536419e-01 8.299052715e-04 9.860859811e-02 -9.320178628e-02
9.473326802e-02 -5.114583671e-02 9.043543041e-02 -1.760363579e-03 9.010560811e-02 -6.225557625e-02 -1.790139079e-02 8.806811273e-02 2.991537750e-02 -1.027892083e-01 -4.771730304e-02 -4.869833589e-03 6.177923083e-02 -1.141047329e-01 -7.554711401e-02 4.669462144e-02 -1.517219841e-02 -1.074807346e-02 5.856879056e-02 -2.286672592e-03 -5.578577518e-02 5.735632777e-02 4.378470778e-02 -6.467372179e-02 -4.175747931e-02 1.115443558e-01 -3.172323108e-03 -8.696399629e-02 7.868927717e-02 1.025422066e-01 -3.961339593e-03 -9.485109150e-02 7.651248574e-02 -8.576463163e-02 1.029677242e-01 -7.933676243e-03 -1.613378525e-02 -2.255454659e-02 1.623943448e-03 4.376357794e-02 3.371427953e-02 4.926267266e-02 -1.350776851e-02 1.058572829e-01 1.530696452e-02 -8.258983493e-03 1.029681861e-01 1.028308123e-01 -5.848045647e-02 3.108079731e-02 6.191936135e-02 2.390561998e-02 1.106431484e-01 -2.146902680e-02 -4.026262462e-02 2.562282979e-02 -7.014803588e-02 1.125465333e-02 3.839941323e-02 7.201796770e-02 3.468509018e-02 -5.487897992e-02 3.573516011e-02 -3.570929170e-02
-3.204888105e-02 9.175716341e-02 4.342433810e-02 1.448655128e-02 -5.585736036e-02 8.548577130e-02 -1.076271981e-01 -8.039832115e-02 -4.564957321e-02 1.188545525e-01 2.421621978e-02 2.045688033e-02 3.219138086e-02 -4.108890891e-03 -1.118533313e-02 3.686977923e-02 -7.706095278e-02 -5.588039756e-02 5.072948337e-02 -9.697988629e-03 -1.056336612e-01 -7.853285968e-02 -4.225629568e-02 -1.014303118e-01 -5.512540042e-02 -1.226387471e-01 5.042190850e-02 -4.792094231e-02 1.135033369e-02 1.566261053e-02 -1.945433021e-02 7.073040307e-02 -9.155444801e-02 2.412585914e-02 6.063804030e-03 -6.050199270e-02 -3.506794572e-03 5.349253118e-02 1.199038178e-01 5.189463496e-02 5.142132938e-02 1.185362488e-01 6.611835957e-02 -1.036826223e-01 -1.771642268e-02 4.797387123e-02 -5.907188356e-02 -8.903241158e-02 1.017345488e-01 1.038813889e-01 2.437390387e-02 3.187710047e-02 3.040592372e-02 -3.600406647e-02 -7.725648582e-02 -1.053278297e-01 -4.734599590e-02 -3.816033900e-02 7.480423152e-02 6.816916168e-02 -3.765849769e-02 6.279689074e-02 -7.213066518e-02 1.176884323e-01
-8.334454894e-02 1.097575128e-01 1.200768352e-01 1.032450348e-01 -8.217482269e-02 -1.135115325e-01 1.124482006e-01 -3.538787365e-03 -5.201950669e-03 5.797541142e-02 -1.330626011e-02 2.098767459e-02 -1.076997370e-01 3.455430269e-03 -8.513316512e-03 8.337320387e-02 -1.177275032e-01 7.743257284e-02 -5.475954711e-02 -3.213547170e-02 6.824225187e-03 2.260772884e-02 -1.386691630e-02 5.914244056e-02 -3.552113473e-02 8.188912272e-02 -7.323473692e-04 -6.537441909e-02 -2.574324608e-03 -3.897805512e-02 -6.305246055e-02 -3.556415439e-02 5.234083533e-02 -9.598015249e-02 -1.343518496e-03 -4.951904714e-02 -1.046775728e-01 -1.188253462e-01 -1.097354144e-01 -8.975599706e-02 -3.120414913e-02 4.004630446e-02 -4.672542214e-03 1.924850047e-02 1.090723276e-01 1.019493937e-01 1.544381678e-02 -8.152073622e-02 1.126686037e-01 1.805280149e-02 1.060548872e-01 -9.715718031e-02 -8.082942665e-02 4.596583545e-02 1.059735268e-01 4.093138874e-02 1.023773104e-01 -7.754051685e-02 9.777623415e-02 5.700010061e-02 -8.660417795e-02 6.517411768e-02 -8.034163713e-02 1.175232679e-01
1.238404065e-01 -1.073515415e-02 1.225103438e-01 -1.013470739e-01 1.769393682e-02 2.385380864e-02 4.218655825e-02 4.686009884e-02 -3.646343946e-02 1.114804447e-01 7.554556429e-02 -4.405511916e-02 -8.920311928e-02 8.052913845e-02 -5.920982361e-02 4.283574224e-02 -1.168446839e-01 -1.207925826e-01 -7.948485017e-02 -1.175547838e-01 1.111638248e-01 3.469949961e-02 1.226388216e-01 -2.303667367e-02 8.206658065e-02 -5.378103256e-02 5.647848547e-02 -3.241494298e-03 -5.321349204e-02 2.824492753e-02 1.210769713e-01 -3.628320992e-02 -5.906373262e-02 7.307243347e-02 -3.154055774e-02 -6.178349257e-02 1.173522621e-01 -5.636031926e-02 -1.143477857e-01 1.013117135e-01 -7.209396362e-02 -6.055615842e-02 4.265642166e-02 6.059527397e-02 9.747058153e-03 -1.170333475e-01 9.249694645e-02 -2.753582597e-02 1.249130070e-01 -8.316776156e-02 -1.177722216e-01 5.257919431e-02 -8.610200882e-02 -4.617062211e-02 -3.061354160e-02 -1.218729019e-01 8.269321918e-02 1.640845835e-02 5.282406509e-02 3.708904982e-02 -2.333956957e-02 5.591467023e-02 -2.353580296e-02 -1.074486375e-01
-3.728564084e-02 -3.729939461e-03 -9.798429906e-02 -5.342803895e-02 -4.106101394e-02 -7.039129734e-02 8.143597841e-02 -1.613719761e-02 -1.235485524e-01 -7.753911614e-02 -2.380944788e-02 -1.251503825e-03 7.035039365e-02 9.133058786e-02 2.521343529e-02 -7.328811288e-02 8.633881807e-02 1.115566492e-02 5.030900240e-03 2.627082169e-02 -1.150239408e-01 -7.158860564e-03 -4.974555969e-02 -1.093063205e-01 3.013652563e-02 -2.894945443e-02 7.084892690e-02 8.712035418e-02 -7.328227162e-03 -5.971270800e-02 6.374756992e-02 9.527425468e-02 3.091681004e-02 -1.186528355e-01 9.130753577e-02 -9.980188310e-02 3.638066351e-02 -1.079585701e-01 1.053147465e-01 1.225946546e-01 1.192725301e-01 1.740658283e-02 4.492834210e-03 -1.195495278e-01 4.494789243e-02 1.374448836e-02 7.335942984e-02 -1.196593344e-01 7.056042552e-03 3.300669789e-02 4.922123253e-02 1.149676740e-01 -7.029916346e-02 1.193989217e-01 -8.381840587e-02 1.002739519e-01 8.826245368e-02 -3.977453709e-02 -9.817053378e-02 1.225307137e-01 2.490943670e-02 4.720748961e-02 9.647239745e-02 1.772198081e-02
2.124065161e-02 -9.265965223e-02 2.422845364e-02 -1.184357554e-01 -9.531764686e-02 -1.023734063e-01 4.855707288e-02 6.141828001e-02 -1.648625731e-02 3.448848426e-02 -1.190950125e-01 1.200002134e-01 5.930492282e-02 1.859602332e-02 6.683023274e-02 -1.748345792e-02 -1.187858731e-01 -9.356467426e-02 -2.538269758e-02 5.332836509e-02 6.169226766e-02 6.789560616e-02 -5.849723518e-02 4.533456266e-02 1.127740443e-01 6.812670827e-02 8.047096431e-02 -1.984205842e-02 -2.419544756e-02 -5.547611415e-02 8.384919167e-02 2.732393146e-02 1.214987338e-01 1.248439997e-01 8.176922798e-03 -1.724080741e-02 -1.157391667e-01 5.879314244e-02 -5.868631601e-02 5.397523940e-02 4.807089269e-02 7.675141096e-04 5.866865814e-02 -7.425391674e-02 -1.245340556e-01 6.519582868e-02 -1.203340292e-02 -5.647291243e-02 -1.094712615e-01 -2.675093710e-02 5.845542252e-02 4.071874917e-02 -4.552772641e-02 5.189210176e-02 2.163970470e-02 2.338521183e-02 -6.853264570e-02 -1.984584332e-02 -1.325426996e-02 5.936765671e-02 6.656506658e-02 -9.289772809e-02 -3.149434924e-03 3.377562761e-02
-4.699631035e-02 1.432542503e-02 5.403231084e-02 4.877150059e-03 -1.170953214e-01 -8.326272666e-02 -1.208052486e-01 2.921463549e-02 9.608386457e-02 -6.633982062e-03 -8.897441626e-02 -4.936517775e-02 5.937325954e-02 -8.550971746e-02 -5.592025816e-02 1.927852631e-03 6.695638597e-02 4.981966317e-02 -6.885582209e-02 -9.278675914e-02 -8.324995637e-02 -3.394982219e-02 2.014987171e-02 -3.215183318e-02 3.475497663e-02 2.553817630e-02 -5.073602498e-02 -2.616146207e-02 3.017120063e-02 1.098165959e-01 -1.213010103e-01 4.360909760e-02 -2.794486284e-02 4.402336478e-02 -9.694324434e-02 1.151971370e-01 1.461985707e-02 -7.325997949e-02 1.013231277e-01 -6.401175261e-02 -2.471257746e-02 2.189908922e-02 8.195962012e-02 3.175610304e-02 -7.409308851e-02 -2.154561877e-02 1.827716827e-02 -6.456039846e-02 -8.261944354e-02 -9.167012572e-02 -4.878798127e-02 -2.674123645e-02 6.407834589e-02 -1.336669922e-02 -4.449336231e-02 5.510497093e-02 3.442026675e-02 9.358206391e-02 7.145318389e-02 5.609223247e-02 5.900847912e-02 1.020900607e-01 7.003918290e-03 3.074666858e-02
-2.215662599e-02 6.159201264e-02 -3.732892871e-02 8.548687398e-02 -7.736681402e-02 9.242960811e-02 -1.218749881e-01 -3.200769424e-02 6.833112240e-02 1.021991223e-01 1.120444983e-01 -6.772965193e-02 -2.655693889e-02 -6.679937243e-02 -8.371460438e-02 1.152774692e-01 7.895255089e-02 -6.299184263e-02 -1.045529246e-01 1.063401550e-01 -7.244586945e-03 8.376409113e-02 -6.715296209e-02 -1.032111049e-02 -3.618325293e-02 5.711820722e-02 -3.211311996e-02 4.120479524e-02 1.044670194e-01 9.946157038e-02 6.197130680e-02 1.166637093e-01 -6.466928124e-02 -7.567386329e-02 -6.941163540e-02 -1.213396490e-01 -3.663484752e-02 -4.440018535e-02 -2.824713290e-02 -2.522890270e-02 9.870627522e-02 5.604980886e-02 9.005808830e-02 -3.880830109e-02 5.326311290e-02 -1.167417616e-01 4.213348031e-02 8.467635512e-02 -2.209892869e-02 3.324189782e-02 6.119477749e-02 1.035351455e-01 -1.946841180e-02 3.761759400e-02 -7.742676139e-02 -8.872918785e-02 -1.102775037e-01 -4.733285308e-02 1.023159474e-01 1.601991057e-02 -1.230574697e-01 9.153760970e-02 -9.972698987e-02 -8.826635778e-02
-9.659467638e-02 7.790341973e-03 9.539546072e-02 -1.135032177e-01 -1.190222651e-01 -1.510274410e-02 -6.322892010e-02 1.241876185e-02 8.978359401e-02 -1.198186874e-01 1.039022058e-01 -8.196850121e-02 -8.477713168e-02 -7.728317380e-02 1.028481126e-02 -8.101579547e-02 -9.525606036e-02 5.124217272e-02 -1.662567258e-03 5.768430233e-02 -1.207784116e-01 5.342397094e-02 1.107571721e-01 -2.499319613e-02 1.056726128e-01 -3.947268426e-02 -6.384499371e-02 1.144939065e-01 8.203704655e-02 8.412525058e-02 1.163833737e-01 -4.528321326e-02 -6.874042749e-02 5.200275779e-02 8.593571186e-02 1.194245666e-01 -5.371512473e-02 4.595169425e-02 -6.314420700e-02 4.718801379e-02 -9.602807462e-02 -1.081328988e-01 3.300197423e-02 -8.516708016e-02 1.097540408e-01 8.351965249e-02 -2.631883323e-02 8.657228947e-02 -1.118237525e-01 3.747484088e-02 -2.224664390e-02 -5.979788303e-02 2.097235620e-02 -7.608231902e-02 -4.967129230e-02 -7.768084109e-02 -9.281805158e-02 -8.481082320e-02 5.757759511e-02 -8.120135963e-02 -1.201680303e-02 -1.177015901e-02 6.673139334e-02 1.005924493e-01
-9.236721694e-02 -4.066511989e-02 4.235801101e-02 -1.155055165e-01 -7.549092174e-02 1.821191609e-02 -5.185355246e-02 5.605126917e-02 1.725569367e-02 -9.874914587e-02 1.171840131e-01 -9.100651741e-02 -2.362570167e-02 7.423202693e-02 -1.226733029e-01 -7.762363553e-02 -2.113743126e-02 -1.185132116e-01 5.915084481e-02 4.923173785e-02 3.995114565e-02 -3.867308795e-02 2.728159726e-02 -2.332057059e-02 -5.534417927e-02 -1.232477576e-01 -8.711722493e-02 7.251149416e-02 -7.053282857e-02 -1.515960693e-02 -1.139299572e-02 -8.025731146e-02 1.226922721e-01 1.022413820e-01 7.703946531e-02 9.071926773e-02 6.606034935e-02 7.848215103e-02 -9.924916923e-02 -5.183446407e-02 1.038815975e-01 7.861404121e-02 5.305968225e-02 -9.114302695e-02 -2.388942242e-02 -1.189077795e-01 -9.390513599e-02 -7.020992041e-02 -3.998260200e-02 5.656382442e-02 8.758302033e-02 -3.328561783e-03 -4.793128371e-02 -1.232128441e-01 7.444012165e-02 7.929925621e-02 -3.717139363e-02 3.435930610e-02 -2.007223666e-02 1.156050265e-01 1.039654315e-01 -9.620651603e-02 1.534309983e-02 6.281319261e-02
1.070712954e-01 -8.054059744e-02 1.160503179e-01 -2.374082804e-03 9.011486173e-02 7.648256421e-02 2.827404439e-02 1.170291305e-01 4.270827770e-02 -1.170947701e-01 -9.638720751e-02 5.216571689e-02 1.119226515e-01 -3.172786534e-02 -1.179732978e-01 6.500281394e-02 -7.196949422e-02 -5.073532462e-03 -1.156093329e-01 1.163770556e-01 2.294446528e-02 -8.163265884e-02 -1.592524350e-02 -1.610945165e-02 1.113481969e-01 -3.848049045e-02 -5.619765818e-02 6.112085283e-02 -2.174171805e-02 3.766821325e-02 -5.668352544e-02 -2.532865107e-02 -6.889343262e-03 8.947962523e-02 8.325701952e-02 -8.866462111e-02 5.162626505e-03 -4.574106634e-02 -9.076417983e-02 8.343780041e-02 4.852470756e-02 1.075235009e-01 9.667581320e-02 -7.132853568e-02 1.975707710e-02 -4.403224587e-02 4.575753212e-02 2.645009756e-02 1.007183343e-01 -2.861069143e-02 -1.483301818e-02 -3.072264791e-02 1.236875206e-01 -9.010928869e-02 -1.076151729e-01 -4.660800099e-02 -8.434425294e-02 9.014645219e-02 -6.167115271e-02 8.969950676e-02 -2.090655267e-02 -4.776339233e-02 -3.782966733e-02 -1.069954634e-01
-9.085230529e-02 -1.218478829e-01 3.959745169e-02 3.532719612e-02 1.012682617e-01 -9.696565568e-02 -9.611372650e-02 1.023925990e-01 -3.419353068e-02 4.603584111e-02 -1.183630675e-01 -6.095677614e-02 8.084988594e-02 -1.992398500e-02 -5.134308338e-02 -7.336626947e-02 1.202809662e-01 5.518001318e-02 9.875978529e-02 -2.869950235e-02 4.171526432e-02 -1.087259650e-01 -2.486175299e-02 -1.465553045e-02 -8.479622006e-02 6.770007312e-02 2.598661184e-02 5.540449917e-02 -6.488488615e-02 -4.434168339e-02 3.536735475e-02 -8.243739605e-03 4.526421428e-03 4.953691363e-02 -1.249845326e-02 1.176732630e-01 1.100504100e-01 -5.642448366e-02 -1.124537736e-01 -5.439162254e-02 1.139425784e-01 -1.260334253e-02 5.442403257e-02 -1.049755216e-01 1.052331924e-01 9.942595661e-02 6.477937102e-03 -1.014734060e-01 4.368716478e-02 -1.156680137e-01 -7.415187359e-02 -5.157940090e-02 2.735911310e-02 1.070475280e-01 -2.832981944e-02 5.009798706e-02 1.002550125e-04 1.025717258e-01 -5.481505394e-02 1.071487516e-01 -1.564015448e-02 2.550852299e-02 2.068488300e-02 1.056698859e-01
-3.983211517e-02 -2.373185754e-02 2.239376307e-02 -7.183383405e-02 -1.234342456e-01 -7.278464735e-02 7.731035352e-03 4.515160620e-02 -9.234534204e-02 -5.137644708e-02 -5.062073469e-04 1.208323538e-01 7.576614618e-03 7.217131555e-02 5.819596350e-02 6.376083195e-02 2.883966267e-02 -3.469975293e-02 3.929157555e-02 -6.847679615e-04 -3.495736420e-02 1.560054719e-02 -8.459985256e-04 9.838312864e-03 6.296218932e-02 1.143750995e-01 1.177787632e-01 -1.126260012e-01 -9.411017597e-02 5.384989083e-02 -2.122649550e-02 8.206883073e-02 1.069123298e-01 5.189478397e-04 -1.222317815e-01 6.727372110e-02 5.855406821e-02 -7.933527231e-04 -2.834989130e-02 5.012407899e-02 3.875425458e-02 2.699024975e-02 4.701104760e-02 5.394662917e-02 7.777947187e-02 -7.251602411e-02 7.318690419e-03 -4.844769835e-03 1.113557667e-01 -2.339579165e-02 7.457314432e-02 -1.044638157e-01 1.214353442e-01 -1.032016426e-01 3.525659442e-03 1.089845300e-01 -4.927679896e-03 -7.903943956e-02 -8.462992311e-02 -2.039653063e-02 -1.059047580e-01 -8.268038929e-02 4.920254648e-02 -7.945600152e-02
1.498401165e-03 -4.906600714e-02 -1.117444932e-01 -4.670575261e-03 3.361491859e-02 8.656251431e-02 9.466755390e-02 6.386567652e-02 -1.150868088e-01 -4.424442351e-02 -4.837921262e-02 -4.289275408e-02 1.163181961e-01 -3.186216950e-02 2.805152535e-02 1.026049405e-01 5.734188855e-02 6.985728443e-02 5.003076792e-02 -5.473122001e-03 1.086233705e-01 1.182161570e-01 1.127383411e-01 -4.803568125e-02 4.998663068e-02 1.054851413e-01 1.045186818e-01 -1.146134883e-01 -1.073279977e-02 9.611445665e-02 3.629076481e-02 3.269468248e-02 -9.795358777e-02 3.099744022e-02 -4.455840588e-02 1.078645736e-01 -9.518116713e-03 7.360319793e-02 -3.552618623e-02 -8.115206659e-02 4.401123524e-02 -9.231832623e-02 1.371908188e-02 -2.876494825e-02 7.203222811e-02 -5.340717733e-02 -1.054174453e-01 7.160940766e-02 -9.445451200e-02 8.421081305e-02 -1.011168659e-01 8.801299334e-02 8.198511600e-02 1.092072278e-01 -5.548726022e-02 -7.113888860e-02 1.038670689e-01 -9.104964137e-02 1.686736941e-02 2.991913259e-02 -2.576808631e-02 8.098720014e-02 -3.986082971e-02 8.588129282e-02
3.002434969e-04 7.956691086e-02 -2.835282683e-02 1.017297655e-01 5.577132106e-02 -9.609104693e-02 -9.999659657e-02 4.342432320e-02 -1.094528139e-01 -9.319484234e-03 -1.713255048e-02 3.465242684e-02 8.566184342e-02 8.191019297e-02 -9.005978703e-02 -9.911502898e-02 -1.124022305e-01 6.462872028e-03 -4.796436429e-02 -7.381391525e-02 -1.175157428e-01 8.895388246e-02 9.974613786e-02 1.131831259e-01 1.225692630e-01 7.118296623e-02 -9.761853516e-02 -3.031386435e-02 -1.076298952e-02 -4.258005321e-02 -1.072659343e-01 -1.832078397e-02 -1.319244504e-02 1.976132393e-03 -1.121971160e-01 -1.178712100e-01 -3.296285868e-02 6.031461060e-02 1.905564964e-02 6.592297554e-02 -1.130979806e-01 -8.546870947e-02 -4.948203266e-02 -3.500312567e-03 6.847138703e-02 -1.154124737e-02 -4.543387890e-02 -1.075450629e-01 8.782301843e-02 -1.366697252e-02 -2.649810910e-02 -7.621596754e-02 5.806171894e-02 1.042981893e-01 1.581543684e-02 1.311995089e-02 1.834106445e-02 -4.764609039e-02 -1.116297394e-01 -4.600344598e-02 7.086540759e-02 1.092135161e-01 -8.210614324e-03 -5.050666630e-02
-1.564274728e-02 -9.795154631e-02 1.146962643e-01 -3.342160583e-02 1.040673107e-01 9.184643626e-02 1.728543639e-02 -1.407390833e-02 -1.296810806e-02 1.094919443e-02 -3.031653166e-02 -1.245926172e-01 -1.777337492e-02 -2.969549596e-02 -2.242173254e-02 -6.302753091e-02 -1.184285879e-01 -7.303871214e-02 6.458696723e-02 -5.919420719e-02 3.109697998e-02 2.022251487e-02 4.512368143e-02 -1.100253612e-01 9.192636609e-02 2.542380989e-02 3.274495900e-02 3.575411439e-02 -1.353563368e-02 -2.109445632e-02 -6.284761429e-02 3.588293493e-02 -3.040552139e-02 -1.048078239e-01 9.194606543e-02 5.116242170e-02 3.459279239e-02 1.064528972e-01 -9.068760276e-02 -3.590132296e-02 -5.322960019e-02 -1.192618757e-01 -1.185627431e-01 1.064805686e-02 -8.152782917e-02 4.179590940e-02 -7.274688780e-02 -1.097671837e-01 5.388320982e-02 2.701641619e-02 1.781181991e-02 -1.077978313e-01 2.147059143e-02 -8.594049513e-02 7.931600511e-02 -5.473197997e-02 -2.140055597e-02 -5.643936992e-02 -9.133435786e-02 -2.677366138e-02 -8.807055652e-02 -8.849522471e-02 8.159677684e-02 5.594620109e-02
1.142434627e-01 -1.119002849e-01 -6.597606838e-02 7.134345174e-02 -9.715536237e-02 5.086539686e-02 -3.121852875e-03 3.458803892e-02 4.884219170e-02 8.905118704e-02 -4.700750113e-03 -2.373492718e-02 -1.157387644e-01 -5.617268384e-02 4.163712263e-03 8.905009925e-02 1.137442887e-01 -2.194210887e-03 -7.460434735e-02 -1.145049334e-01 9.513661265e-03 -7.385903597e-02 7.967646420e-02 -1.032900065e-01 9.244456887e-03 -1.875139773e-02 2.226054668e-02 -1.522099972e-02 1.386207342e-02 7.158774137e-02 -1.004317105e-01 1.300789416e-02 6.682859361e-02 3.881885111e-02 -2.661059797e-02 9.091143310e-02 6.681586802e-02 2.215331793e-02 6.257632375e-02 9.940955043e-02 -6.854368746e-02 5.566602945e-02 5.857025087e-02 6.757944822e-03 1.131311059e-01 5.434900522e-02 -1.210903376e-01 -4.224026203e-02 -8.811256289e-02 2.200441062e-02 -1.067546010e-02 5.834273994e-02 -9.099999070e-02 4.128386080e-02 2.841916680e-02 -8.008213341e-02 -1.139160395e-01 -9.566843510e-04 1.344491541e-02 -1.499786973e-02 -4.838019609e-03 5.459292233e-02 6.488275528e-02 4.540923238e-02
2.631814778e-02 -8.701597154e-02 -2.319695055e-02 -1.628105342e-02 -2.555266023e-02 -9.713703394e-02 4.276709259e-02 -4.955619574e-02 4.350943863e-02 -1.076554060e-01 -5.332674086e-02 -3.620454669e-02 7.255269587e-02 6.004819274e-02 -1.227061898e-01 -5.909062922e-02 -4.649724066e-02 -5.946843326e-02 1.809705794e-02 -3.734230995e-02 5.725532770e-03 8.924221992e-02 1.209923476e-01 7.748344541e-02 -7.322295010e-02 1.173947603e-01 -1.214756966e-01 1.131323129e-01 -3.620503843e-02 7.472623885e-02 1.869454980e-03 6.841652095e-02 -1.944720745e-02 7.535129786e-02 -9.198124707e-02 -3.902032971e-03 -5.626176298e-02 3.293670714e-02 6.411458552e-02 3.026679158e-03 -1.229348779e-01 -1.714006066e-02 4.066306353e-02 5.931620300e-02 1.245752722e-01 -5.285046995e-02 4.277007282e-02 -1.013296694e-01 5.642174184e-02 -3.770852089e-02 6.727647781e-02 6.925056875e-02 -1.076029092e-01 -2.373458445e-02 -8.566680551e-02 1.104032844e-01 -1.170456409e-02 -9.923811257e-02 -4.858927429e-02 7.061223686e-02 -1.102176756e-01 1.022974700e-01 1.226437837e-01 -3.019961715e-02
4.906177521e-02 5.682875216e-02 -3.100395203e-02 5.698360503e-02 5.333127081e-02 7.033346593e-02 -1.404628158e-03 -5.677619576e-02 -1.064733118e-01 -8.023813367e-02 -9.447987378e-02 9.397614002e-02 3.055149317e-02 -8.713944256e-02 1.510605216e-02 3.463131189e-02 -1.062136889e-02 2.272769809e-03 8.057661355e-02 6.771402061e-02 -6.779830158e-02 4.687708616e-02 -9.525868297e-02 1.041411012e-01 -2.762982249e-02 1.053295732e-01 4.840387404e-02 9.634560347e-02 -9.532099962e-02 -8.011597395e-02 -3.556507826e-02 -4.452611506e-02 -3.195405006e-04 -8.188369870e-02 -5.964343250e-02 6.963589787e-02 -4.471315444e-02 3.556609154e-03 -9.329228103e-02 -1.215566695e-01 9.516978264e-02 -2.076864243e-02 5.572849512e-02 2.667865157e-02 8.703833818e-02 1.131021976e-02 9.296064079e-02 -3.352335095e-02 1.533795893e-02 4.716488719e-02 -4.442748427e-02 8.724190295e-02 -2.153383195e-02 -2.547103167e-02 -4.684805870e-03 -1.037162691e-01 -1.274567842e-02 -1.073095202e-01 -1.091128588e-01 1.598775387e-03 -4.509097338e-02 -3.309434652e-02 -1.683293283e-02 1.221432686e-01
-2.842426300e-02 1.022087187e-01 4.695704579e-02 8.225791156e-02 9.890255332e-02 7.768322527e-02 -7.900828123e-02 -4.779440165e-02 -1.223762482e-01 -1.821658015e-02 -3.993345797e-02 4.005965590e-02 -1.118781269e-01 -7.115310431e-02 3.032517433e-02 6.964004040e-02 8.385546505e-02 -7.356122136e-03 -4.008297622e-02 -1.047203541e-01 -4.038846493e-02 7.125724852e-02 8.506999910e-02 8.567348123e-03 -1.125555336e-01 1.147871315e-01 -9.411683679e-02 8.572146297e-02 1.048035920e-02 1.234093904e-01 4.748848081e-02 -1.036739945e-01 -5.701300502e-02 1.143013090e-01 -1.710653305e-03 8.236396313e-02 1.181063801e-01 5.966514349e-03 8.513687551e-02 -9.381218255e-02 -6.497438252e-02 8.774176240e-02 -1.165542006e-01 1.239023507e-01 1.108068377e-01 -1.146121919e-01 -5.434229970e-03 7.835373282e-03 -9.010951221e-02 -6.140561402e-02 7.967348397e-02 1.878131926e-02 -8.497393131e-02 1.206293851e-01 7.494735718e-02 -8.050832152e-02 1.678232849e-02 -8.681778610e-02 -1.105231941e-01 5.167609453e-02 -2.297270298e-02 6.977482140e-02 -1.184018850e-01 -8.246311545e-02
2.447305620e-02 8.644445240e-02 -4.604008794e-02 5.594949424e-02 -2.649196982e-02 -2.285166085e-02 2.467808127e-02 -4.468257725e-02 -7.222463191e-02 -9.401662648e-02 -1.219935119e-01 -9.048222005e-02 5.216425657e-02 -1.165128648e-01 1.238370389e-01 2.630099654e-03 1.385866106e-02 -2.465324104e-02 -1.014971435e-01 4.005020857e-02 2.472105622e-02 1.997828484e-02 1.037993580e-01 -8.181083202e-02 -7.597076893e-02 1.101173460e-01 -5.571323633e-02 -7.209163904e-02 -1.135570556e-01 2.666783333e-02 1.184131056e-01 -9.546411037e-02 4.961931705e-02 1.149340272e-01 1.222115308e-01 3.241641819e-02 -1.033207923e-01 1.001182199e-01 6.895363331e-04 -1.027645767e-01 -4.253581166e-03 -4.755184054e-03 -1.141119003e-02 1.135628670e-01 1.146114767e-01 1.128583699e-01 -5.210232735e-02 8.162981272e-02 -6.232084334e-02 1.205503941e-03 -9.303399920e-02 -5.563747883e-02 1.135171950e-02 -5.229589343e-02 -1.113893241e-01 -9.031571448e-02 9.572029114e-02 -4.680725932e-02 1.085662395e-01 9.102253616e-02 -1.196354628e-01 8.970037103e-02 8.274850249e-02 2.022890747e-02
1.140446365e-01 -4.432362318e-02 8.102022111e-02 -5.762991309e-02 -4.000398517e-02 -9.570941329e-02 1.093164980e-01 6.838956475e-02 3.836114705e-02 -2.292957902e-02 5.137592554e-02 -4.100109637e-02 9.796503186e-02 4.234698415e-02 4.914179444e-03 -5.057303607e-02 -3.203707933e-02 1.062037945e-01 -5.967915058e-03 -9.612824023e-02 -5.660803616e-02 -6.160895526e-02 5.525781214e-02 1.078655273e-01 1.209948212e-01 -1.057416052e-01 7.130677998e-02 -8.271619678e-03 -7.678662241e-02 9.808140993e-02 -3.576098382e-02 1.586139202e-03 8.021374047e-02 -3.590501845e-02 -1.210064739e-01 -3.816559911e-03 -1.021885872e-02 -1.041080952e-01 -1.065706611e-01 8.703611791e-02 1.161103994e-01 -5.548132956e-02 -1.157164276e-01 6.041581929e-02 3.311744332e-02 1.030474901e-03 -7.420592010e-02 3.303100169e-02 -5.896335840e-02 -1.716545224e-02 5.563338101e-02 8.662457764e-02 1.334270835e-02 -1.095278114e-01 1.110338867e-01 -7.665959001e-02 -4.146289825e-02 -5.684904754e-02 2.727603912e-02 9.950564802e-02 -7.065677643e-02 3.229483962e-02 3.194259107e-02 -1.024626791e-01
2.805337310e-02 1.001836061e-01 1.069436073e-01 9.233924747e-02 -5.935230851e-02 -2.697208524e-02 3.013961017e-02 5.290463567e-02 2.045424283e-02 8.442497253e-02 1.105144024e-01 -8.069081604e-02 -9.515541792e-02 2.931137383e-02 -7.262535393e-02 -7.229939103e-03 -1.206098944e-01 9.125478566e-02 9.082049131e-02 3.981819749e-02 -1.233725846e-01 3.650899231e-02 -1.360140741e-02 6.659768522e-02 7.393203676e-02 -4.901577532e-02 1.145369560e-01 9.403620660e-02 -1.080209464e-01 1.067589521e-01 1.068862081e-01 1.067082137e-01 6.746280193e-02 1.023487747e-02 -2.277423441e-02 -7.268339396e-04 9.465128183e-03 3.913497925e-02 -1.461166143e-02 -8.020406961e-02 5.447779596e-02 -7.126431167e-02 -6.478460133e-02 -6.742069125e-02 1.579611003e-02 9.748718143e-02 -8.734461665e-02 1.108143628e-01 -1.081492007e-02 -8.626767993e-02 9.171295166e-02 -2.622084320e-02 1.043242365e-01 2.438911796e-02 -2.541403472e-02 8.340440691e-02 2.506679296e-02 -2.270294726e-02 -8.255010843e-02 5.737178028e-02 -1.395890117e-02 1.244819313e-01 1.050997823e-01 -1.058844626e-01
-3.504651785e-02 -4.826951027e-02 -1.790456474e-02 -1.026207060e-01 1.218096912e-01 1.231911182e-01 -6.482321024e-02 -1.910288632e-02 -1.025317758e-01 3.999048471e-02 -1.102557480e-01 1.073569357e-01 4.524838924e-02 7.050114870e-02 -4.393377900e-02 9.059414268e-02 -5.865015090e-02 -5.820295215e-02 6.006574631e-02 -4.101623595e-02 -9.278745949e-02 1.147666723e-01 -1.894894242e-02 -1.030496657e-01 -1.169463098e-01 -3.755468130e-02 3.176867962e-03 -9.607766569e-02 -4.716971517e-02 -1.737010479e-02 1.097645909e-01 -1.243103594e-01 -9.790743887e-02 -7.029670477e-02 -8.279487491e-02 8.805084229e-02 1.171511412e-01 1.182940006e-01 -3.606255352e-02 6.282530725e-02 2.752378583e-02 9.497508407e-03 4.361416399e-02 4.292944074e-02 -6.509818137e-02 2.533271909e-02 1.104031205e-01 -5.450211465e-02 -2.109378576e-03 5.250692368e-02 -1.159813851e-01 -5.944316089e-02 -5.457541347e-02 2.263528109e-02 4.503270984e-02 -6.968262792e-02 -1.163929403e-01 1.248217672e-01 -5.781435966e-02 -4.266387224e-02 -1.041866094e-01 -1.117880940e-01 5.372697115e-02 -6.731557846e-02
1.086946577e-01 -3.435339034e-02 7.193446159e-03 -1.112976521e-01 -1.184765249e-01 6.622675061e-02 -1.063108891e-01 -1.236142218e-01 9.907740355e-02 1.539020240e-02 1.111965775e-01 -7.722586393e-03 1.145717800e-01 -5.293625593e-02 5.724866688e-02 -1.097842455e-01 2.877478302e-02 8.351621032e-02 9.041184187e-02 -1.007075757e-01 6.071655452e-02 1.133933663e-02 4.228535295e-02 5.432704091e-02 6.995528936e-03 -6.017152965e-02 -7.119153440e-02 -8.798149228e-02 -4.610107839e-02 -4.592472315e-02 -3.489419818e-02 1.039877236e-01 -4.876703024e-04 3.897786140e-03 4.225757718e-02 8.585184813e-02 -3.175042570e-02 -1.103289574e-01 -6.016895175e-03 -8.666568995e-02 -1.873242855e-02 -3.350459039e-02 -2.803534269e-03 -1.160190254e-01 -1.183500886e-01 8.818626404e-02 9.586510062e-02 2.696102858e-02 5.385786295e-02 7.518692315e-02 9.181854129e-02 -7.356671989e-02 -7.383425534e-02 -5.782087147e-02 -8.504135907e-02 -3.045757115e-02 6.648074090e-02 1.984675229e-02 -1.133323908e-01 3.387467563e-02 1.041832566e-02 -4.777379334e-02 7.191370428e-02 -9.615112841e-02
-7.558900118e-02 -5.162504315e-02 2.897176147e-02 -8.921405673e-02 1.087854356e-01 1.019362807e-01 -4.514157772e-02 3.537009656e-02 9.440490603e-02 7.347041368e-02 9.435774386e-02 -1.015785933e-01 1.125158668e-01 -5.984666944e-02 3.653194010e-02 4.660494626e-02 1.173720211e-01 3.017632663e-02 -4.064480960e-02 -4.679857194e-02 -4.876548052e-02 1.028637886e-01 9.479878843e-02 -1.130203009e-01 -3.917948902e-02 -5.240477622e-02 -5.537971854e-02 -7.236908376e-02 1.214352995e-01 1.179890037e-01 1.912119985e-02 8.544722199e-02 3.289242089e-02 2.840033174e-02 -5.382952094e-02 9.423941374e-04 3.869363666e-02 9.112711251e-02 -8.421383798e-02 -6.663513184e-02 5.923402309e-02 -4.185898602e-02 1.135626882e-01 -7.510349154e-02 4.007987678e-02 1.034069210e-01 7.247446477e-02 -3.250116110e-02 2.091655135e-02 9.006746113e-02 -1.175900549e-01 -7.026106119e-02 -3.043624759e-02 -9.199182689e-02 -2.341949940e-02 -6.205354631e-02 3.614355624e-02 -3.765714169e-02 -2.699127793e-02 -1.964062452e-02 2.286930382e-02 -2.587057650e-02 2.795830369e-02 5.811776221e-02
-8.817000687e-02 5.252481997e-02 -1.075472832e-01 -6.250360608e-02 1.557843387e-02 4.480515420e-02 -2.934013307e-02 -1.100860536e-01 3.223502636e-02 -7.548780739e-02 5.526737869e-02 -9.590694308e-02 -9.045341611e-02 2.930164337e-03 -1.070196480e-01 5.130660534e-02 -1.249119937e-01 -7.934588194e-02 6.157591939e-02 -7.876121998e-02 6.944225729e-02 -1.744085550e-02 7.512003183e-02 -4.221856594e-03 -8.240118623e-02 1.155833900e-02 7.730779052e-02 1.190967709e-01 -7.501868904e-02 -9.960171580e-02 -6.638447940e-02 4.176068306e-02 7.505153120e-02 -7.933023572e-02 -6.712168455e-03 1.396571100e-02 -1.361925900e-02 9.774476290e-03 1.376967132e-02 1.053796709e-02 6.683544815e-02 4.363822937e-02 1.704245806e-04 -1.177722812e-01 -3.028650582e-02 7.255135477e-02 2.849414945e-03 3.798988461e-02 -3.765320778e-02 7.074370980e-02 -8.407239616e-02 1.963873208e-02 5.867339671e-02 -1.523460448e-02 -1.206508875e-01 2.712950110e-02 -5.055885017e-02 1.002421230e-01 -9.583283961e-02 1.456467807e-02 -8.338730037e-02 -3.454129398e-02 7.748201489e-02 -9.996744990e-02
-2.639591694e-02 -1.226070672e-01 -1.835773885e-02 -1.160525382e-01 -9.246218204e-02 7.188510895e-02 -1.094130725e-01 -8.960844576e-02 -2.440115809e-02 1.087803692e-01 -9.028108418e-02 -2.881219983e-02 -8.765208721e-02 1.096229255e-01 3.032903373e-02 8.510953188e-02 5.406722426e-03 -9.524573386e-02 -3.633323312e-02 -5.783456564e-02 1.101020575e-01 1.091367602e-01 4.285921156e-02 1.051036865e-01 -7.331629097e-02 -7.772828639e-02 1.152302474e-01 2.365167439e-02 5.762229860e-02 5.003567040e-02 2.212741971e-02 6.267641485e-02 1.013409495e-01 -4.014281929e-02 -1.205999702e-01 -1.204176843e-01 5.283948779e-02 1.922479272e-02 -1.200101525e-01 -1.020297855e-01 1.207798421e-01 7.530517876e-02 6.503365934e-02 4.572181404e-02 1.073995084e-01 -3.958618641e-02 2.270795405e-02 4.400464892e-02 1.189290136e-01 -1.161726117e-01 6.097838283e-02 1.046674848e-01 1.506470144e-02 5.333705246e-02 6.904625893e-02 2.736194432e-02 -8.995850384e-02 -6.469093263e-02 1.078854352e-01 -6.943094730e-02 1.899385452e-02 1.168309897e-01 8.538895845e-02 6.648057699e-02
6.865175068e-02 -9.675063193e-02 9.444405138e-02 2.798217535e-02 7.623150945e-02 -6.747202575e-02 1.373083889e-02 2.052603662e-02 -1.092062593e-01 -9.912921488e-02 8.475355804e-02 -1.108639836e-01 5.621442199e-02 -6.744953990e-02 -9.940922260e-03 1.004447341e-01 -3.216715157e-02 -2.899378538e-02 -8.436632156e-02 1.136451513e-01 -1.104873419e-01 6.349687278e-02 1.078158617e-01 1.103657335e-01 5.490136147e-02 3.315122426e-02 -9.289404750e-02 8.646513522e-02 4.837121069e-02 -4.156307876e-02 4.488535225e-02 1.034310460e-02 -2.677570283e-02 1.149857044e-02 5.514772236e-02 8.610104024e-02 8.264617622e-02 -2.404303849e-02 -1.951907575e-02 -5.472719669e-02 -7.012233138e-03 8.706231415e-02 -4.024416208e-03 -5.859287083e-02 -1.150362939e-01 -1.148314029e-01 -6.624202430e-02 1.133768708e-01 2.934119105e-02 1.924446225e-02 -1.224734634e-01 -6.044030190e-03 2.657572925e-02 -1.142155528e-01 2.011989057e-02 1.133971810e-01 -1.146003604e-02 -6.396095455e-02 -2.780024707e-02 -3.204728663e-02 9.799934924e-02 8.588297665e-02 9.223125875e-02 -9.502099454e-02
-4.171341658e-03 -9.440046549e-02 1.115290076e-01 -1.092692912e-01 5.535036325e-04 1.026957482e-01 -6.710509956e-02 2.238792181e-02 -4.425500333e-02 1.350380480e-02 5.474407971e-02 5.170924962e-02 -4.184889793e-02 1.126507670e-01 4.702673852e-02 6.833006442e-02 8.317904174e-02 4.839013517e-02 6.019154191e-02 4.113391042e-03 -1.362006366e-02 -7.969084382e-02 5.561837554e-02 -2.009114623e-02 1.234496236e-01 4.154875875e-02 -1.071137935e-01 1.079995781e-01 -5.253887177e-02 7.838435471e-02 1.051190495e-02 -8.162158728e-02 1.262529194e-02 1.192920059e-01 -5.599389970e-02 8.627599478e-02 -6.627443433e-02 3.584817052e-03 -7.745271921e-02 5.073186755e-02 2.827632427e-02 7.953804731e-02 8.276070654e-02 -3.072023392e-02 -4.310566187e-02 -6.429053843e-02 3.142686188e-02 9.769150615e-02 5.931447446e-02 1.010813713e-01 -6.154462695e-02 9.806779027e-02 -1.119868606e-01 -4.107260704e-02 9.883733094e-02 5.555614829e-03 6.718194485e-02 1.612965763e-02 1.016214490e-01 -2.442675829e-02 4.292324185e-03 -1.064640582e-01 -5.479995906e-02 -3.250996768e-02
-9.544359148e-02 -1.220000982e-01 1.616221666e-02 4.617108405e-02 -2.775253356e-02 1.192922443e-01 -6.045453250e-02 -4.252445698e-02 1.446768641e-03 3.478108346e-02 -8.579352498e-02 8.594353497e-02 4.093532264e-02 2.183619142e-02 7.703387737e-02 -1.163748056e-01 -1.081423163e-01 -7.845863700e-02 -3.960525990e-02 -8.092203736e-02 -1.058865339e-01 -7.962816954e-02 -5.646166205e-02 5.552372336e-02 5.706299841e-02 4.563005269e-02 -8.671654761e-02 -4.982554913e-02 -8.286142349e-02 9.466387331e-02 8.267277479e-02 -4.309213161e-02 3.808774054e-02 -1.235647798e-01 1.355496049e-02 8.151197433e-02 -9.879606962e-02 2.992448211e-02 -3.717963398e-02 -4.088030756e-02 -8.704400063e-02 5.019678175e-02 -5.955994129e-05 8.387961984e-02 -1.070445925e-01 -1.072706133e-01 -1.223026216e-02 4.056625068e-02 6.373861432e-02 -8.193257451e-02 -1.125551760e-01 -2.853077650e-02 1.357860863e-02 1.123547554e-03 -1.725134254e-02 2.897566557e-02 7.692280412e-02 -3.303490579e-02 1.435603201e-02 5.952054262e-02 9.391865134e-02 -7.956755161e-02 -4.778976738e-02 9.115925431e-02
3.649730980e-02 -6.101550162e-02 -2.463743091e-02 4.427424073e-02 8.552478254e-02 -9.991787374e-02 -7.684700191e-02 -1.009542644e-01 -1.222091764e-01 4.009684920e-02 5.497726798e-02 -1.939831674e-02 -6.422914565e-02 1.820579171e-03 -2.802595496e-03 3.402537107e-02 1.240774840e-01 -1.242566556e-01 -1.153063774e-01 1.115239114e-01 4.736259580e-03 1.819247007e-02 5.488176644e-02 9.923267365e-02 -4.729627073e-02 7.819373906e-02 -6.744943559e-02 -7.688716054e-02 1.474148035e-02 8.551612496e-02 -2.582451701e-02 -8.213698864e-02 1.038985103e-01 -1.846279204e-02 7.585433125e-02 1.349253953e-02 7.102397084e-02 -1.589235663e-02 9.207476676e-02 1.234709769e-01 -1.205687970e-01 -1.163190752e-01 -1.086035222e-01 -1.224928200e-01 2.967953682e-02 9.412890673e-02 9.929119051e-02 -2.913700044e-02 7.013376057e-02 -4.589889944e-02 -1.073154807e-01 -8.159689605e-02 2.093628049e-02 1.175111979e-01 8.965444565e-02 -2.601070702e-02 -1.162249744e-01 -1.038873196e-01 -4.882812500e-04 -4.246695340e-02 5.807922781e-02 1.102933884e-01 -6.123861670e-02 -2.482213080e-02
8.551722765e-02 3.647211194e-02 7.520297170e-02 -1.157589406e-01 -4.520826042e-02 4.141311347e-02 -3.069032729e-02 -9.608229995e-02 -4.999102652e-02 -7.560375333e-02 -3.417432308e-02 -5.844119191e-02 9.168858826e-02 -9.712904692e-03 1.108039916e-02 7.285346091e-02 7.908505201e-02 4.365161061e-02 -3.759267926e-02 -3.804907203e-02 7.535964251e-03 -9.788367152e-02 2.906636894e-02 -9.471908212e-02 4.999987781e-02 -8.650575578e-02 -1.732140779e-02 -2.017053962e-02 3.676034510e-02 -8.083495498e-02 1.216154099e-01 -9.362564981e-02 -1.249485463e-01 9.134966135e-02 -7.531999052e-02 1.126104593e-01 8.312234282e-02 -6.074132025e-02 -1.101161093e-01 -1.171944737e-01 -1.758693159e-02 7.180133462e-02 9.910027683e-02 -7.091178000e-02 -1.064402908e-01 -5.209507048e-02 1.197972000e-01 -1.041711420e-01 -8.966355026e-02 6.871235371e-02 -4.293319583e-02 -6.943951547e-02 -1.229720563e-01 -4.156313837e-02 2.172519267e-02 -1.472182572e-02 4.388082027e-02 -6.485557556e-02 1.775999367e-02 -5.372129381e-02 -8.351600170e-02 -2.313189209e-02 5.220434070e-02 -1.145243198e-01
5.671057105e-02 2.098277211e-02 -1.093645394e-02 -6.198842824e-02 2.793350816e-02 7.570488751e-02 5.351923406e-02 2.714994550e-02 -1.269519329e-02 -3.098776937e-02 -8.066698909e-03 -9.389151633e-02 2.790987492e-05 5.906254053e-03 -1.062715054e-02 1.110059768e-01 7.853914797e-02 3.556241095e-02 -4.841496050e-02 8.207021654e-02 7.606822252e-02 -7.351368666e-03 -1.240974665e-02 7.214979827e-02 1.958099008e-02 1.177196205e-01 1.110259145e-01 7.267831266e-02 -5.571632087e-02 4.387845099e-02 3.191459179e-02 4.460318387e-02 1.236534417e-01 -1.091431528e-01 -2.492152154e-02 -9.196533263e-02 -6.688252091e-03 7.172621787e-02 -6.962160766e-02 1.096682250e-01 -7.970286906e-02 1.194185466e-01 1.015505940e-01 -2.674262226e-02 -2.697275579e-02 -2.575300634e-02 -7.129870355e-02 -1.234228909e-02 -8.815790713e-02 -7.668192685e-02 -3.996500373e-02 7.533490658e-02 -1.187543720e-01 8.348436654e-02 -4.831032455e-02 -1.395964622e-02 6.280156970e-02 -7.875911891e-02 -1.071478873e-01 1.261158288e-02 8.466745913e-02 2.928788960e-02 -7.279045880e-02 1.027034968e-01
1.155364066e-01 -1.118360460e-02 -1.212723106e-01 1.221948415e-01 1.106118709e-01 6.670784950e-02 1.074741036e-01 -8.440479636e-02 -1.163650602e-01 -5.527311563e-02 -6.834948063e-02 6.074674428e-02 -1.062716693e-01 7.901087403e-02 -1.126384735e-01 -5.214199424e-02 -1.996736228e-02 -9.622897208e-02 1.206500828e-01 -1.073930860e-01 -4.618135095e-02 -3.904309869e-02 -1.948460937e-03 -7.729530334e-03 1.157756150e-01 -1.724807918e-02 2.314569056e-02 1.163778752e-01 -5.092886090e-02 -8.449748158e-02 2.468621731e-02 6.321698427e-03 5.619719625e-03 2.734141052e-02 -4.887431860e-03 -5.273681879e-02 -6.421536207e-02 1.163117737e-01 -1.036362350e-02 1.084735841e-01 8.818459511e-02 -3.369864821e-02 -1.230735034e-01 -5.851130188e-02 3.839999437e-02 -2.575816214e-02 9.867271781e-02 -1.100788862e-01 -1.204189211e-01 -9.745287895e-02 8.139687777e-02 -7.293671370e-02 2.885903418e-02 5.629341304e-02 -3.584370017e-02 -1.190310866e-01 5.878096819e-02 -1.525194943e-02 -4.954320192e-02 -8.444808424e-02 -1.136976928e-01 7.226778567e-02 -8.959870040e-02 -3.776834905e-02
5.873225629e-02 7.131886482e-02 -1.219181269e-01 -1.012359262e-01 9.409499168e-02 -3.095099330e-02 6.425611675e-02 -5.028280616e-02 1.019319296e-01 -7.618929446e-02 9.150247276e-02 3.684541583e-02 -1.103726774e-01 -7.015126944e-02 3.157402575e-02 1.017902792e-01 -7.651832700e-02 -2.898497880e-02 1.092351377e-01 -5.076169968e-03 8.815118670e-02 6.975342333e-02 -1.619620621e-02 1.371262968e-02 8.168473840e-03 1.170915067e-01 -8.938924968e-02 -5.237463117e-02 3.392280638e-02 -9.559501708e-02 -6.487095356e-02 -8.775925636e-02 -8.387073874e-03 8.283214271e-02 4.244428873e-02 5.672840774e-02 -6.918463111e-02 4.552319646e-02 4.440867901e-02 -9.321063757e-02 1.053900123e-01 5.483518541e-02 8.907145262e-02 5.548821390e-02 1.122924685e-01 5.644902587e-02 -2.447180450e-02 5.750191212e-02 -9.016381204e-02 -8.669243753e-02 -4.600110650e-02 7.935315371e-04 1.107843369e-01 1.043212861e-01 -2.876079082e-02 -3.335997462e-03 8.047041297e-02 -3.370958567e-02 6.148320436e-02 -4.339069128e-03 -4.882469773e-03 9.389622509e-02 -1.187668592e-01 1.211899370e-01
8.662201464e-02 -8.036167920e-02 -3.274121881e-02 2.619618177e-02 1.966065168e-02 -9.569919109e-02 6.837144494e-03 -2.172304690e-02 -1.090865880e-01 1.019108742e-01 1.145304739e-02 -1.730082929e-02 -4.910312593e-02 -9.097889066e-02 -8.979228139e-02 -6.029613316e-02 -2.028530836e-02 -4.625304043e-02 -3.235864639e-02 9.140779078e-02 5.962297320e-02 -6.578634679e-02 6.945951283e-02 3.495939076e-02 -5.953060091e-02 6.741599739e-02 1.214198172e-01 8.895172179e-02 1.116120815e-01 -5.634233356e-02 -2.137765288e-03 1.090981066e-01 6.030459702e-02 -6.000375748e-02 -5.086973310e-03 2.826064825e-03 8.537088335e-02 7.312130928e-02 -1.218812019e-01 -2.302072942e-02 1.010972857e-01 5.318073928e-02 -1.444737613e-02 7.900297642e-04 -9.558892250e-02 4.136100411e-02 8.227109909e-03 1.779516041e-02 -4.604835808e-02 -9.163366258e-02 -1.153638959e-02 7.140716910e-02 -1.238636971e-01 2.460464835e-03 -9.322047234e-02 1.346182823e-02 -8.701314032e-02 4.992169142e-02 8.108869195e-03 2.084603906e-02 1.022819728e-01 1.146808267e-03 -8.965544403e-02 -1.112528145e-02
9.422779083e-03 1.594562829e-02 -1.118312180e-01 3.095543385e-02 1.035013795e-02 1.233903021e-01 -9.836480021e-02 -8.939482272e-02 2.452298999e-03 2.588878572e-02 -1.735365391e-02 -5.226917565e-02 1.158128679e-02 -1.159204543e-02 -4.118111730e-02 5.714839697e-02 -5.980962515e-02 -1.201071143e-01 -1.066221148e-01 4.369491339e-02 -9.017693996e-02 -9.699250758e-02 -4.124647379e-02 8.760145307e-02 8.154001832e-02 1.022600383e-01 -8.525404334e-02 -8.689996600e-02 6.214986742e-02 1.121696383e-01 -4.790276289e-03 -1.187940687e-01 1.245310754e-01 9.222711623e-02 9.356810153e-02 4.807917774e-02 4.864907265e-02 -8.316203952e-03 7.134951651e-02 4.406383634e-02 -7.197871804e-02 -4.837790132e-02 -2.436549962e-02 -8.280560374e-03 8.980941772e-02 8.762788773e-02 -2.088548243e-02 -4.162314534e-02 -1.235421002e-02 1.237839460e-01 1.197394580e-01 1.294882596e-02 -3.925353289e-03 7.396586239e-02 -9.127448499e-02 -5.338232219e-02 1.029962003e-01 1.245497912e-01 6.318688393e-03 -1.016954333e-01 8.593374491e-02 5.789855123e-02 1.050554216e-02 1.197568327e-01
-9.494668245e-02 -7.475435734e-03 7.572992146e-02 -4.737181962e-02 -1.004168689e-01 -4.285529256e-03 8.916802704e-02 2.066327631e-02 3.428442776e-02 -7.530331612e-02 -5.454812944e-02 1.544879377e-02 1.094047427e-01 5.846311152e-02 5.956330895e-02 9.206399322e-03 9.581069648e-02 9.047347307e-02 1.124422550e-01 1.350554824e-02 -1.387205720e-02 -7.540965080e-02 -1.080024242e-01 -3.792509437e-02 3.401328623e-02 -7.628500462e-04 -6.061324477e-02 7.848298550e-02 1.162747443e-01 -1.063486040e-01 -8.446320891e-03 7.731463015e-02 -1.691146195e-02 -9.824475646e-02 4.792477190e-02 6.775137782e-02 -7.980139554e-02 -1.062161326e-01 7.424791157e-02 -1.182407290e-01 4.774180055e-02 1.123449951e-01 8.891670406e-02 3.047883511e-04 -4.444755614e-02 3.968372941e-02 -4.468749464e-02 -7.469369471e-02 -5.890645087e-02 -5.047702789e-02 4.322430491e-02 1.019575149e-01 1.444929838e-02 -8.803492785e-02 3.083069623e-02 9.328991175e-02 6.983411312e-02 -2.599531412e-02 -1.368264854e-02 -1.053276509e-01 1.813226938e-02 5.071920156e-02 3.179031610e-02 3.978599608e-02
3.236365318e-02 -4.321187735e-03 -3.967627883e-02 -5.900715292e-02 -2.410340309e-02 6.961743534e-02 -7.816997170e-02 -1.190354824e-01 -2.152670920e-02 -5.410654843e-02 -1.094077528e-01 -7.885961235e-02 -2.108372748e-02 -6.663756073e-02 8.547799289e-02 -2.111577988e-02 -2.846825123e-02 7.959073782e-02 -1.124935150e-01 3.874814510e-02 -1.993602514e-02 1.104247421e-01 1.422640681e-02 -4.894456267e-02 -8.754807711e-02 -8.246856928e-02 -5.753174424e-02 1.130551398e-01 9.530046582e-02 1.186804622e-01 -4.627414048e-02 4.197421670e-02 -8.602988720e-02 -3.501278162e-02 1.095575243e-01 -8.814838529e-02 -1.234119684e-01 4.109442234e-04 2.622023225e-02 9.771829844e-02 4.748864472e-02 2.309839427e-02 1.247999668e-01 1.025243700e-01 -6.768788397e-02 -1.146045625e-01 -1.126987785e-01 2.726118267e-02 3.436174989e-02 -3.337024152e-02 9.006637335e-02 2.494738996e-02 1.770713925e-02 -1.701119542e-02 7.508926094e-02 4.145936668e-02 -8.950090408e-02 -3.281317651e-02 5.513612926e-02 4.332529008e-02 -2.477268875e-02 1.205959022e-01 1.020518541e-01 -5.718415976e-02
9.760133922e-02 9.285794199e-02 8.628369868e-02 -4.004071653e-02 5.982698500e-02 -7.048909366e-02 6.782868505e-02 -8.436739445e-04 6.894856691e-02 7.980442047e-02 4.110282660e-02 3.869581223e-02 -6.092019379e-02 -9.635874629e-02 -9.530873597e-02 -2.493549883e-02 -1.011040062e-01 -3.633940220e-02 -6.533205509e-03 -1.187459528e-01 1.178532541e-01 1.027131081e-02 7.686531544e-02 -1.057631820e-01 7.816208899e-02 -7.240054011e-02 3.096106648e-02 9.341061115e-02 1.016475409e-01 -1.185287237e-01 -4.920125008e-02 -5.478584766e-02 4.889212549e-02 -6.766949594e-02 8.691869676e-02 -9.013813734e-02 -8.452683687e-04 1.207217574e-02 -8.253216743e-02 -7.847055793e-03 -9.926997125e-02 -7.024063170e-02 -1.230911911e-01 3.562349081e-02 -4.270976782e-02 -1.915548742e-02 5.504012108e-02 7.032759488e-02 5.900321901e-02 2.664162219e-02 1.170212924e-01 -2.246579528e-02 1.088238358e-01 -6.830726564e-02 -1.195452809e-01 4.631236196e-03 -5.349475145e-02 -7.844713330e-02 -6.990477443e-02 -1.565504074e-02 1.008968055e-02 -4.903078079e-03 -3.054344654e-02 1.020732075e-01
7.076668739e-02 -6.455799937e-02 -8.740702271e-02 8.398354053e-03 5.415211618e-02 9.765623510e-02 7.831630111e-02 8.957865834e-02 1.087072492e-02 -9.122644365e-02 7.650890946e-02 3.373885155e-02 7.863709331e-02 -6.621967256e-02 -1.173077673e-01 5.684809387e-02 -3.291071951e-02 -6.999750435e-02 1.203630418e-01 4.811434448e-02 1.021415591e-01 1.026840359e-01 -9.538042545e-02 1.127008647e-01 1.103868484e-01 -1.005400121e-01 1.073507965e-02 8.140091598e-02 4.542960227e-02 -7.777173817e-02 -7.565036416e-02 -8.134327829e-02 6.098546088e-02 -9.543974698e-02 2.174687386e-02 -6.566873193e-02 -6.326772273e-02 1.099931002e-01 -9.588667750e-02 6.668388844e-03 8.958899975e-02 -7.188701630e-02 -3.905539215e-02 -3.191478550e-02 1.150469631e-01 4.216916859e-02 6.845895946e-02 -6.420651078e-02 -1.241768152e-01 7.655784488e-02 7.324039936e-02 8.725416660e-02 5.260327458e-02 4.649342597e-02 4.079639912e-02 -5.523884296e-02 -3.306503594e-02 1.243862659e-01 5.372568965e-03 4.130318761e-03 -8.665145934e-02 1.033949256e-01 -8.540570736e-03 1.857255399e-02
-5.671232939e-04 8.821712434e-02 1.183678359e-01 1.178726852e-01 -7.857458293e-02 -3.222618997e-02 -5.322581530e-02 5.582052469e-02 5.386954546e-02 -1.206780076e-01 -1.023960859e-01 -3.164535761e-02 -1.207314432e-02 8.625513315e-02 3.306888044e-02 8.648493886e-02 -9.611786902e-02 1.057174206e-01 1.086492836e-01 6.972073019e-02 9.729772806e-03 1.195211262e-01 -5.174651742e-03 -1.536932588e-02 -1.614376903e-02 3.788535297e-02 4.509516060e-02 1.045679003e-01 8.474819362e-02 5.809935927e-02 3.139327466e-02 3.365127742e-02 9.048311412e-02 -4.300458729e-02 8.183616400e-02 -6.320630014e-02 -5.273151398e-02 4.634532332e-02 -7.688625157e-02 -5.213339627e-02 3.381760418e-02 -3.314882517e-03 7.647775114e-02 -7.706986368e-02 -1.072083861e-01 1.051168144e-02 5.449369550e-02 8.976027369e-03 -8.617258072e-02 -8.127757907e-02 4.641194642e-02 1.942244172e-02 7.191562653e-02 -6.429845095e-02 9.283512831e-02 -4.970982671e-03 3.148996830e-02 -7.749474049e-02 -1.571543515e-02 -3.129954636e-02 -9.665422142e-02 7.863701880e-02 4.187245667e-02 -7.904967666e-02
3.348743916e-02 -3.052614629e-02 -1.223611683e-01 2.561932802e-02 -2.078905702e-02 7.660673559e-02 -7.195115089e-03 -7.106125355e-02 -4.091145098e-02 4.335132241e-02 -9.030506015e-02 1.087361574e-02 -9.331956506e-02 -9.554038942e-02 -2.241788805e-02 9.874068201e-02 -5.730722845e-02 -6.991665065e-02 -5.079065263e-02 -8.573715389e-02 -1.431871951e-02 -1.074726731e-01 5.038052797e-02 -1.191703677e-01 -1.180696636e-01 -1.158154309e-01 -7.473821938e-02 2.929560840e-02 9.312576056e-02 -6.881844997e-02 7.543344796e-02 -1.040465534e-01 -9.299357235e-02 4.317006469e-02 -1.737710834e-02 -5.968447030e-02 1.181396842e-02 1.881733537e-03 9.649543464e-02 4.479686916e-02 -6.556019187e-03 -1.029774547e-01 -4.149672389e-02 -9.820568562e-02 -2.398186922e-02 -2.977661788e-02 -2.657400072e-02 -9.495788813e-02 4.931358993e-02 4.843068123e-02 -1.443031430e-02 -4.755000770e-02 3.049540520e-02 7.469731569e-02 4.616244137e-02 1.482103765e-02 1.538345218e-02 2.215845883e-02 1.230935752e-02 -3.281803429e-02 -8.735798299e-02 7.985901833e-02 7.141554356e-02 -1.180801094e-01
1.592345536e-02 -8.483292162e-02 1.140873432e-01 -7.450282574e-03 -6.695771217e-02 -6.977574527e-02 6.770150363e-02 -3.228561580e-02 -1.400472224e-02 1.130135655e-01 -4.045940936e-02 -7.560639083e-02 2.976436913e-02 2.391092479e-02 -8.472982049e-02 3.904911876e-02 -8.099755645e-02 -7.819619775e-02 -9.421242774e-02 -3.623899817e-02 1.337394118e-03 -5.210173130e-02 -7.556389272e-02 -5.003610253e-02 2.908667922e-02 9.351789951e-03 -1.226830035e-01 -1.038507670e-01 9.171444178e-02 1.386500895e-02 6.847557425e-02 -3.217875957e-03 -1.209271401e-01 -1.181710958e-01 7.626396418e-02 -2.780883014e-02 -5.092102289e-02 -1.238244772e-01 6.894010305e-02 1.628056169e-02 -8.927719295e-02 1.966024935e-02 -8.128054440e-02 -3.306953609e-02 -7.013000548e-02 -4.225279391e-02 -2.677388489e-02 -9.836404026e-02 -8.513216674e-02 -1.165695041e-01 7.828027010e-02 -7.396470010e-02 9.185872972e-02 8.224731684e-02 -7.132400572e-02 8.122768998e-02 6.252318621e-03 -1.130639017e-02 6.967276335e-02 8.462420106e-02 -8.393466473e-03 1.202792227e-01 -7.629317045e-02 8.428224921e-02
6.763188541e-02 1.059473604e-01 -8.745655417e-03 1.166161150e-01 1.011660844e-01 -8.359631896e-02 1.196808964e-01 -9.870758653e-02 1.236713976e-01 -8.914670348e-02 1.450860500e-02 -1.024870574e-01 5.221951008e-02 -6.867888570e-02 -5.487239361e-02 -5.005016923e-02 -1.037583351e-01 -2.614288032e-02 -3.928704560e-02 -9.666207433e-02 -6.359674037e-02 -4.455031455e-02 1.227664649e-01 4.988074303e-02 -7.752284408e-03 1.021380723e-02 3.592462838e-02 4.782021046e-03 -6.627345085e-02 -1.014974266e-01 -8.560411632e-02 2.861154079e-02 -9.640887380e-03 -7.762961090e-02 7.253234088e-02 8.130574226e-02 2.626433969e-02 9.982401133e-02 -7.710045576e-02 -6.690275669e-02 4.842697084e-02 1.172720939e-01 1.755672693e-02 -9.322945774e-02 -1.476290822e-02 -3.324274719e-02 -7.213146985e-02 -4.241676629e-02 -3.418891132e-02 1.865878701e-02 -1.782068610e-02 1.168497950e-01 -7.005879283e-02 1.846797764e-02 9.838075936e-02 -3.361582756e-03 -1.112801135e-01 -4.559010267e-03 4.590183496e-02 -8.620385826e-02 6.907987595e-02 -1.387909055e-03 -7.795533538e-02 1.546768844e-02
-6.060746312e-02 1.246801913e-01 -1.078808904e-01 -8.359351754e-02 3.271594644e-03 1.645348966e-02 -2.119870484e-02 -3.869555891e-02 -7.250545919e-02 9.534221888e-02 1.195608377e-01 -5.417047441e-02 2.151504159e-03 -1.135654896e-01 1.087500900e-01 -6.977051497e-02 -6.273069978e-02 -6.410677731e-02 3.208534420e-02 4.321913421e-02 -1.051592231e-01 -3.156469762e-02 6.646601856e-02 1.826579869e-02 -1.111031920e-01 6.787392497e-02 1.028149575e-01 -7.633611560e-03 1.226476878e-01 8.640822768e-02 -1.005631238e-01 -5.284497142e-02 1.134208590e-01 -3.802965581e-02 1.085348278e-01 -9.097492695e-02 1.063158065e-01 3.443259001e-02 -1.040908247e-01 -1.164456457e-01 -9.388525784e-02 1.122916192e-01 3.446511924e-02 3.927230835e-02 -3.785327077e-02 -1.185943931e-01 1.015803069e-01 -6.387877464e-02 -1.720951498e-02 -1.044116914e-02 1.051705331e-01 4.877127707e-02 -9.057000279e-03 1.066580117e-01 1.049023569e-01 -1.166649163e-02 1.041804701e-01 -6.107139587e-02 -1.101539284e-01 1.073911041e-01 -6.437674165e-03 -1.383677125e-02 -8.153489232e-02 -5.345506966e-02
-6.461688876e-02 1.609414816e-03 -1.055555195e-01 6.115277112e-02 2.705618739e-02 -1.428830624e-02 -8.324190974e-02 -1.126592010e-01 -5.709683895e-02 7.369422913e-02 9.419186413e-02 5.548711121e-02 -5.575296283e-02 -6.157684326e-02 2.514882386e-02 -1.234917194e-01 7.423591614e-02 9.371848404e-02 4.972262681e-02 1.172805727e-01 -1.014945805e-01 -3.893673420e-02 3.131823242e-02 -3.152579069e-02 -1.733270288e-02 1.063655019e-01 -1.065151691e-01 4.624600708e-02 2.880662680e-02 4.973432422e-02 -1.108276546e-01 8.011208475e-02 1.016953588e-01 -1.007954031e-01 -7.958360016e-02 4.719847441e-02 5.264537036e-02 6.839908659e-02 1.755793393e-02 -4.218821228e-02 7.391741872e-02 2.524830401e-02 -7.750979066e-02 -8.233559132e-02 -1.006004661e-01 2.664183080e-02 2.091178298e-02 -1.676277816e-02 6.667013466e-02 5.195312202e-02 4.339772463e-02 -1.027217209e-01 3.465728462e-02 2.126111090e-02 4.854768515e-03 1.149025559e-01 8.298923075e-02 -1.491361856e-02 -1.038150936e-01 1.233613342e-01 -7.113605738e-02 1.245107353e-01 -2.325499058e-02 -3.608642519e-02
1.583181322e-02 3.251624107e-02 -8.286376297e-02 9.884096682e-02 4.162092507e-02 9.554679692e-02 -1.571701467e-02 2.631336451e-03 -1.085052490e-01 -8.776043355e-02 -5.041000247e-02 1.948264241e-02 1.242539436e-01 4.303023219e-03 1.128311008e-01 -9.821863472e-02 -1.814439893e-03 2.447298169e-02 -6.962046027e-02 4.886654019e-02 1.301062107e-02 -2.676065266e-02 -4.319867492e-02 7.162083685e-02 -1.107577682e-01 6.468600035e-02 8.550478518e-02 -3.376738727e-02 6.102637947e-02 -5.747273564e-02 -1.218701899e-01 5.320128798e-02 -7.165561616e-02 9.432998300e-02 7.084803283e-02 -1.119147241e-02 -3.363929689e-02 -6.138330698e-02 -6.730735302e-03 1.908238232e-02 -8.250701427e-02 -4.249688983e-02 5.025090277e-02 1.989617944e-03 1.202278882e-01 -4.888132215e-02 1.079040766e-02 -5.617974699e-02 -6.786386669e-02 -1.223217398e-01 -4.993547499e-02 5.848154426e-02 7.895417511e-02 -2.412007749e-02 4.648523033e-02 3.844843805e-02 -7.558807731e-03 -2.124716341e-02 -6.014123559e-02 -2.348886430e-02 -3.291690350e-02 3.131608665e-02 -3.354932368e-02 -1.120799184e-01
8.068694174e-02 1.156433076e-01 1.064675599e-01 1.091423631e-02 5.827902257e-02 -1.036432534e-01 1.013103873e-01 -1.224820912e-01 -8.152727783e-02 -5.570146441e-02 4.866971076e-02 3.424438834e-02 2.644413710e-02 6.736937165e-02 8.633545041e-02 -4.218342900e-02 -1.208614260e-01 1.100382954e-01 -1.179501414e-01 1.968434453e-02 -9.303614497e-02 -8.605399728e-02 -1.084113419e-01 1.057822555e-01 -1.109247655e-01 1.012285203e-01 -8.386620879e-02 -7.361666858e-02 1.149592996e-01 -2.081482112e-02 -4.614914954e-02 -3.004550934e-02 -1.002163738e-01 2.723759413e-02 -4.008090496e-02 6.817346811e-02 9.203208983e-02 -4.642455280e-02 1.060641110e-01 6.359055638e-03 -6.733253598e-03 -1.139588207e-01 1.418928802e-02 2.394065261e-03 -8.424808085e-02 -2.313487232e-02 -5.414518714e-02 -8.424386382e-02 -4.894571006e-02 -3.506422043e-03 -1.068182588e-01 -8.041822910e-02 -6.428197026e-02 -1.059085280e-01 3.553694487e-02 -5.647966266e-02 5.654394627e-03 -4.286783934e-02 -1.235352457e-02 7.756839693e-02 -2.391795814e-02 1.243477464e-01 -1.155858785e-01 -1.002228260e-01
6.251186132e-03 -2.108122408e-02 -9.171423316e-02 -1.154205352e-01 -1.525232196e-02 1.034067273e-01 1.963518560e-02 -7.582776248e-02 1.022006422e-01 -5.637514591e-02 7.578551769e-03 -4.891718924e-02 -1.382340491e-02 -2.322207391e-02 -9.030166268e-02 -2.319087088e-02 6.566050649e-02 -6.697049737e-02 1.005391777e-02 1.105511934e-01 -8.033627272e-02 -7.059931755e-02 -7.695557177e-02 4.021981359e-02 -5.337685347e-03 3.286893666e-02 -9.258729219e-02 6.695643067e-02 -8.464588225e-02 2.703112364e-02 -8.614972234e-03 -7.925452292e-02 8.277101815e-02 4.548737407e-02 1.143257022e-01 -1.178679019e-01 8.832612634e-02 3.345958889e-02 -6.236664951e-02 1.095041484e-01 1.115060300e-01 -6.807242334e-02 -5.201786757e-02 1.416853070e-02 6.200852990e-02 1.093470901e-01 4.440826178e-02 1.177422404e-01 -2.631053329e-03 1.000239253e-01 -7.277065516e-02 -9.929016232e-03 7.730570436e-02 5.019326508e-02 -9.661608934e-02 -1.829773188e-03 7.131332159e-02 7.729595900e-02 -9.112586081e-02 -5.080337822e-02 -8.787685633e-02 -8.069367707e-02 -3.586950898e-02 -1.212752759e-01
1.398620009e-02 1.192671210e-01 -1.735058427e-02 -4.783943295e-03 3.686589003e-02 -1.232549548e-02 3.815726936e-02 8.555656672e-02 9.212303162e-02 6.691074371e-02 -3.942705691e-02 6.507386267e-02 1.029169410e-01 1.038799882e-01 -9.578004479e-03 2.604761720e-02 5.259960890e-03 -4.565267265e-02 -4.050017893e-02 9.342031181e-02 8.608129621e-02 -1.052517742e-01 1.084626168e-01 -8.795325458e-02 -1.113873571e-01 1.101679504e-01 -1.685576141e-02 7.186886668e-02 -4.537639022e-02 -9.842729568e-02 -4.561114311e-02 -5.387665331e-02 8.702814579e-03 -2.488304675e-02 1.222153604e-01 -1.113162339e-01 3.969089687e-02 -9.354411066e-02 -2.201582491e-02 -1.181942821e-01 -2.759985626e-02 -2.071607113e-02 6.830628216e-02 -5.915701389e-03 1.912926137e-02 8.984856308e-02 3.883938491e-02 3.994746506e-02 -3.406465054e-03 -7.246045768e-02 6.763678789e-02 -6.766037643e-02 -5.494019389e-02 9.827248752e-02 -9.703809023e-02 1.088853627e-01 -1.129519939e-02 5.754026771e-02 -1.026929170e-01 -7.395684719e-02 -5.256189406e-02 -5.086308718e-02 -6.842614710e-02 2.429142594e-02
-6.133517623e-02 -7.017314434e-03 1.859976351e-02 -3.617659211e-03 2.109800279e-02 -7.441639900e-05 -1.102332622e-01 -3.469650447e-02 -4.909099638e-02 -6.170201302e-02 -1.076939553e-01 9.322747588e-03 -8.233772218e-02 -7.791265845e-02 8.433148265e-03 4.273673892e-02 6.191523373e-02 8.680111170e-02 -1.204212606e-01 -3.747004271e-02 1.112623811e-01 -1.183287054e-01 5.376935005e-02 -1.202584803e-01 6.514258683e-02 7.274837792e-02 7.013976574e-03 7.064193487e-04 -6.716914475e-02 1.048196852e-01 -8.116671443e-02 7.037901878e-02 -7.035274804e-02 -6.171259284e-02 -7.664996386e-02 1.245537102e-01 -1.160877198e-01 1.103852689e-01 4.020327330e-02 9.735883772e-02 -1.064517498e-01 -5.302996933e-02 -7.227802277e-02 7.611550391e-02 -1.229169965e-01 2.160504460e-02 1.283735037e-02 1.018772125e-01 -5.386321247e-02 9.681552649e-02 -1.342023909e-02 3.863349557e-03 -9.035643935e-02 1.248540878e-01 3.402264416e-02 9.598574042e-02 -4.296703637e-02 -3.971239924e-02 8.464017510e-02 9.841109812e-02 1.917017996e-02 1.179476827e-01 -1.049459726e-01 -4.232434928e-02
cell.bias_ih 1 192
2.682049572e-02 3.456100821e-02 3.724035621e-02 -2.575863898e-02 1.182923466e-01 4.208604991e-02 -2.060994506e-03 -1.006859690e-01 -2.893868089e-02 1.898705959e-04 -5.161321163e-02 6.548918784e-02 1.046333760e-01 2.837955952e-02 -5.489473045e-02 7.647058368e-02 -1.143347919e-01 1.193017215e-01 -3.619660437e-02 -1.159277111e-01 2.939492464e-03 -6.882829964e-02 8.090838790e-02 7.811923325e-02 -1.049742997e-01 9.970304370e-02 4.346071184e-02 -1.238649040e-01 -5.824029446e-03 -2.089360356e-02 9.318858385e-03 -2.309632301e-02 -9.472449124e-02 6.765867770e-02 1.215722412e-01 -1.219903678e-01 1.242762953e-01 -1.178859919e-01 -3.269337118e-02 2.031250298e-02 -8.474104106e-02 7.437063754e-02 -6.623595953e-02 7.623715699e-02 -1.246177852e-01 4.425303638e-02 -1.156845391e-01 6.249082088e-02 9.148964286e-02 1.068371832e-01 -9.781683981e-02 4.863931239e-02 -1.396372914e-03 -1.005157977e-01 2.559432387e-02 6.518827379e-02 1.112317443e-01 8.944489062e-02 -9.795381129e-02 -2.565884590e-02 -2.869541943e-02 3.638616204e-02 -5.272218585e-02 -1.055435985e-01 -6.349512935e-02 9.619864821e-02 -7.329036295e-02 9.494774044e-02 1.211348474e-01 -1.818710566e-02 -1.036809087e-01 -1.002313644e-01 1.797981560e-02 -1.215974689e-01 7.722730935e-02 -3.210294247e-02 1.491673291e-02 -3.955183923e-02 -6.177204847e-02 -9.184905887e-02 8.902262151e-02 1.036582887e-02 6.475836039e-02 -8.223588765e-02 -6.139719486e-02 7.088869810e-02 -4.611353576e-02 -2.180534601e-02 8.196482062e-02 -1.161659807e-01 -1.024154872e-01 -2.684947848e-02 -1.217035949e-01 -9.254232049e-03 4.662838578e-02 -4.153425992e-02 6.910730898e-02 -7.703167200e-02 5.339117348e-02 8.737783134e-02 -9.977221489e-02 -7.925960422e-02 8.741551638e-02 5.608348548e-02 -4.486858845e-02 8.237397671e-02 7.568366826e-02 -2.540311217e-02 8.210435510e-03 -1.269444823e-02 -3.634721041e-03 -4.130367935e-02 3.978578746e-02 -3.977084160e-02 -7.494036853e-02 -5.720645189e-03 -4.598051310e-04 -2.679735422e-02 -5.728369951e-02 -1.198596805e-01 9.354595840e-02 -4.340779781e-02 -2.763032913e-03 8.987711370e-02 7.073891163e-02 1.217855811e-01 6.964895129e-02 -5.247905850e-02 -1.237892359e-01 2.373242378e-02 -2.911935747e-02 3.479275107e-02 5.641557276e-02 -1.052633971e-01 -4.432667792e-02 -5.308902264e-02 3.347668052e-02 5.469550192e-02 8.770312369e-02 -9.086748958e-02 -3.573881090e-02 -9.316547215e-02 9.333376586e-02 1.154826880e-01 -5.436733365e-02 1.219734102e-01 9.393401444e-02 2.058888972e-02 -5.650511384e-02 9.743429720e-02 1.117663980e-01 1.138986647e-01 7.920798659e-02 9.182161093e-02 1.010863781e-01 -1.000946313e-01 -1.723566651e-02 1.239376366e-01 -4.395277798e-02 2.973704040e-02 1.104815751e-01 5.341120064e-02 -5.446511507e-02 -4.537986219e-02 -1.187636554e-01 7.629269361e-02 -1.086607277e-01 -6.293930113e-02 9.128820896e-02 -1.137131900e-01 1.201737970e-01 2.612224221e-02 -2.865692973e-02 -3.789071739e-02 -4.528224468e-02 1.174286902e-01 -5.408528447e-02 -1.094482094e-01 -1.075468361e-01 9.474723041e-02 6.331406534e-02 -9.365573525e-02 5.164998770e-02 8.817613125e-02 -5.801486969e-02 2.074126899e-02 -1.682899892e-02 -9.032885730e-02 -9.455230832e-02 -5.721330643e-03 7.290148735e-02 1.419034600e-02
cell.bias_hh 1 192
1.178777963e-01 -1.100219190e-01 -1.190542132e-01 -7.070489228e-02 -7.578520477e-02 4.657515883e-02 -9.067565203e-02 2.936676145e-03 7.901991904e-02 -3.361074626e-02 3.538149595e-02 1.223954111e-01 -1.052052230e-01 -1.154934168e-01 -1.478923857e-02 8.294728398e-02 6.267912686e-02 5.941076577e-02 -8.638873696e-03 9.985321760e-02 4.066437483e-03 -9.480302036e-02 6.879144907e-02 4.674242437e-02 -4.112248123e-02 3.214599192e-02 1.155234277e-01 8.303424716e-02 6.466911733e-02 1.677933335e-02 2.457511425e-02 1.122702956e-01 1.201012731e-01 7.473707199e-02 5.349835753e-02 -2.473786473e-03 7.208752632e-02 7.502630353e-02 -6.718853116e-02 -7.452130318e-03 5.664440989e-02 1.204585731e-01 -4.568387568e-02 7.738101482e-02 -2.218496799e-02 -5.140900612e-05 9.133955836e-02 8.886529505e-02 -7.352112234e-02 8.508269489e-02 8.868978918e-02 -4.546082020e-02 1.013337076e-01 7.820928097e-02 7.947015762e-02 2.394616604e-05 5.516210198e-02 2.532771230e-02 8.039775491e-02 1.069991738e-01 1.173677593e-01 1.385644078e-02 -4.266259074e-02 -1.351977885e-02 -3.812173009e-02 7.499019802e-02 5.234196782e-02 -9.846618772e-02 -1.115594357e-01 -1.778453588e-03 6.390471756e-02 -1.231271029e-02 -1.115127653e-01 9.665042162e-02 2.183422446e-02 -8.411204815e-02 -5.189979076e-02 5.410239100e-02 8.271019161e-02 -8.314934373e-02 -9.279523790e-02 1.704938710e-02 1.245802641e-01 -2.780218422e-02 4.670737684e-02 -4.411190748e-02 2.731059492e-02 1.833142340e-02 3.857061267e-02 7.584761083e-02 2.014520764e-02 -1.179673225e-01 -1.010745019e-01 -1.107694805e-01 6.335049868e-03 4.704320431e-02 2.078247070e-02 -3.021344543e-03 1.236737818e-01 6.392121315e-03 8.658319712e-04 4.893571138e-02 -7.572707534e-02 3.260366619e-02 -8.595794439e-03 -4.212415218e-02 -7.646992803e-03 -1.017641425e-01 -4.796685278e-02 -8.905889094e-02 4.649655521e-02 5.330745876e-02 -7.373088598e-02 -1.043657959e-02 1.160954535e-01 -2.817794681e-03 -1.846480370e-02 4.321448505e-02 -1.143178046e-01 -7.695853710e-03 -2.974340320e-02 9.713590145e-02 1.236005276e-01 -4.898856580e-02 4.011654854e-02 4.378381371e-02 -6.068956852e-02 -6.314398348e-02 4.185526073e-02 -6.497184932e-02 9.036968648e-02 1.094573885e-01 1.220275015e-01 1.189875603e-01 -2.401366830e-03 9.950608015e-02 -3.386650980e-02 -1.003967822e-01 -2.099777758e-02 6.203800440e-02 2.119325101e-02 -1.157987267e-01 -4.824082553e-02 2.905915678e-02 8.506646752e-02 -1.136181056e-01 -5.780251324e-02 -3.585875034e-02 8.135196567e-02 -5.699710548e-02 -6.258358061e-02 -1.227115244e-01 6.017960608e-02 -9.773181379e-02 -4.463225603e-02 1.152504086e-01 9.597173333e-02 -6.077498198e-03 6.528307498e-02 4.952207208e-02 3.631794453e-02 -3.090636432e-02 5.317264795e-02 1.123239547e-01 -1.134035587e-01 -1.132568270e-01 -1.104778796e-01 -6.185793877e-02 -6.612341106e-02 6.892085075e-03 8.742447197e-02 1.012292057e-01 3.481785953e-02 1.084871292e-01 7.563611865e-02 -1.138451844e-01 4.969632626e-02 9.608595073e-02 1.577407122e-02 -1.127963364e-01 -6.511285901e-02 7.334411144e-03 8.090350032e-02 3.961180151e-02 -1.181008816e-01 -1.091213375e-01 1.230106056e-01 -3.426551819e-02 -1.218231022e-02 -1.198770553e-01 9.553027153e-02 2.280299366e-02
prior.0.weight 128 64
5.041311681e-02 9.536939859e-02 3.958421946e-02 -6.694576144e-02 1.093984097e-01 -1.189744174e-01 -9.449194372e-02 8.993427455e-02 -1.760433614e-02 5.843228102e-02 -8.745068312e-02 3.286688030e-02 1.108663678e-01 3.851570189e-02 1.131932437e-02 3.644418716e-02 -5.946673453e-02 1.098328680e-01 -1.092721969e-01 8.845598996e-02 -7.577835023e-02 -7.381066680e-03 1.468178630e-02 9.510739148e-02 1.010864675e-01 6.836380064e-02 -4.262876511e-02 8.314296603e-02 9.406293929e-02 9.845922887e-02 3.261156380e-02 -3.365859389e-03 4.186978936e-02 1.013423055e-01 -6.071005762e-02 -5.126498640e-02 -3.979331255e-02 1.068985313e-01 8.692598343e-02 8.187566698e-02 2.145516872e-02 -9.204462171e-02 -2.108830214e-02 -3.749430180e-02 9.961828589e-02 4.374268651e-02 -8.138194680e-02 -7.048656046e-02 4.299548268e-02 -9.194204211e-02 1.156852543e-01 4.207694530e-02 -6.729681790e-02 8.463363349e-02 1.185401529e-01 -1.076844484e-01 1.760570705e-02 -7.957184315e-02 -1.077823192e-01 9.169682860e-03 6.696332991e-02 -6.936439872e-02 7.397410274e-02 -7.579788566e-03
6.184989214e-02 -4.484245181e-02 -1.094875634e-01 -9.257058799e-02 -3.106252849e-02 1.135257334e-01 -9.809210896e-02 1.134680510e-01 8.436858654e-03 -1.121886969e-01 -2.129469812e-02 5.081692338e-02 6.557530165e-02 -1.229191273e-01 -5.566684902e-02 1.486845315e-02 5.491095781e-02 1.023069024e-03 -8.718386292e-02 -3.010101616e-02 -5.442516506e-02 -3.725986183e-02 -1.532931626e-02 -5.892801285e-02 -1.150199622e-01 1.068538427e-02 1.184814125e-01 -5.925752223e-02 1.238731146e-01 7.412420213e-02 8.595937490e-02 4.257676005e-02 -2.569110692e-02 -1.631860435e-02 1.342432201e-02 -8.686105907e-02 4.031077027e-02 6.923869252e-02 6.233885884e-03 -9.150360525e-02 -5.005870759e-02 -1.004200578e-01 1.045001000e-01 -8.746409416e-02 8.446808159e-02 4.486012459e-02 -2.589076757e-04 2.659688890e-02 4.398421943e-02 7.956381142e-02 -1.230222285e-01 1.158255190e-01 9.990128875e-02 -3.700500727e-02 4.081058502e-02 3.359839320e-02 -7.161442935e-02 6.603498757e-02 1.055485457e-01 -4.031074047e-02 -3.357404470e-02 1.133517325e-01 -1.281438768e-02 -9.591837227e-02
-8.381356299e-02 1.021047384e-01 1.028092653e-01 -1.603238285e-02 -2.122534811e-02 5.568531156e-02 -1.060480624e-01 1.193365157e-01 -8.816276491e-02 -4.281520844e-02 -4.613846540e-03 5.930851400e-02 -8.363574743e-02 -3.303287923e-02 3.409475088e-03 -4.053458571e-03 6.519432366e-02 7.897426188e-02 5.795763433e-02 -5.886423588e-02 1.202960908e-01 -2.895802259e-03 -8.831679821e-03 9.959626198e-02 1.198789775e-01 -2.984789014e-02 -6.387776136e-02 -1.952344179e-02 3.090888262e-02 1.005899906e-01 7.917004824e-02 7.486124337e-02 -7.396942377e-02 5.451580882e-02 -3.515031934e-02 -4.440824687e-02 2.685387433e-02 1.836790144e-02 8.653348684e-02 9.184426069e-02 2.436023951e-02 -1.173245013e-01 -2.992692590e-02 7.695207000e-02 -5.892206728e-02 -8.638963103e-03 7.676038146e-02 1.240713596e-01 -3.038106859e-02 1.602637768e-02 7.745578885e-03 7.412105799e-02 5.049999058e-02 9.232002497e-02 -6.394146383e-02 9.271214902e-02 -2.543608844e-02 -8.312250674e-02 9.415903687e-02 7.800669968e-02 -3.208217025e-02 3.945246339e-02 -9.320349991e-02 8.951105177e-02
-2.000714839e-02 -1.040085554e-01 7.637506723e-02 -5.830185115e-02 3.558085859e-02 -6.199015677e-02 3.580138087e-03 6.876057386e-02 4.311585426e-02 -1.400776207e-02 8.227722347e-02 2.848294377e-02 -2.662196755e-03 6.453308463e-02 6.416811049e-02 1.041629165e-01 -1.137937903e-01 7.774969935e-02 -4.247531295e-03 -3.959026933e-02 -3.815221786e-02 5.744963884e-03 -1.176558435e-02 -1.237867624e-01 4.430744052e-02 -2.043452859e-02 1.388911903e-02 2.600610256e-02 -1.245237589e-01 8.425800502e-02 -4.577364028e-02 -7.136665285e-02 -2.894996107e-02 -6.311567128e-02 1.029216796e-01 -2.755482495e-02 8.299826086e-02 7.336585224e-02 -1.079228073e-01 3.429323435e-02 7.757976651e-02 -7.477657497e-02 -1.014060080e-01 6.638705730e-03 -5.066913366e-02 -2.847225964e-02 4.706874490e-02 -5.561128259e-03 -1.074565202e-01 1.762382686e-02 -7.203221321e-03 1.040377915e-01 9.357944131e-03 -5.627349019e-03 -5.576488376e-02 -4.148289561e-03 -1.421391964e-02 -4.023663700e-02 -1.199281067e-01 1.914116740e-02 -2.172581851e-02 1.087035090e-01 1.296195388e-02 9.686471522e-02
5.729976296e-02 -6.458075345e-02 -6.276518106e-04 3.846383095e-02 8.774827421e-02 8.492691815e-02 1.178038567e-01 -8.285811543e-02 9.841297567e-02 1.350095868e-02 5.709615350e-02 1.001216322e-01 3.347261250e-02 1.422758400e-02 1.600393653e-02 -4.776258767e-02 -2.522850037e-02 7.510766387e-02 -8.485028148e-02 3.423480690e-02 8.841186762e-03 -8.247198164e-02 -1.189470291e-03 -4.819773138e-02 1.201144606e-01 -1.065342277e-01 6.051002443e-02 -2.956260741e-02 -3.706209362e-02 -8.028371632e-02 -8.189254999e-02 2.560707927e-02 -3.524406254e-02 -5.866472423e-02 2.172715962e-02 1.263390481e-02 1.169859320e-01 -5.183817446e-02 -1.060075462e-01 1.296745241e-02 -4.747124016e-02 2.548173070e-02 9.705448151e-02 -2.125781775e-02 -8.602996171e-02 -3.823882341e-02 -1.029939651e-01 7.878099382e-02 -1.156231016e-01 -6.541402638e-02 8.103907108e-03 -3.709149361e-02 7.513906062e-02 -8.427822590e-02 -3.812398016e-02 -8.107231557e-02 1.164955497e-01 7.885223627e-02 1.116533577e-02 4.158648849e-02 -1.249603033e-01 1.015100032e-01 -6.832830608e-02 -1.217331439e-01
2.930380404e-02 9.570047259e-03 6.207409501e-02 7.750780880e-02 -1.949235797e-02 4.129503667e-02 -2.606202662e-02 -7.552699745e-02 5.806416273e-03 2.362184227e-02 6.999617815e-02 4.939720035e-02 -1.876652241e-03 -8.847163618e-02 -4.850322008e-02 -1.180785745e-01 3.015895188e-02 -1.082002670e-01 -1.309454441e-03 1.004935801e-01 7.024832070e-02 -9.055724740e-02 2.659514546e-03 -9.513556957e-03 1.089951396e-02 3.913252056e-02 -5.985416472e-02 -8.488222957e-02 -1.028876007e-01 -5.870126188e-02 -3.311827779e-02 1.563224196e-02 6.549590826e-02 -2.600002289e-02 -1.198816895e-01 -8.372792602e-02 7.975758612e-02 -1.105910540e-02 -1.046104729e-02 3.833638132e-02 5.454753339e-02 -4.810567200e-02 4.298798740e-02 -8.048215508e-02 9.393972158e-02 -1.572716236e-02 1.430149376e-02 -8.161547780e-02 9.438127279e-02 -9.745727479e-02 8.083303273e-02 -4.439939559e-02 -4.021632671e-02 -2.523897588e-02 4.570351541e-02 -2.841988206e-02 8.780707419e-02 1.204361916e-01 1.663996279e-02 3.922589123e-02 3.992241621e-02 7.468703389e-02 -1.211546063e-01 -8.922618628e-02
-3.869992495e-02 -8.052062988e-02 -6.525893509e-02 1.175704598e-01 -2.522376180e-02 -8.723275363e-02 -5.852517486e-02 1.540745795e-02 -8.837603033e-02 5.938589573e-02 1.031085104e-01 -7.093894482e-02 -1.326042414e-02 2.281624079e-02 5.325302482e-03 -8.280228078e-02 -1.207942218e-01 -7.022719085e-02 7.153233886e-02 -1.017203778e-01 2.354367077e-02 -4.509548843e-02 7.254755497e-02 3.363248706e-02 2.551540732e-02 -3.002879024e-02 -1.165173650e-01 -9.639479220e-02 -3.091955185e-02 1.191820353e-01 -8.874303102e-02 1.170992702e-01 -8.922483027e-02 9.990619123e-02 -4.612620175e-02 1.124495715e-01 -3.333693743e-02 -9.603618085e-02 -1.568053663e-02 -6.833791733e-02 -4.410074651e-02 6.532785296e-02 -2.276931703e-02 5.631209910e-02 -1.094327718e-01 -1.076038182e-02 -1.012293994e-02 -6.740644574e-03 -4.723595083e-02 3.711372614e-03 5.858093500e-03 4.540975392e-02 -8.289335668e-02 -3.765840828e-02 4.540078342e-02 5.282026529e-02 -4.973207414e-02 2.082483470e-02 3.025554121e-02 -1.047868580e-01 1.170115173e-02 -1.400756836e-02 -1.036479473e-01 -1.901900768e-02
-3.150533140e-02 -1.068004668e-01 7.558757067e-02 -4.629905522e-02 -3.741380572e-02 5.180740356e-02 5.768238008e-02 -1.955346763e-02 4.822279513e-02 2.759720385e-02 -1.247376204e-01 8.647169173e-02 5.367033184e-02 -9.993253648e-02 -3.891965747e-02 6.561544538e-02 8.508166671e-02 5.015991628e-02 6.857882440e-02 -8.537296951e-02 1.128455698e-01 1.064946204e-01 -7.049265504e-02 -4.598809779e-02 4.640492797e-02 1.731674373e-02 -1.981203258e-02 9.886711836e-03 8.683089912e-02 8.975914121e-02 -1.109250337e-01 1.146227866e-01 -1.410220563e-02 -3.324367106e-02 -3.822384775e-02 -8.193135262e-02 1.181865484e-01 -1.040084660e-01 5.878885090e-02 9.009122849e-03 4.243791103e-02 -5.567260087e-02 -6.251719594e-02 -4.930910468e-02 -2.078945935e-02 -1.297482848e-02 6.020399928e-02 -9.217154980e-02 -4.761385918e-02 -1.213585585e-01 1.066838205e-01 4.658885300e-02 -1.688283682e-02 -6.186440587e-02 -6.378942728e-02 1.078847498e-01 1.032159477e-01 1.000011861e-01 -1.118107885e-01 5.874150991e-02 5.214215815e-02 5.142763257e-02 -2.926957607e-02 -4.476346076e-02
-6.176267564e-02 -1.120014489e-01 1.033750623e-01 1.838663220e-02 9.665270150e-02 8.407413960e-02 1.240734458e-01 -3.415656090e-02 6.002074480e-02 1.804411411e-03 -7.302716374e-03 2.814953029e-02 -1.004715860e-01 9.996759892e-02 5.389751494e-02 9.003375471e-02 5.689403415e-02 1.055655926e-01 -6.625507772e-02 -5.460625887e-02 1.227295101e-01 8.745077252e-02 -4.571768641e-02 -1.116380244e-01 -8.730499446e-02 9.773109853e-02 5.419860780e-02 6.329420209e-02 -1.116336584e-01 -2.236825228e-02 -9.669971466e-02 2.352944016e-02 -2.247489989e-02 2.558919787e-02 -4.459470510e-04 -1.496006548e-02 -5.516707897e-02 -7.646711171e-02 -1.219763309e-01 3.428454697e-02 7.178150117e-02 1.493375003e-02 1.076981276e-01 -6.761352718e-02 -3.273388743e-02 1.122615933e-01 1.506449282e-02 6.184726954e-02 -1.987971365e-02 4.698096216e-02 -1.724098623e-02 -2.657081187e-02 -1.067271829e-01 9.614388645e-02 -1.141110212e-01 -7.605184615e-02 -8.205896616e-02 2.093093097e-02 -5.650538206e-02 1.916213334e-02 4.678767920e-02 5.924455822e-02 7.229743898e-02 -1.172795296e-01
-3.884150088e-02 -1.225706935e-01 -1.680853963e-02 8.147424459e-02 1.144500226e-01 8.869081736e-03 1.877927780e-02 1.038874984e-01 -8.961100876e-02 -3.148347139e-02 7.982049882e-02 -1.120123714e-01 -2.489510179e-02 -3.189124167e-02 -7.583148777e-02 -8.499053121e-02 6.549876928e-02 6.488208473e-02 1.131107956e-01 -7.150708139e-02 5.923739076e-02 7.273140550e-02 -2.832849324e-02 4.170325398e-02 5.852213502e-02 -1.077747941e-01 5.182549357e-03 -3.333520889e-02 7.545031607e-02 6.315557659e-02 -6.807690859e-02 -2.039362490e-02 8.062548935e-02 8.798091114e-02 -6.992620230e-02 -1.144334674e-03 -1.659312844e-02 9.300976992e-03 1.857596636e-02 -1.742844284e-02 -2.286298573e-02 -9.278292954e-02 9.714031219e-02 6.512597203e-02 -2.389839292e-02 4.796758294e-03 1.015390456e-02 -5.555182695e-03 -1.297326386e-02 2.332551777e-02 -1.076965183e-01 5.943937600e-02 1.065955311e-01 1.798191667e-02 -5.389481783e-02 8.676946163e-02 1.214164346e-01 8.414985240e-02 3.443762660e-02 -1.302897930e-02 6.182378531e-02 1.166301817e-01 1.038842052e-01 2.786928415e-02
-2.179272473e-02 1.015464962e-01 -2.832134068e-02 -6.372244656e-02 3.266473114e-02 2.144666016e-02 -1.221024841e-01 -1.490627229e-02 -7.073342800e-03 1.085739434e-01 6.149882078e-02 -7.933607697e-02 9.770031273e-02 -7.934017479e-02 1.022250354e-01 -3.817823529e-02 -3.173436224e-02 -3.038816154e-02 5.593185127e-02 7.007727027e-02 -5.711209774e-02 4.512183368e-02 -8.612433076e-02 -2.197924256e-02 -1.068410575e-01 1.013592333e-01 -6.137609482e-03 -4.176485538e-02 6.933215261e-02 -1.195446402e-01 7.143543661e-02 -2.320617437e-03 -1.164949834e-01 2.911742032e-02 -3.628914058e-02 -5.027630925e-02 3.178419173e-02 2.155683935e-02 -8.256837726e-02 -4.478278756e-02 9.999437630e-02 6.315341592e-02 -1.212628484e-01 -3.035092354e-02 -9.497126937e-02 -3.071770072e-03 2.168649435e-02 3.832104802e-02 -2.502638102e-02 -5.195748806e-02 1.088743508e-01 1.193740815e-01 -9.830188751e-02 -6.243963540e-02 -3.287632763e-02 -5.915677547e-02 1.134873927e-02 -4.397609830e-02 -2.381788194e-02 1.001685113e-01 5.270546675e-02 -2.106943727e-02 2.448827028e-02 -1.630100608e-02
1.612044871e-02 -6.056848168e-02 -1.038260460e-01 4.195135832e-02 -9.655949473e-02 -9.421433508e-02 -7.200135291e-02 3.432190418e-02 3.059367836e-02 -9.749217331e-02 -4.340098798e-02 3.192901611e-02 -8.024856448e-02 5.301213264e-02 -1.179539859e-01 -8.639144897e-02 2.562372386e-02 -2.627247572e-02 -1.047669351e-01 -1.173408926e-01 4.789069295e-03 6.195145845e-02 -9.231658280e-02 2.809865773e-02 -8.611269295e-02 -4.366560280e-02 7.135513425e-02 2.823615074e-02 9.254176915e-02 1.196668446e-01 1.011905968e-01 8.371765912e-02 7.830964029e-02 -8.751246333e-02 8.485093713e-02 8.721198142e-02 -2.130362391e-02 -4.952676594e-02 4.787409306e-02 -5.504637957e-03 -7.721616328e-02 -7.295933366e-02 6.589736044e-02 1.011788100e-01 1.294250786e-02 9.824058414e-02 -1.243119389e-01 -8.087848127e-02 1.121341437e-01 3.618983924e-02 4.593391716e-02 2.156227827e-03 -1.176675707e-01 1.237125695e-01 -6.404681504e-02 1.143345237e-01 9.078158438e-02 -3.955751657e-03 7.846744359e-02 -3.846339881e-02 -6.413957477e-02 -1.249871254e-01 -8.377762139e-02 -3.945663571e-03
-8.968035877e-02 -4.416152835e-02 5.101150274e-02 -1.183770746e-01 3.531488776e-02 6.548874080e-02 -8.379821479e-02 -7.150202990e-02 6.604821980e-02 -5.687680840e-02 9.140872955e-02 -7.728070021e-03 -5.947010219e-02 -1.003189236e-01 5.043184757e-02 7.245610654e-02 8.073467016e-02 5.211667717e-02 2.369149029e-02 1.150910854e-01 -3.667004406e-02 7.793433964e-02 1.095113456e-01 9.920597076e-04 4.014246166e-02 -2.673506737e-03 7.249383628e-02 1.040262282e-01 5.481259525e-02 -6.666910648e-02 3.956861794e-02 -1.232853085e-01 -3.725349903e-03 3.251907229e-02 2.090524137e-02 -1.156962067e-01 1.703824103e-02 -6.305521727e-02 -1.149009764e-01 9.518827498e-02 5.361244082e-03 -1.220306605e-01 -2.819705009e-02 -1.065558195e-01 -8.011782169e-02 -9.757077694e-02 2.899542451e-02 -3.500729799e-04 -3.241918981e-02 3.860014677e-02 -6.806717813e-02 -4.146857560e-02 4.753918946e-02 -5.463150144e-02 -8.819699287e-04 -9.228979051e-02 -7.625885308e-02 -3.502577543e-03 6.768648326e-02 -1.024505943e-01 -1.154700369e-01 -3.735458851e-02 2.109849453e-02 5.297227204e-02
4.338535666e-02 -1.302640140e-02 -1.124818474e-01 1.964709163e-02 -1.619389653e-02 1.511409879e-02 1.137429476e-02 -1.166427583e-01 -1.085875779e-01 8.625814319e-02 -2.976787090e-02 -3.568336368e-02 4.905760288e-03 -1.056316346e-01 -2.739101648e-03 6.571522355e-02 4.090203345e-02 -9.763959050e-02 3.906083107e-02 7.882329822e-02 8.235730231e-02 -4.802069068e-02 -4.066132009e-02 -8.092629910e-02 5.070909858e-02 8.703757823e-02 -8.071431518e-02 5.199810863e-02 3.578348458e-02 8.083924651e-03 9.800761938e-02 -1.697017252e-02 -2.985028923e-02 -8.532635868e-02 1.019667983e-01 6.505407393e-02 1.057410687e-01 -6.635326147e-02 -1.626315713e-02 2.654743195e-02 -1.202977747e-01 -1.207443476e-01 -5.408330262e-02 -7.747209072e-02 1.180611551e-01 1.001227051e-01 -5.913971364e-02 -1.116355062e-01 -1.161748171e-01 -8.345648646e-03 -1.006553918e-01 -6.967838109e-02 4.342995584e-02 -4.856026173e-02 -5.969709158e-02 -2.009879053e-02 1.138323098e-01 6.673224270e-02 1.932014525e-02 8.324378729e-02 -2.508841455e-02 -3.148126602e-02 -1.471303403e-02 -3.845080733e-03
-4.352496564e-02 8.371585608e-02 6.266653538e-02 1.233475655e-01 -1.196654290e-01 -1.081493944e-01 -6.255133450e-02 2.445608377e-03 2.335327864e-02 7.177957892e-02 -1.112978607e-01 -7.749640942e-02 7.568514347e-02 -1.812665164e-02 -9.802719951e-02 -1.072061211e-01 1.173767149e-01 -5.139619112e-03 7.814832032e-02 -1.088426858e-01 -6.966680288e-03 3.345005214e-02 -9.814046323e-02 2.823998034e-02 -9.989479184e-02 -1.212162971e-01 3.069505095e-03 7.777684927e-02 4.902929068e-04 -3.172771633e-02 6.734076142e-02 8.057428896e-02 -6.160616875e-03 6.069037318e-02 -6.713992357e-02 -1.042292118e-01 1.106067002e-02 -6.818184257e-02 6.703713536e-02 -2.455550432e-02 -1.980754733e-02 -8.094049990e-02 -1.821808517e-02 2.275283635e-02 7.153363526e-02 -6.702341139e-02 -2.797506750e-02 -7.569731772e-02 -1.237624884e-02 -3.336861730e-02 5.166742206e-02 6.267666817e-03 6.163370609e-02 6.944413483e-02 -1.220531166e-01 3.243629634e-02 -2.723467350e-02 -4.341498017e-03 2.201706171e-03 9.670165181e-02 -2.360245585e-02 -1.205946356e-01 2.247008681e-02 -3.131377697e-02
1.062196493e-02 -9.293219447e-02 -5.967222154e-02 1.258131862e-02 1.242142022e-01 -1.216366291e-01 7.603289187e-02 4.176944494e-02 -8.532114327e-02 1.219861656e-01 -6.124095619e-02 -2.427887917e-02 2.674967051e-02 6.854504347e-02 -2.348884940e-02 1.091280431e-01 -3.686599433e-02 -8.678138256e-02 -8.183275163e-02 1.680357754e-02 -9.072670341e-02 7.681182027e-02 -9.633840621e-02 2.154043317e-02 -2.922743559e-02 1.018820703e-01 7.163888216e-02 2.534687519e-05 3.869056702e-03 -3.739129007e-02 -4.283289611e-02 9.278309345e-02 -5.547752976e-02 1.199456155e-01 -1.120860875e-01 3.347387910e-02 -5.431674421e-02 1.017562896e-01 -5.174025893e-03 1.399186254e-02 8.201909065e-02 -2.326992154e-02 -1.095986813e-01 9.042645991e-02 2.885520458e-02 -7.144838572e-03 -5.789777637e-02 3.577792645e-02 7.003469765e-02 -7.652796805e-02 -3.704252839e-02 4.442919791e-02 -7.701569796e-02 1.039647460e-01 1.133975536e-01 -3.063677251e-02 1.007657796e-01 -8.186629415e-02 1.211440563e-02 -7.789854705e-02 5.127659440e-02 8.377353847e-02 -8.064129949e-02 -8.282165229e-02
6.625722349e-02 7.331107557e-02 -9.011003375e-02 -4.214331508e-03 -8.421099186e-02 2.782106400e-02 -7.971388102e-02 6.798811257e-02 -4.497739673e-02 1.118594110e-01 -4.914632440e-02 -7.149860263e-02 -2.440670133e-02 1.042835712e-01 5.930797756e-02 -1.047807932e-02 -7.795059681e-02 -2.844223380e-02 1.177647114e-01 2.766484022e-02 9.751771390e-02 7.834909856e-02 9.675547481e-03 -9.239396453e-02 1.110108793e-01 1.273836195e-02 2.680696547e-02 -7.776738703e-02 3.191755712e-02 -2.347101271e-02 -9.633862972e-02 1.116027534e-01 -3.094787896e-02 -7.302825153e-02 -9.404192865e-02 1.234147251e-01 1.102890670e-01 1.189818680e-01 1.200670004e-01 -7.236568630e-02 -1.197732985e-01 8.902306855e-02 -1.000016481e-01 -2.871945500e-02 -2.360209823e-03 -4.493798316e-02 -6.356604397e-02 -4.261741042e-02 8.332210779e-02 1.221825480e-01 3.921686113e-02 -9.731617570e-02 -6.224456429e-02 -1.368975639e-02 3.895188868e-02 -8.982869983e-02 1.194654256e-01 -4.875846207e-02 -7.386706769e-02 -1.171325147e-01 -9.707130492e-02 3.672651947e-02 -6.930844486e-02 -7.333980501e-02
2.338446677e-02 1.090356708e-01 5.461290479e-02 1.037954837e-01 2.444198728e-02 -7.197655737e-02 3.636473417e-02 5.723142624e-02 -7.644546032e-02 1.100748777e-04 9.491991997e-02 -6.061562896e-02 8.840222657e-02 8.574700356e-02 -5.309928954e-02 8.457162976e-02 1.089701355e-01 3.293786943e-02 -3.860549629e-02 -6.610034406e-02 5.428612232e-02 -1.062645167e-01 2.298378944e-02 -9.403440356e-02 4.035246372e-02 7.147166133e-02 9.200431406e-02 1.018128842e-01 -1.215687096e-01 1.203228682e-01 6.462788582e-02 -8.235771954e-02 1.220099181e-01 -9.275682271e-02 8.901455998e-02 6.122034788e-02 -9.480176866e-02 1.888044178e-02 -6.480222940e-02 -1.155021936e-01 4.209280014e-02 -5.381199718e-02 -6.948713958e-02 6.436023116e-02 -3.254324198e-02 5.577698350e-02 -4.659914970e-02 -6.058587134e-02 6.543697417e-02 6.462994218e-02 -8.772931993e-02 2.190510929e-02 5.354218185e-02 -3.884018958e-02 -6.170479953e-02 1.020360440e-01 1.031703204e-01 3.182031214e-02 9.133599699e-02 -8.358436823e-02 -2.222020924e-02 1.231472939e-01 -6.826895475e-02 -2.113360167e-02
-7.572324574e-02 -8.427825570e-02 4.328167439e-02 -1.160786748e-01 1.191064864e-01 -1.678654552e-02 -1.053877920e-01 -8.136661351e-02 -8.142392337e-02 9.817072749e-02 1.218649596e-01 5.553665757e-02 -6.752133369e-03 1.946240664e-04 -5.865706503e-02 9.971594810e-02 6.680911779e-02 4.132498801e-02 6.685762107e-02 1.183538884e-01 -8.604475856e-02 -3.405420482e-02 -6.191225350e-02 -5.756835639e-02 1.290395856e-02 1.171178520e-01 7.410593331e-02 -3.528755903e-02 -1.221814603e-01 2.538044751e-02 8.735799789e-02 9.092691541e-02 -8.488655090e-02 7.979111373e-02 -1.025940031e-01 2.516955137e-04 -1.167546511e-01 -5.022145808e-02 -5.885958672e-02 -1.016563922e-01 -6.302951276e-02 7.593636215e-02 -6.155867875e-02 1.320946217e-02 -1.172734946e-01 2.614831924e-02 7.702031732e-02 2.458751202e-02 7.009814680e-02 -2.728341520e-02 4.519592226e-02 -3.322072327e-02 8.386504650e-02 -5.911551416e-02 4.179598391e-02 -1.417119801e-02 4.156206548e-02 1.596158743e-02 1.121577322e-01 5.649214983e-02 6.673520803e-02 3.036347032e-02 4.020388424e-02 -5.583170056e-02
6.510016322e-02 2.473331988e-02 -3.260453045e-02 9.325355291e-03 1.567079127e-02 1.130513102e-01 7.295270264e-02 -7.302980125e-02 1.159075201e-01 -1.410062611e-02 8.612783253e-02 -6.196773052e-02 -1.537851989e-02 -1.488633454e-02 9.548754990e-02 -5.774816871e-02 -1.044622362e-01 -1.042169034e-01 1.098486334e-01 1.027920246e-01 -8.906021714e-03 5.512832105e-02 -2.798758447e-02 -6.507755816e-02 -1.090406328e-01 6.315529346e-03 7.073752582e-02 5.956396461e-03 1.150270849e-01 -1.138547063e-01 -1.143940389e-01 1.180551946e-01 1.978032291e-02 1.102632284e-02 -1.085437089e-01 1.126501262e-01 1.066926867e-01 -7.187679410e-03 6.562919915e-02 8.611954749e-02 -7.741168141e-03 -9.125512838e-02 -1.169440150e-02 1.014528126e-01 -3.960701823e-02 -8.161132038e-02 -1.143296361e-01 1.093605161e-01 8.961650729e-02 9.367111325e-02 -2.680607140e-02 8.372347057e-02 -9.746538103e-02 9.334255755e-02 1.689083874e-02 -6.634527445e-02 -9.737120569e-02 -6.547786295e-02 -9.632845223e-02 5.324693024e-02 9.665444493e-03 8.385266364e-02 -8.382861316e-02 -9.240974486e-02
-1.623287797e-02 1.026299298e-01 -3.973178566e-02 1.235610247e-01 1.035871804e-01 6.321763992e-02 1.093121171e-01 -1.086043566e-01 8.476696908e-02 -1.145204008e-01 -1.189906746e-01 2.319410443e-02 2.674268186e-02 -5.895468593e-02 8.904376626e-02 6.669774652e-02 -5.781361461e-02 1.169908047e-01 9.837569296e-02 -1.122679412e-01 -4.120537639e-02 -8.422644436e-02 7.557158172e-02 2.933852375e-02 -2.899837494e-02 2.254001796e-02 -9.764897823e-02 -5.267561972e-02 5.999445915e-02 -1.101583242e-02 1.972438395e-02 4.545702040e-02 6.722268462e-02 -7.045850158e-03 9.632721543e-02 -1.431079209e-02 -8.836747706e-02 3.914120793e-02 -3.352624178e-02 -1.047492027e-01 -1.089616120e-02 -9.467263520e-02 6.056590378e-02 8.283269405e-02 6.239967048e-02 6.878842413e-02 1.013777554e-01 4.069666564e-02 6.069053710e-02 9.948121011e-02 -5.380001664e-02 -6.238330901e-02 4.060882330e-02 5.941283703e-02 8.581535518e-02 1.102599204e-01 -1.232870519e-01 -1.181310713e-01 8.353787661e-02 -9.028139710e-02 5.727560818e-02 2.972485125e-02 1.206789464e-01 -2.762854099e-02
9.623353183e-02 4.185146093e-02 -6.037634611e-02 -6.493620574e-02 -8.875897527e-02 1.975150406e-02 -9.643918276e-02 -5.938263237e-02 -1.217558980e-02 8.119045198e-02 -1.065935194e-01 -6.790928543e-02 -8.900786936e-02 -1.008186191e-01 -6.697881222e-02 7.566058636e-02 -2.303607762e-02 -3.308969736e-02 -6.067410111e-03 -6.010930240e-02 1.158769578e-01 -3.880171478e-02 -9.484982491e-02 -2.415980399e-02 2.844777703e-02 -1.182805151e-01 7.799868286e-02 -3.714786470e-02 -6.822530925e-02 -8.309797943e-02 7.292212546e-02 -3.619520366e-02 -4.398934543e-02 3.002044559e-02 1.131790280e-01 6.771606207e-02 9.746685624e-02 -1.011671573e-01 -2.762928605e-02 -3.237743676e-02 1.099891663e-01 1.173385680e-01 -4.801395535e-02 -9.837938845e-02 9.825298190e-02 -4.653279483e-02 -1.098126769e-01 1.209668964e-01 9.420439601e-02 1.556223631e-02 -3.381046653e-02 7.172870636e-02 -1.189813912e-01 2.316160500e-02 -3.335161507e-02 -2.483485639e-02 3.591811657e-02 6.914710999e-02 -4.497243464e-02 5.640204251e-02 -3.630876541e-02 -9.696359932e-02 -1.130250990e-01 -1.194302738e-02
-1.136993319e-01 6.905971467e-02 1.866790652e-02 -6.709870696e-02 -4.205584526e-02 -1.218149066e-01 6.719568372e-02 7.318282127e-02 1.633587480e-02 -1.080103368e-01 9.124863148e-02 -6.041103601e-02 -1.068798602e-01 -5.372419953e-03 8.606293797e-02 -5.248561502e-02 1.454661787e-02 7.191573083e-02 3.792668879e-02 2.141994238e-02 2.547922730e-02 4.919913411e-02 5.161106586e-02 9.454144537e-02 -4.540564120e-02 1.700823009e-02 1.081755608e-01 9.418064356e-02 -8.705824614e-03 -9.500256181e-02 -8.057542145e-02 1.762136817e-03 -3.859734535e-02 9.077325463e-02 4.826724529e-02 -1.219616085e-01 2.908335626e-02 1.501449943e-02 -1.061460972e-01 -5.544945598e-03 1.049325466e-01 9.170109034e-02 -1.052581370e-01 4.513163865e-02 -6.397868693e-02 3.672033548e-02 2.298648655e-02 3.246127069e-02 1.112102121e-01 9.272652864e-02 1.041292548e-01 5.286110938e-02 -4.199883342e-02 1.042442918e-01 -1.212872863e-01 5.690708756e-02 -6.031017005e-02 1.017688811e-01 2.934616804e-02 9.995462000e-02 3.115114570e-02 -5.363383889e-02 7.396608591e-03 -4.769828916e-02
4.038345814e-02 9.634406865e-02 -2.798169851e-02 8.544535935e-02 -6.813603640e-02 5.567005277e-02 -1.092608273e-01 -5.329594016e-03 -4.202076793e-02 9.535737336e-02 6.349848211e-02 -8.890844882e-02 -3.162632883e-02 -6.494662166e-02 -4.357427359e-03 -5.759970844e-02 -4.396253824e-02 -1.017464399e-01 8.537545800e-03 -6.657561660e-02 3.309237957e-02 7.004123926e-02 1.235367507e-01 -9.722666442e-02 -3.554731607e-02 4.556958377e-02 5.130290985e-03 1.111157984e-01 -7.429793477e-03 -7.750320435e-02 -1.901595294e-02 1.203102469e-01 8.173038065e-02 -6.339755654e-02 -9.410126507e-02 6.046672165e-02 2.708652616e-02 7.153701782e-02 -1.219781935e-01 -9.584304690e-02 -8.981439471e-02 -8.323726058e-02 6.802101433e-02 9.586600959e-02 -2.382369339e-02 -8.874891698e-02 -1.708735526e-02 5.065761507e-02 -8.283740282e-02 -6.505729258e-02 1.545725763e-02 -5.218270421e-02 8.162483573e-02 9.369701147e-02 1.550564170e-02 -8.430027962e-02 -1.730716228e-02 8.459797502e-02 -7.909958065e-02 -2.624885738e-02 1.121099740e-01 5.531363189e-02 4.213562608e-02 -7.520869374e-03
-4.110640287e-02 -4.057542980e-02 8.377194405e-02 8.411301672e-02 7.052405179e-02 4.145769775e-02 1.096912622e-01 -9.712964296e-02 5.317538977e-02 -4.439155757e-02 2.361327410e-03 1.229255497e-01 -5.935925245e-02 2.719390392e-02 4.627197981e-03 6.602117419e-02 6.913438439e-03 -8.630236983e-02 5.651265383e-02 -1.062278152e-01 -1.934555173e-02 -4.021441936e-02 -4.066169262e-02 3.485898674e-02 -8.264137805e-02 -9.605188668e-02 -7.129880786e-02 1.131615043e-02 -8.702823520e-02 -4.489384592e-02 -3.179208934e-02 -8.676984906e-02 -1.121422052e-01 7.379814982e-02 -9.086233377e-02 8.203800023e-02 1.069572270e-01 -7.644639909e-02 3.785745800e-02 5.209484696e-02 7.991060615e-03 -7.208581269e-02 1.027938873e-01 4.858031869e-02 -8.435805142e-02 3.114268184e-03 1.066438854e-01 -1.157800853e-01 1.065282822e-01 4.274667799e-02 -9.534570575e-02 3.616236150e-02 -3.309087455e-02 6.531621516e-02 -2.138990164e-02 -5.328427255e-02 -5.010202527e-03 -7.471768558e-02 1.239364892e-01 -1.243286729e-01 -1.837009192e-02 -8.363027871e-02 -9.590511024e-02 -3.244841099e-02
6.123329699e-02 4.992936552e-02 -6.406182051e-02 -1.220035553e-01 -5.679559708e-02 6.901609898e-02 6.694743037e-02 8.781197667e-02 -3.440611064e-02 -2.515071630e-02 -6.250797212e-02 -7.937458158e-02 -7.018226385e-02 -1.665541530e-02 -9.766936302e-02 -9.343570471e-02 1.433263719e-02 -7.266418636e-02 -2.823887765e-02 -9.980022907e-02 2.002884448e-02 5.715562403e-02 1.712034643e-02 -5.322614312e-02 2.203117311e-02 2.876585722e-02 -1.605498791e-02 -9.659872949e-02 -6.148666143e-02 -7.637849450e-02 -6.201967597e-02 3.729596734e-03 1.153129935e-01 4.596528411e-02 -6.589680910e-03 1.444314420e-02 -3.640003502e-02 8.725303411e-02 1.655752957e-02 6.051655114e-02 4.695847631e-02 6.718920171e-02 8.692152798e-02 -8.570376039e-02 -8.655598760e-02 -3.763183951e-02 6.115150452e-02 -7.661736012e-02 -1.222590357e-01 -8.018872142e-02 6.050530076e-02 8.204007149e-02 -2.006761730e-02 -5.787369609e-02 7.597227395e-02 -6.077434123e-02 5.562382936e-02 -1.080760509e-01 -1.161083430e-01 -9.114931524e-02 4.853604734e-02 5.706842244e-02 8.877745271e-02 -2.896861732e-02
1.154736876e-01 3.900812566e-02 2.365405858e-02 1.238291562e-01 9.277032316e-02 1.094136387e-01 7.002578676e-02 7.301151752e-03 -8.001849055e-02 -8.606752753e-02 -1.134633869e-01 -1.999875903e-02 8.591398597e-03 -1.973965764e-02 4.184180498e-02 -1.167070866e-02 5.802176893e-02 -2.846717834e-03 -4.454965889e-02 -4.156053066e-03 2.083981037e-02 -3.254315257e-02 4.563371837e-02 -1.040782779e-01 1.177987456e-01 1.930807531e-02 1.149030179e-01 -1.110969186e-01 -1.025546193e-01 -9.396304190e-02 -6.309866905e-02 -6.369963288e-03 -5.814950168e-02 8.738580346e-02 -1.432345808e-02 1.152001172e-01 -4.824732244e-02 -1.163943708e-01 -9.232191741e-02 -8.901096880e-02 -6.275197864e-02 -1.221871823e-01 -5.764445662e-02 1.157279313e-01 -1.081103086e-02 3.581792116e-03 -1.175734252e-01 5.146914721e-02 -9.149850905e-02 -3.063449264e-02 -1.861040294e-02 -8.479845524e-02 -4.234270751e-02 -6.121371686e-02 2.583593130e-02 -6.266897917e-02 -3.755810857e-02 6.071089208e-02 8.897709846e-02 -4.829102755e-02 -2.728874981e-02 -9.084208310e-02 -1.962062716e-02 -9.074690938e-02
-1.024097502e-01 -1.205029190e-01 -6.996698678e-02 2.828325331e-02 -8.919477463e-02 -2.023297548e-02 1.281039417e-02 -9.439060092e-02 -6.731696427e-02 2.483908832e-02 -7.733613253e-03 -6.160563231e-02 -7.606446743e-03 -9.691222012e-02 -3.867143393e-02 2.793346345e-02 9.733094275e-02 6.096209586e-02 -9.488610923e-02 7.081642747e-02 6.723691523e-02 -5.396452546e-02 8.188946545e-02 1.033585668e-01 -8.102923632e-03 -3.701062500e-02 2.504488826e-02 -6.928241253e-02 1.841437817e-02 -6.655485928e-02 -8.508019149e-02 -1.178068519e-01 4.075029492e-02 -9.415152669e-02 -5.691334605e-02 1.171509475e-01 8.985446393e-02 1.004903018e-01 -1.233013719e-01 -6.378829479e-02 9.150604904e-02 2.282458544e-02 -2.446518838e-02 5.195696652e-02 -9.671974182e-02 -3.413066268e-03 -9.224626422e-02 -1.162471175e-01 2.380475402e-02 -7.102093101e-02 -1.111353338e-01 2.209186554e-03 5.157640576e-02 1.250325143e-02 -6.569865346e-02 -1.224631816e-01 7.064755261e-02 1.049226522e-02 -5.192251503e-02 -5.338077247e-02 7.696183026e-02 -6.215494871e-02 -5.543887615e-02 9.588998556e-02
9.048381448e-02 6.331339478e-02 7.674089074e-02 -4.811815917e-02 3.461594880e-02 -5.376853049e-02 -4.067227244e-02 -9.322357178e-02 -1.195581555e-01 5.857363343e-02 -4.961377382e-02 3.713908792e-02 -9.682440758e-02 1.021228731e-01 8.175410330e-02 -2.778604627e-03 2.222771943e-02 7.668019831e-02 1.831793785e-02 -8.525077999e-02 3.772872686e-02 5.698421597e-02 6.451934576e-02 2.794554830e-02 5.255337059e-02 5.068519711e-02 -4.478926957e-02 -5.077058077e-02 -6.510131061e-02 -9.940896928e-02 -6.734518707e-02 1.110400558e-01 -1.095014960e-01 1.094327122e-01 -4.395568371e-02 8.863840997e-02 3.957124054e-02 -1.007059664e-01 -2.424259484e-02 -1.168415546e-01 2.594356239e-02 -4.812003672e-02 1.063503474e-01 5.428685248e-02 1.684352756e-02 -7.386726141e-02 -1.034834981e-02 -1.035206169e-01 6.524388492e-02 -6.613376737e-02 9.972676635e-02 -5.427698791e-02 -3.178982437e-02 8.653654158e-02 -8.917215466e-02 2.303963900e-02 7.138201594e-02 -7.394996285e-02 -2.289302647e-02 4.568232596e-02 6.280523539e-02 -6.410124898e-02 7.691992819e-02 -7.516387105e-02
-1.540826261e-02 4.000501335e-02 1.040051877e-02 2.401797473e-02 -2.655057609e-02 -2.429938316e-02 2.109479904e-02 4.187390208e-02 5.748973787e-02 -3.965900838e-02 -1.089385748e-01 1.016105264e-01 -6.277276576e-02 1.113074124e-01 8.215613663e-02 5.102701485e-02 -3.512410820e-02 -2.351807058e-02 3.519594669e-03 -6.671212614e-02 -6.933397055e-02 7.145918906e-02 -3.571575880e-02 -5.631363392e-02 -4.819527268e-02 -6.322707236e-02 -5.368044972e-02 6.599342823e-02 -2.380400896e-03 -2.263779938e-02 -8.429507911e-02 1.036318094e-01 -2.969175577e-03 -6.961406767e-02 -2.741584182e-02 3.018867970e-02 -1.001517326e-01 -1.885271072e-02 4.649952054e-03 4.125601053e-02 -1.001690328e-02 -1.731170714e-02 1.095798165e-01 5.858048797e-03 -5.829304457e-02 1.131193638e-01 2.725183964e-02 -7.600928843e-02 3.836812079e-02 -1.020842940e-01 6.665061414e-02 -3.356595337e-02 2.803601325e-02 -4.161256552e-02 8.001157641e-02 -8.642476797e-02 -5.292053521e-02 -6.581783295e-03 -1.032046825e-01 -1.200422198e-01 -3.477208316e-02 5.545721948e-02 -1.071998179e-01 6.770169735e-02
-8.471563458e-03 1.118315756e-01 -1.782533526e-02 -9.539841115e-02 8.365882933e-02 -9.734232724e-02 -7.466194034e-02 -2.953043580e-02 -1.111144423e-01 -3.890082240e-03 4.572044313e-02 -7.433761656e-02 1.698535681e-02 6.023415923e-02 8.251407743e-02 -2.535340190e-02 1.184204519e-01 5.783084035e-02 -1.683276892e-02 -5.659297109e-03 -9.851966798e-02 2.537149191e-02 -7.079929113e-02 3.492878377e-02 7.784175873e-02 -6.714825332e-02 -3.026252985e-02 -7.501158118e-02 -4.436860979e-02 1.198088676e-01 -1.171938926e-01 9.168122709e-02 -7.561288774e-02 8.537647128e-02 -4.705788195e-02 4.991336167e-02 6.037293375e-02 6.005567312e-02 4.727756977e-02 8.250607550e-02 1.567438245e-03 -1.533608139e-02 -1.361502707e-02 5.441433191e-02 1.097494364e-02 -8.093625307e-02 -4.365468025e-02 -4.434922338e-02 -1.185800135e-01 -5.501776934e-03 -4.278117418e-02 -7.988260686e-02 7.242882252e-02 1.175458580e-01 1.095478237e-02 -8.058008552e-02 9.277097881e-02 4.160299897e-02 -7.556302845e-02 4.967212677e-03 3.210388124e-02 6.310346723e-02 -8.026349545e-02 3.783757985e-02
8.697722852e-02 -7.389619946e-02 2.063110471e-02 -9.533761442e-02 -4.250383377e-02 -8.008332551e-02 5.168981850e-02 3.746458888e-02 8.751483262e-02 9.596194327e-02 -2.093489468e-02 -6.510056555e-02 1.066713482e-01 -6.098596752e-02 -4.869911075e-02 -7.610246539e-02 9.573698044e-03 -4.916995764e-02 -3.804150224e-02 4.090444744e-02 -9.421546757e-02 8.651971817e-02 -1.211066991e-01 7.460062206e-02 -6.092491746e-02 4.743307829e-03 1.613798738e-02 -3.624029458e-02 1.296430826e-02 1.716969907e-02 -9.679520130e-02 -6.026011705e-02 7.372820377e-02 -5.154305696e-02 -4.944552481e-02 4.942294955e-02 -6.378781796e-02 9.492830932e-02 -6.006236374e-02 -2.622979879e-02 -9.369307756e-02 -7.710207999e-02 -9.366540611e-02 -6.048895419e-02 -9.095779061e-02 9.136180580e-02 -1.090904176e-01 -1.011781245e-01 9.441410005e-02 -4.454237223e-02 8.032183349e-02 2.984702587e-05 8.815047145e-02 -1.200914830e-01 3.340314329e-02 -1.034754813e-01 1.879091561e-02 -2.976734936e-02 -1.124615669e-01 1.241717190e-01 -8.095073700e-02 3.132775426e-03 -1.336215436e-02 9.853929281e-02
-5.865900218e-02 1.245181710e-01 -7.862581313e-02 8.792503178e-02 6.474772096e-02 -1.075914800e-01 -8.878682554e-02 -2.177058160e-02 2.795115113e-03 5.458250642e-02 -1.272808015e-02 -2.564331889e-02 8.251667023e-02 -3.874966502e-02 -7.964861393e-02 1.128384471e-01 -3.808844090e-02 3.635372221e-02 1.104782671e-01 -9.207662940e-02 7.675063610e-02 1.086805910e-01 -7.700785995e-02 -1.512546837e-02 8.835935593e-02 -2.627781034e-02 1.344193518e-02 -3.153333068e-02 1.114143133e-01 -8.917497098e-02 1.064178348e-02 1.164854318e-01 -1.141278446e-01 8.651946485e-02 1.067705601e-01 4.172809422e-02 -1.044090688e-01 4.888682067e-02 8.682586253e-02 9.664347768e-02 -1.202261299e-01 -1.244635582e-01 -5.474148691e-02 -4.352967441e-02 9.320867062e-02 -7.785218954e-02 1.220932752e-01 -1.236305088e-01 -1.072888821e-01 -1.292428374e-02 8.596746624e-02 2.818568051e-02 -9.994111955e-02 9.775878489e-02 6.420826912e-02 -5.069133639e-02 2.841506898e-02 -4.938317835e-02 1.033045352e-02 -8.028864861e-02 1.638594270e-02 7.229001820e-02 -7.819443941e-03 -1.263332367e-02
-1.581744850e-02 -1.054759920e-01 9.303753078e-02 5.454333127e-02 -2.531513572e-02 4.518952966e-02 1.236547977e-01 9.816397727e-02 -1.111287922e-01 -1.977290213e-02 5.377978086e-04 1.118498743e-01 -3.181223571e-02 -1.023609787e-01 -7.583005726e-02 -8.302728832e-02 -2.388286591e-02 3.206481040e-02 6.187194586e-02 -9.928360581e-03 2.153426409e-03 2.480891347e-02 6.849597394e-02 6.753961742e-02 1.213732660e-01 -1.050457805e-01 -9.248243272e-02 -1.051915735e-01 7.422161102e-02 -8.436067402e-02 -9.623734653e-02 -7.526163757e-02 -7.617072761e-02 1.107786447e-01 -3.254388273e-02 -4.362639785e-02 7.741641998e-02 4.961043596e-03 -3.437834978e-02 -8.707576990e-02 1.916298270e-02 6.526660919e-02 -3.507031500e-02 9.285670519e-02 -7.350349426e-02 -2.879302204e-02 6.652534008e-03 -1.108984649e-01 2.094359696e-02 -8.802419901e-02 -8.421853185e-02 6.661549211e-02 -1.923914254e-02 3.718264401e-02 5.105455220e-02 8.959639072e-02 -9.043903649e-02 3.803755343e-02 8.188217878e-02 -3.976529837e-02 4.845833778e-02 -6.075832248e-02 3.157699108e-02 4.603025317e-02
-1.221472770e-01 2.071943879e-02 1.207330078e-01 -1.208077818e-01 9.704323113e-02 -2.196490765e-02 9.249314666e-03 -7.153919339e-02 3.609061241e-02 -5.842384696e-02 1.463563740e-02 -3.073349595e-03 -2.372802794e-02 -7.633236051e-02 -4.975615442e-02 1.213101894e-01 1.050795764e-01 6.753800809e-02 5.367086828e-02 -1.574610174e-02 1.155332029e-01 1.126512885e-01 -1.051240414e-01 4.950727522e-02 -9.154772758e-02 -7.557848096e-02 1.227781177e-03 -2.553945780e-02 5.585859716e-02 -5.003084242e-02 -6.801512837e-02 -9.402924776e-02 9.650710225e-02 -8.818125725e-02 -6.901584566e-02 -1.016477346e-01 -4.034747183e-02 1.008243710e-01 1.122786850e-01 -3.354297578e-02 5.692806840e-02 2.935664356e-02 -1.141179353e-01 -7.612574100e-02 -5.955652893e-02 1.974703372e-02 -2.469445765e-02 -5.960589647e-02 9.937244654e-02 4.396401346e-02 1.958730817e-02 -9.889547527e-02 3.218774498e-02 8.549396694e-02 -5.459628999e-02 7.791790366e-02 -5.795107782e-02 1.100987941e-01 -4.483202100e-02 2.101191878e-02 -8.833608031e-02 7.003183663e-02 7.649816573e-02 1.118997335e-01
5.330674350e-02 2.588295937e-02 -1.053354889e-01 2.172215283e-02 -3.178218007e-02 1.075884551e-01 -1.087377518e-01 4.232734442e-03 -5.270402133e-02 -1.154705286e-01 -8.726675808e-02 -1.072337180e-01 -1.597075164e-02 1.190516800e-01 4.461044073e-02 -1.729780436e-02 -8.263647556e-02 -7.901686430e-02 -4.290500283e-02 -3.607031703e-02 -3.228649497e-02 6.018131971e-03 1.083061099e-03 -6.702646613e-03 -8.756372333e-02 -1.029614955e-01 -7.687126100e-02 -5.477543175e-02 1.147967726e-01 -6.542512774e-02 8.498916030e-02 1.224287599e-01 6.211170554e-02 -1.031709462e-01 -1.226368248e-01 2.818304300e-02 -9.814260900e-02 1.676890254e-02 3.313821554e-02 -2.882331610e-04 -3.674562275e-02 8.349262178e-02 9.321154654e-02 -8.545467257e-02 3.175202012e-02 -6.926983595e-02 -9.623453021e-03 5.395400524e-02 -2.035123110e-02 5.491989851e-02 -8.814980090e-02 2.001592517e-02 -2.382805943e-02 9.811317921e-02 -1.851959527e-02 -3.294800222e-02 5.611267686e-02 -5.911090970e-02 -5.017101765e-03 1.488284767e-02 1.050193161e-01 -9.377953410e-02 -3.217935562e-03 5.474691093e-02
1.020527482e-01 1.166028231e-01 4.371091723e-02 -3.995236754e-02 6.502203643e-02 -6.878270209e-02 3.164485097e-03 -6.894779205e-02 -1.035875231e-01 8.682070673e-02 4.945744574e-02 3.096728027e-02 2.408312261e-02 -7.731053233e-02 1.052814573e-01 -4.148334265e-03 6.600698829e-02 6.704564393e-02 -2.140167356e-02 9.472858906e-02 9.484343231e-02 1.228150129e-01 -5.699729919e-02 5.578754842e-02 9.941396117e-02 -1.213554591e-01 -7.568120956e-03 1.824487746e-02 -2.271749079e-02 2.937075496e-02 -1.715056598e-02 -3.579047322e-02 -8.381134272e-02 -1.082911342e-01 4.333451390e-03 8.360682428e-02 1.165598631e-03 -2.931237221e-02 -2.164188027e-02 6.938384473e-02 1.022247374e-01 -2.104933560e-02 4.512041807e-03 7.058013976e-02 1.642310619e-02 -6.506800652e-02 -7.974275947e-02 1.421010494e-02 1.009884179e-01 5.932520330e-02 2.898930013e-02 8.813455701e-02 9.344202280e-02 -4.064877331e-02 7.762317359e-02 -7.140146196e-02 -5.163823068e-02 -4.325588048e-02 9.781314433e-02 -6.635625660e-02 -1.203649938e-01 7.672670484e-02 7.454644144e-02 -1.090054810e-01
-7.218959928e-02 7.581801713e-02 -3.079980612e-03 -2.507352829e-02 -1.565431058e-02 -8.075480163e-02 -4.213362932e-02 6.121011078e-02 3.174483776e-02 -9.220448136e-02 -3.461873531e-02 1.014538556e-01 7.648135722e-02 -1.165118217e-01 7.229152322e-02 7.464769483e-02 -3.009925783e-02 1.036624610e-01 -1.223824918e-01 -3.632171452e-02 -7.460519671e-02 -9.818282723e-02 -9.949377179e-02 2.170965075e-03 -4.506993294e-02 -1.099127084e-01 5.226895213e-03 8.974371850e-02 8.601397276e-02 2.079916000e-02 -7.042613626e-02 1.072720140e-01 4.205338657e-02 -9.905345738e-02 -3.719958663e-02 -6.291408837e-02 6.790168583e-02 -1.165775955e-02 -4.632315040e-02 6.850419939e-02 -1.755072176e-02 -1.075094938e-01 6.507141888e-02 4.758748412e-02 9.629380703e-02 -8.137929440e-02 -9.837000072e-02 1.891370118e-02 1.209659874e-02 -7.622475922e-02 2.060011029e-03 6.001263857e-02 -2.755562961e-02 -4.609374702e-02 -5.231229961e-02 -4.694321752e-02 -8.412790298e-02 -4.111573100e-02 3.726273775e-02 1.185314208e-01 -2.166572213e-02 -1.542165875e-03 -2.135662735e-02 1.034540832e-01
7.839775085e-02 -2.164255083e-02 -7.241934538e-03 2.648042142e-02 1.173918247e-01 -2.224667370e-02 -5.258172750e-04 -1.059386879e-01 7.390625775e-02 1.882965863e-02 -6.730285287e-02 1.066071242e-01 6.279985607e-02 1.201009452e-01 1.020886600e-01 -5.933389068e-03 -6.381928921e-03 9.865891933e-02 -7.648265362e-02 -2.236478031e-02 -3.930343688e-02 6.473295391e-02 -5.212628841e-02 -1.057283580e-02 8.185046911e-02 4.386574030e-03 3.400549293e-03 7.442900538e-02 -4.411743581e-02 2.632065117e-02 -8.361358941e-02 -9.885823727e-02 -2.163758874e-02 -4.465554655e-02 -1.226361692e-01 -5.936332047e-02 2.956448495e-02 8.092814684e-02 7.455065846e-02 -1.223025471e-01 8.174166083e-03 5.802151561e-02 -9.630189836e-02 2.608230710e-02 -1.007465720e-01 -8.782066405e-02 -3.686021268e-02 -2.224607766e-02 2.951912582e-02 -1.142923534e-02 4.537716508e-03 -1.153382808e-01 -1.081620753e-01 3.116521239e-02 2.800107002e-02 3.670275211e-02 -6.739456952e-02 4.124389589e-02 -6.677296758e-02 -9.589999914e-02 4.593601823e-02 6.703223288e-02 3.327517211e-02 2.105778456e-02
-1.225399822e-01 3.333353996e-02 -9.411668777e-02 -5.799764395e-02 1.295997202e-02 -3.089883924e-02 -1.013761759e-01 -1.054537147e-01 3.564654291e-02 -9.777764976e-02 2.383977175e-03 1.001086831e-01 1.242637783e-01 -9.425969422e-02 -6.420779228e-02 -1.043858230e-01 5.954527855e-02 7.505297661e-03 5.163964629e-02 1.142722368e-01 1.093003303e-01 1.020582616e-01 -7.840493321e-02 -6.204019487e-02 1.195718199e-01 -1.132624596e-01 7.237836719e-02 -9.923958778e-02 -6.684771180e-02 -3.524631262e-03 7.043282688e-02 4.308590293e-02 1.191687882e-01 -1.187545061e-02 -8.185665309e-02 1.188485473e-01 -1.687645912e-03 5.701383948e-02 -2.122077346e-02 6.842210889e-02 -3.699588776e-02 7.956209779e-02 9.097723663e-02 9.545294940e-02 -6.732556224e-02 -3.860397637e-02 9.431554377e-02 -2.583608031e-02 4.156695306e-02 -5.193588138e-02 -1.148722768e-01 1.929624379e-02 1.032617092e-01 -1.140286922e-01 -6.711256504e-02 -1.069175452e-01 -7.961720228e-02 7.930338383e-03 -1.105307043e-02 2.234910429e-02 -5.376419425e-02 9.510047734e-02 1.147818118e-01 -9.803560376e-02
9.312655032e-02 5.870196223e-02 -2.839638293e-02 1.220206916e-01 5.875274539e-02 -9.417463839e-02 1.047308892e-01 7.274612784e-03 -1.090156287e-01 6.992992759e-02 2.306997776e-02 -4.796795547e-02 -3.807953000e-02 -4.842400551e-03 2.392651141e-02 -6.743693352e-02 -8.510553837e-02 1.259917021e-02 -1.707504690e-02 5.035762489e-02 -1.034937501e-01 -4.745528102e-03 -1.002892852e-01 4.843360186e-02 1.078995019e-01 5.639389157e-03 6.505478919e-02 8.044536412e-02 -8.197154105e-02 8.462284505e-02 -2.850151062e-02 -1.512700319e-02 1.135726720e-01 -3.331056237e-02 9.459182620e-02 5.744875968e-02 1.177838892e-01 2.094620466e-02 1.197312921e-01 1.780927181e-03 6.404839456e-02 5.731242895e-02 1.130968183e-01 3.102695942e-02 4.262311757e-02 1.545292139e-02 4.664255679e-02 3.454898298e-02 -3.824727237e-02 1.174519658e-01 -1.136884540e-01 -3.525942564e-02 8.708213270e-02 -3.046819568e-02 -2.210085094e-02 -6.783586740e-02 -2.145966887e-02 6.679654121e-03 -1.124926209e-01 9.493352473e-02 1.851162314e-02 -7.813334465e-02 -9.370113909e-02 7.759727538e-02
-3.347381949e-03 4.623758793e-02 1.044653356e-02 -8.760167658e-02 3.495213389e-02 -1.000345051e-01 -4.085892439e-02 2.303700149e-02 -1.629406214e-02 -3.119897842e-02 -1.552307606e-02 6.658695638e-02 -9.081791341e-02 -1.078887284e-01 -9.856660664e-02 1.045077890e-01 -1.143573225e-02 -1.085710973e-01 6.241223216e-02 -3.107540309e-02 8.370131254e-04 -2.400033176e-02 -1.100363880e-01 1.120758504e-01 -1.095575392e-01 7.171331346e-02 1.786977053e-03 7.579955459e-02 1.582409441e-02 -4.244878888e-02 -1.969525218e-02 9.445337951e-02 -8.465096354e-03 7.412658632e-02 -2.905255556e-02 5.008131266e-04 -5.320277810e-02 6.336353719e-02 -7.481247187e-03 4.291534424e-02 3.678561747e-02 5.141215026e-02 -6.057783961e-02 6.836459041e-03 8.618068695e-02 -8.108264208e-02 6.088776886e-02 -4.548579454e-02 -6.065943837e-02 -2.130484581e-02 8.304503560e-02 -3.933139145e-02 -6.717060506e-02 5.712960660e-02 -8.048979938e-02 4.781296849e-02 1.160301715e-01 1.060981005e-01 -1.052981466e-01 -1.107809395e-01 6.183883548e-02 -3.694987297e-02 -1.057014316e-01 6.216473877e-02
1.012081355e-01 -9.461757541e-02 9.578762949e-02 1.237524450e-01 2.446240187e-02 -3.952282667e-02 3.123107553e-02 -1.133069992e-01 -1.178828180e-01 -4.577015340e-02 2.001637220e-02 1.090175658e-01 -6.329889596e-02 8.139985800e-02 -4.736691713e-03 5.333587527e-02 -5.040238798e-02 -9.635989368e-02 -4.755286872e-02 -3.691250086e-02 9.758397937e-02 3.343108296e-02 5.910663307e-02 4.964517057e-02 -6.277802587e-02 -9.086725116e-02 -6.399825215e-02 -7.464231551e-02 6.245993078e-02 2.232410014e-02 -1.223648489e-01 -8.033563197e-02 -9.264001250e-02 1.101166010e-01 2.099950612e-02 8.864153922e-02 7.396005094e-02 7.082527876e-02 9.103362262e-02 1.019426733e-01 9.168420732e-02 -1.005472988e-01 -2.674102783e-02 5.284507573e-02 -8.226618171e-02 1.114129722e-01 -2.912648022e-02 -1.013675630e-01 1.156587452e-01 -5.980621278e-02 6.303064525e-02 6.873342395e-02 -2.540841699e-03 -1.111204624e-01 3.033831716e-02 5.201749504e-02 1.173879504e-01 -8.989167213e-02 -1.848937571e-02 -1.095936149e-01 8.039149642e-02 1.655071974e-03 -3.311839700e-02 -9.811814129e-02
4.728318751e-02 7.453337312e-02 -5.913113058e-02 1.083307117e-01 1.982842386e-02 -8.608363569e-02 1.157810688e-01 4.272371531e-03 -9.814769030e-02 7.290819287e-02 -6.191998720e-02 -9.778574109e-03 6.437811255e-02 -8.561542630e-02 1.108357608e-01 2.268970013e-03 -7.303468883e-02 -1.220380813e-01 -8.872775733e-02 4.545006156e-02 8.820830286e-02 -2.378983796e-02 5.674332380e-02 -9.720832109e-03 -4.378363490e-03 3.262647986e-02 -8.086808026e-02 5.182582140e-02 -8.639860153e-02 5.808730423e-02 -7.389834523e-02 5.629329383e-02 8.300283551e-02 8.215950429e-02 3.314478695e-02 -6.144210696e-02 9.604226053e-02 -1.180201322e-01 7.984237373e-02 -1.878589392e-03 -3.210529685e-02 4.048499465e-02 -1.101060510e-01 8.548441529e-02 -9.625385702e-02 -4.834605753e-02 3.704160452e-02 -1.078754067e-01 -6.105685234e-02 8.713306487e-02 9.948343039e-02 6.443192065e-02 -3.290913999e-02 6.673097610e-03 1.142915785e-01 9.579201043e-02 -1.087960750e-01 5.721196532e-02 -1.070535034e-01 -9.041965008e-02 6.508964300e-02 -1.154409796e-01 -4.325285554e-03 1.211437285e-01
1.204542369e-01 1.038995087e-01 1.105163991e-02 -4.763510823e-02 -6.418851018e-02 -2.047096193e-02 -4.961825907e-02 -4.714456201e-02 -1.370720565e-02 -3.535445035e-02 3.918987513e-02 4.811219871e-02 -6.822241843e-02 -2.440567315e-02 -4.677155614e-02 4.821811616e-02 -9.042926133e-02 -5.230624974e-02 5.654142797e-02 -8.603926003e-02 -1.113759726e-01 -8.141182363e-02 -6.450183690e-02 2.487190068e-02 -6.738026440e-02 6.726112962e-02 9.063526988e-03 -1.053830981e-02 8.989019692e-02 6.363900006e-02 1.165799201e-01 -2.079416811e-02 -3.926752508e-02 5.990509689e-02 -8.791287243e-02 -1.849435270e-02 3.879471123e-02 -2.440762520e-02 -2.663105726e-03 1.744565368e-02 9.753346443e-02 4.386255145e-02 -1.165459752e-01 -8.185106516e-02 3.303036094e-03 -4.237310588e-02 -1.033235639e-01 1.703974605e-02 3.711238503e-03 -3.805068135e-02 -9.551021457e-02 6.876468658e-02 -4.844792187e-02 -8.393731713e-02 1.099184006e-01 1.216960996e-01 2.319198847e-02 -3.534981608e-02 -1.028220505e-01 -4.364892840e-02 6.064908206e-02 3.136064112e-02 -1.051691473e-01 -9.699702263e-03
-7.977034152e-02 4.157558084e-03 7.269363105e-02 1.144147366e-01 -1.787041128e-02 8.530350029e-02 -5.981339514e-02 -1.161310375e-01 -6.337866187e-02 -9.619981050e-03 1.013428420e-01 -3.163748980e-02 2.627037466e-02 -5.855688453e-02 -5.843928456e-02 1.145255566e-02 8.344203234e-02 -4.670773447e-02 1.143053174e-01 1.613950729e-02 -4.745483398e-03 2.511933446e-03 3.069892526e-03 3.070709109e-02 -7.792860270e-02 4.245667160e-02 3.620246053e-02 -5.219729245e-02 4.078552127e-02 3.261935711e-02 8.580929041e-02 7.594813406e-02 8.965337276e-02 6.998154521e-02 -1.195096076e-01 4.413953424e-02 9.516699612e-02 8.464428782e-02 6.373211741e-03 -4.606288671e-02 -6.583034992e-02 1.003012210e-01 -1.355805993e-02 -3.693607450e-02 7.025012374e-02 -4.812091589e-02 2.229900658e-02 -1.137307882e-01 -6.061418355e-02 -9.795789421e-02 -3.749783337e-02 7.495905459e-02 3.741917014e-02 -1.040003747e-01 -7.793128490e-02 -9.041382372e-02 -2.102935314e-02 1.144953072e-01 6.419599056e-02 7.595750690e-02 -1.927258074e-02 -4.240736365e-02 4.356937110e-02 1.848146319e-02
6.451432407e-02 -1.220772266e-01 8.135402203e-02 -1.193933785e-01 1.005894840e-01 -1.140378416e-01 -1.114182919e-01 9.970991313e-02 -2.381950617e-02 -7.825146616e-02 3.134508431e-02 -7.705092430e-04 -5.444656312e-02 -9.637713432e-02 -7.465672493e-02 1.206987649e-01 -4.835018516e-02 3.183549643e-02 -8.715707064e-02 -4.903832078e-02 9.160213172e-02 -5.565911531e-02 9.648978710e-02 4.644513130e-03 -1.121927500e-01 -1.050883681e-01 -1.241389215e-01 4.907086492e-03 -4.115898907e-02 9.372678399e-02 4.204624891e-02 7.241612673e-02 -2.532044053e-02 -9.229189157e-02 7.020089030e-02 -6.430360675e-02 2.240508795e-03 -1.083322167e-01 -9.100511670e-03 -4.313965142e-02 -8.609294891e-04 2.483382821e-03 2.582907677e-03 -2.023236454e-02 -1.037296504e-01 2.930486202e-02 -1.191262752e-01 -8.645547926e-02 2.331313491e-02 1.078325957e-01 -9.880115092e-02 -1.827766001e-02 -5.338102579e-03 1.258590817e-02 3.738701344e-05 -9.731534123e-02 -1.214188933e-01 -4.368959367e-02 -1.242967099e-01 -6.001624465e-02 -4.621908069e-02 -3.853276372e-03 1.027112454e-01 -9.496070445e-02
-4.608613253e-02 -3.373311460e-02 -8.546531200e-02 -1.072583795e-01 -7.880941033e-03 -7.705932856e-02 -3.279054165e-02 -5.870251358e-02 -1.119357944e-01 6.970213354e-02 2.345231175e-02 -3.618718684e-02 -2.267998457e-02 1.008942425e-01 -9.927488863e-02 -3.660392761e-02 -1.156450808e-02 2.434700727e-04 -8.280736208e-02 -6.382910907e-02 1.028750688e-01 -9.097978473e-02 -2.948293090e-02 7.181273401e-02 -1.088124216e-01 3.064516187e-02 1.228278577e-01 -6.187304854e-03 -5.944538116e-02 -4.135583341e-02 6.589324772e-02 9.168356657e-02 -1.600193977e-02 -8.439253271e-02 8.466620743e-02 -4.527463019e-02 -4.303410649e-03 7.472366095e-02 -1.716910303e-02 1.146061420e-01 -1.030250043e-01 -1.237396896e-01 7.861615717e-02 1.054044366e-01 -3.873801231e-02 6.686276197e-02 -2.801185846e-02 -2.858158946e-02 -8.384513855e-02 -2.896979451e-03 8.253064752e-02 4.536853731e-02 9.642948210e-02 9.678867459e-02 1.076107621e-01 2.466969192e-02 -3.764528036e-02 -1.033614129e-01 8.975596726e-02 -1.103921831e-01 -7.650412619e-02 8.035777509e-02 1.489076018e-02 1.263028383e-02
4.295538366e-02 8.889141679e-02 3.983308375e-02 3.310757875e-02 5.071920156e-02 -6.109514832e-02 -3.740262985e-02 1.134058982e-01 -2.437464893e-02 -3.865520656e-02 -2.462749183e-02 1.115871519e-01 2.940556407e-02 3.306809068e-02 -4.910239577e-02 2.463945746e-02 8.896751702e-02 -1.057356596e-02 -5.140149593e-02 1.123941541e-01 3.097185493e-02 -1.169371605e-02 -6.457483768e-02 -7.941085100e-02 9.732836485e-02 4.974479973e-02 3.781001270e-02 1.154304147e-01 1.327836514e-02 1.007257551e-01 8.637996018e-02 1.072011590e-01 -6.417283416e-02 9.753194451e-02 9.622545540e-02 -2.876941860e-02 -1.162427664e-02 1.079460382e-01 3.992021084e-05 7.638958097e-02 -7.553811371e-02 -4.455551505e-03 -5.233392119e-02 1.236672699e-01 4.267412424e-02 -1.884108782e-02 -6.765425205e-02 4.058174789e-02 5.365066230e-02 -7.715249062e-02 3.791369498e-02 1.112174392e-01 1.625792682e-02 -6.605993211e-02 4.467041790e-02 -3.321470320e-02 -2.588818967e-02 2.974723279e-02 6.736420095e-02 3.815434873e-02 5.237993598e-02 -5.524985492e-02 -1.104650497e-01 -6.324987113e-02
8.288158476e-02 1.093597263e-01 -1.196275949e-01 -3.568811715e-02 -1.120953113e-01 -8.882373571e-02 -1.047305912e-01 -5.805137753e-02 -1.131316721e-01 1.185015887e-01 -1.240342408e-01 2.815099061e-02 1.195629984e-01 1.987785101e-03 1.457828283e-02 -1.074129939e-01 8.299760520e-02 1.209304482e-01 -2.658769488e-02 3.321851790e-02 8.073382080e-02 8.715489507e-02 6.787231565e-02 1.154190451e-01 4.516464472e-02 7.424527407e-02 -9.590660036e-02 8.717457950e-02 6.825144589e-02 -8.363975585e-02 1.498340070e-02 2.307817340e-02 -2.726532519e-02 -7.000193000e-03 1.105779111e-01 7.169349492e-02 -3.225840628e-02 2.688266337e-02 4.621370137e-02 -9.085236490e-02 -1.188381612e-01 2.416548133e-02 -5.405956507e-02 7.785835862e-02 -3.098267317e-02 -2.592699230e-02 6.980715692e-02 1.029700488e-01 -2.434745431e-02 -5.772113800e-03 -8.806797862e-02 -1.019212455e-01 -1.069252938e-01 -1.460103691e-02 -1.099279523e-02 1.136990786e-01 9.165634215e-02 3.133985400e-02 1.040516496e-01 -7.615420222e-02 8.665762842e-02 3.746248782e-02 -3.970137239e-02 -7.255372405e-02
1.196463704e-01 -4.127968848e-02 6.563210487e-02 -3.462223709e-02 9.700518847e-02 -1.062267721e-01 8.541531861e-02 9.494215250e-03 -5.356656015e-02 4.677642882e-02 4.235786200e-02 8.015938103e-02 3.539383411e-03 1.603449881e-02 -3.050962090e-02 1.110193729e-01 -1.009102911e-01 -7.483284175e-02 -9.630629420e-02 7.634897530e-02 -8.701185882e-02 -3.145560622e-02 3.408792615e-02 1.199346185e-01 -7.266847789e-02 2.909718454e-02 -8.091717958e-02 -7.762852311e-02 -4.670949280e-02 -7.167905569e-02 -8.513033390e-05 -1.236214936e-01 7.792834938e-02 -1.141449958e-01 -3.435052931e-02 3.927919269e-02 -1.021043360e-01 6.659419835e-02 1.048621386e-01 -6.178542972e-02 1.036863029e-01 -1.086786240e-01 8.410364389e-03 -1.229396164e-01 4.878550768e-03 -3.610394895e-02 6.708711386e-02 2.191515267e-02 -1.632511616e-02 -4.712061584e-02 5.013763905e-02 -2.861164510e-02 -1.220388710e-01 6.202030182e-02 9.495764971e-03 3.700883687e-02 -7.490201294e-02 -2.587229013e-03 -3.659456968e-02 1.419401169e-02 8.231931925e-02 1.121042073e-01 8.714824915e-03 1.249568462e-01
1.129656434e-01 5.736570060e-02 6.516225636e-02 -5.695773661e-02 2.027679980e-02 6.651245058e-02 -1.375228167e-04 6.510052085e-02 -9.854395688e-02 -4.751513898e-02 -7.511231303e-02 1.210376620e-01 -3.199732304e-02 -5.585382879e-02 -4.129877687e-02 7.790584862e-02 5.738021433e-02 -4.956535995e-02 -9.097996354e-02 -7.030679286e-02 -4.318705201e-02 -4.153479636e-02 -1.215194315e-01 1.608444750e-02 -2.129758894e-02 2.700418234e-03 3.960296512e-02 -5.464179814e-02 -4.981039464e-02 1.044155359e-01 -8.008994162e-02 9.580332041e-02 -6.942616403e-02 3.653475642e-02 -4.144239426e-02 -5.205641687e-02 1.913453639e-02 1.218679249e-01 8.615702391e-04 8.304303885e-02 8.713200688e-03 1.105331928e-01 5.520269275e-02 -7.526826859e-02 1.723761857e-02 8.778585494e-02 -1.175168157e-02 7.367268205e-03 4.390946031e-02 -3.544449806e-02 -2.701644599e-02 1.070938855e-01 -6.116366386e-02 2.905862033e-02 -8.482727408e-02 1.229538023e-01 -5.295746028e-02 -4.727840424e-02 -1.078717560e-01 -6.729543209e-03 -2.443997562e-02 3.815703094e-02 6.496383250e-02 -2.702602744e-02
2.542293072e-02 -7.302093506e-02 1.054131985e-02 2.463549376e-03 -5.411069095e-02 -1.208021194e-01 1.051393449e-01 9.153804183e-02 -6.864547729e-02 -8.277790248e-02 1.367935538e-02 -9.208396077e-03 -7.474254072e-02 4.602506757e-03 -2.835574746e-02 7.886424661e-02 4.251705110e-02 7.832100987e-02 5.501641333e-02 -2.515016496e-02 4.503609240e-02 -5.565859377e-02 9.011207521e-02 -1.859426498e-03 1.153521687e-01 2.514106035e-02 4.033933580e-02 -1.618799567e-02 -6.982114911e-02 -8.442024887e-02 -8.002038300e-02 -7.485248148e-02 1.071406901e-01 -7.708854973e-02 -9.035365283e-02 -2.969281375e-02 5.358767509e-02 -4.995320737e-02 -3.446750343e-02 -1.198321581e-01 -8.654855192e-02 1.895812154e-02 1.634185016e-02 1.306951046e-03 -4.221226275e-02 5.452543497e-03 -9.154504538e-02 5.137760937e-02 -5.079065263e-02 -8.300046623e-02 -3.302042186e-02 6.886658072e-02 -6.056818366e-02 -1.045523882e-01 5.033029616e-02 2.619619668e-02 -1.034967750e-01 9.279231727e-02 -8.369034529e-02 -1.071922630e-01 -1.254831254e-02 -8.709467947e-02 2.826650441e-02 -5.220921338e-02
1.227201670e-01 -8.723630011e-02 1.245435774e-01 -1.119049042e-01 4.421938956e-02 8.398577571e-02 4.111450911e-02 1.864726841e-02 2.939270437e-02 2.175691724e-02 1.077364385e-01 -7.569560409e-02 -7.684628665e-02 -6.709361076e-02 -1.132972836e-01 -1.218900084e-03 -2.065238357e-02 -8.086499572e-02 -7.664567232e-02 -5.589640141e-02 6.037157774e-02 3.712192178e-03 -6.468360126e-02 3.163407743e-02 -8.448809385e-02 3.282733262e-02 -3.463689983e-02 4.698325694e-02 4.504220188e-02 2.912476659e-03 -8.897908032e-02 1.037909240e-01 3.680035472e-02 1.662200689e-02 7.745081186e-02 1.416078210e-02 1.055252552e-02 1.221190244e-01 -8.855795860e-02 5.451886356e-02 -4.387184978e-03 1.239150167e-01 4.309415817e-04 -7.693551481e-02 4.268328846e-02 -1.198730171e-01 -1.100405455e-01 -2.095524967e-02 -5.343289673e-02 2.366909385e-02 -3.635780513e-02 -1.231566817e-01 1.145887971e-01 2.847716212e-03 6.743723154e-02 -1.078427881e-01 -2.604493499e-02 2.353456616e-02 8.526253700e-02 5.740335584e-02 1.112856865e-01 9.467868507e-02 -7.991224527e-02 3.751069307e-03
-6.607396901e-02 1.621992886e-02 1.127429903e-01 -9.204396605e-02 -3.058783710e-02 7.540000975e-02 1.149117947e-03 -1.129334718e-01 -5.617499352e-02 -8.430667222e-02 -1.001569778e-01 -7.487431169e-03 -3.603057563e-02 -9.581105411e-02 -1.230277419e-01 1.574487984e-02 1.374602318e-03 -7.970155776e-02 1.043847650e-01 5.667719245e-02 -3.283910453e-02 4.946026206e-02 7.773092389e-02 1.084636450e-01 9.305576980e-02 8.468726277e-02 9.228563309e-02 3.933458030e-02 9.259699285e-02 7.172141969e-02 3.917151690e-02 -8.373281360e-02 1.207830459e-01 -1.006368995e-01 -7.101126015e-02 -2.622193098e-02 1.273621619e-02 -2.686640620e-02 2.137719095e-02 -3.198237717e-02 -1.862014830e-02 1.051759124e-01 -8.789937198e-02 7.907441258e-02 6.180275977e-02 -5.441148579e-02 -2.344511449e-02 -4.557929933e-02 9.836107492e-04 -8.854646981e-02 -3.363348544e-02 6.823125482e-02 -7.751563191e-02 1.123764515e-01 4.414813221e-02 -2.625571191e-02 -1.246603280e-01 5.103559792e-02 -4.055947065e-02 -7.510523498e-02 -5.568060279e-02 8.202467859e-02 1.211936772e-01 1.802608371e-03
9.523886442e-02 -2.293784916e-02 -1.030194461e-01 -3.138819337e-02 1.219804138e-01 -1.057118177e-01 1.470869780e-02 -9.950229526e-02 -1.123120338e-01 2.924442291e-02 6.689435244e-02 9.322944283e-02 -6.482926011e-02 -4.980142415e-02 -1.052804589e-01 7.114633918e-03 6.584703922e-02 9.932085872e-03 8.454829454e-02 1.088101268e-01 -2.419061959e-02 -5.174852908e-02 9.981951118e-02 1.803301275e-02 -4.889850318e-02 -5.513958633e-02 8.481043577e-02 -3.647704422e-02 -8.610533178e-02 1.244424433e-01 4.551607370e-02 -8.777046204e-02 -5.253404379e-04 -4.829852283e-02 6.477954984e-02 -7.401996851e-02 4.692691565e-02 -1.188943386e-01 -8.291825652e-03 4.167646170e-03 -6.416828930e-02 5.927583575e-02 -1.133894324e-01 -1.198318601e-01 8.154459298e-02 -5.622279644e-02 7.810795307e-02 -1.058400124e-01 5.658033490e-02 1.565617323e-02 4.742485285e-02 -7.083280385e-02 1.093486696e-01 1.111326814e-01 6.499755383e-02 4.809422791e-02 -1.219439805e-01 3.033883870e-02 -9.600679576e-02 1.947325468e-02 -5.697534978e-02 4.911097884e-02 -4.973772168e-02 1.403865218e-02
1.202847064e-01 5.657787621e-02 4.755647480e-02 3.087945282e-02 -9.928563237e-02 -2.320422232e-02 9.391710162e-03 -1.731856167e-02 5.220411718e-02 5.970813334e-02 -3.964336216e-02 7.083685696e-02 -9.554922581e-03 -8.236433566e-02 5.744349957e-02 -7.871569693e-02 2.920697629e-02 1.821111143e-02 5.927242339e-02 -3.137172759e-02 4.664611816e-02 -1.191198826e-01 -9.191720188e-02 -9.644898772e-02 -5.442824960e-02 -5.151745677e-02 -4.317596555e-03 4.373668134e-02 1.143151224e-01 -3.567205369e-02 -4.549071193e-03 9.464281797e-02 9.392629564e-02 5.552992225e-03 -2.408263087e-02 7.166771591e-02 -3.596578538e-02 -1.219440401e-01 -7.113005221e-02 3.322578967e-02 1.084798425e-01 4.943628609e-02 -2.111914754e-02 7.084298134e-02 2.071589231e-02 -1.061847806e-01 8.961558342e-03 -7.870915532e-02 9.478062391e-02 8.814072609e-02 -6.079587340e-02 3.830385208e-02 3.554619849e-02 -2.954901755e-02 -1.160714030e-02 -3.568544984e-03 5.784094334e-02 1.100192666e-01 -1.146785021e-01 1.077275574e-01 -6.471434236e-02 -1.140043139e-02 -2.390304208e-02 -9.892269969e-03
8.919462562e-03 -1.766414940e-02 1.226219535e-02 -1.012500823e-01 1.134594679e-01 5.565747619e-03 -5.963739753e-02 1.091334522e-01 -8.576317132e-02 1.130507141e-01 -9.689092636e-03 1.079087257e-01 -3.816381097e-02 -3.226821125e-02 -1.049812436e-01 6.616850197e-02 -4.523441195e-02 8.962464333e-02 -6.444488466e-02 -6.080915034e-02 1.467996836e-02 1.332809031e-02 -3.352643549e-02 1.018655151e-01 8.032473922e-02 -1.090510637e-01 -7.339897752e-02 -1.094511449e-01 7.895480096e-02 6.992468238e-02 9.332188964e-02 -9.505036473e-02 7.117399573e-02 -1.026718020e-01 1.209209263e-01 1.183824837e-01 -9.072858095e-02 -2.820925415e-02 -1.729495823e-02 6.054070592e-02 -4.342241585e-02 -9.046518803e-02 2.742007375e-03 3.606505692e-02 -7.129345834e-02 7.601672411e-02 -1.321971416e-03 -6.616605818e-02 1.002390981e-01 -1.056128144e-01 8.817374706e-02 -2.652870119e-02 1.233964115e-01 -9.263947606e-02 -3.548075259e-02 1.201402396e-01 1.145473570e-01 -5.092392862e-02 9.420809150e-02 -1.058589667e-01 -1.580911875e-02 8.368419111e-02 6.943024695e-02 1.120548248e-01
-4.520885646e-02 -3.469631076e-03 -3.739580512e-02 -6.995336711e-02 5.046522617e-02 8.902230859e-02 4.577058554e-02 -3.861576319e-03 2.758055925e-03 -1.159719229e-01 -8.830654621e-02 1.131697297e-01 -6.910353899e-03 -8.767615259e-02 -5.940185487e-02 -6.763155758e-02 -3.076957166e-02 -7.183566689e-02 9.129577875e-02 -1.243472695e-01 5.818063021e-02 -1.845787466e-02 -1.164167970e-01 7.753179967e-02 3.538136184e-02 -1.097626984e-01 2.079693973e-02 -1.184106320e-01 7.909449935e-02 5.053113401e-02 -1.358389854e-02 7.750865817e-02 7.933449745e-02 1.423119009e-02 -5.171881616e-02 9.427325428e-02 -1.246674806e-01 -8.883093297e-02 -5.924533308e-02 -5.299068987e-02 7.922084630e-02 -1.211197227e-01 -1.044626981e-01 -9.374229610e-02 5.561831594e-02 1.900434494e-02 -6.755062938e-02 -3.657887876e-02 -7.436075807e-02 -1.102500111e-01 -7.200992107e-02 -5.677662790e-02 -8.983053267e-02 9.935131669e-02 -6.983318925e-02 -5.813215673e-02 -8.294779062e-02 5.311237276e-02 -8.551627398e-02 -1.945854723e-02 6.610976160e-02 -8.796766400e-03 -3.139194846e-02 -6.356543303e-02
-4.528148472e-02 9.503428638e-02 -3.957587481e-02 6.691034138e-02 -9.444506466e-02 1.044594198e-01 1.192961484e-01 5.084791780e-02 1.083636284e-02 4.931591451e-02 -2.540922165e-02 1.193668991e-01 -1.161178946e-01 7.097546756e-02 -1.184488386e-01 2.006708086e-02 -7.336220145e-02 -1.066894829e-02 -7.813525200e-02 -8.524969220e-02 -7.500007749e-02 -1.076941192e-01 -1.171284318e-01 -9.708881378e-02 3.503954411e-02 3.328534961e-02 6.394237280e-02 2.568194270e-02 -1.242328286e-01 -1.184446663e-01 -3.409482539e-02 -1.164496541e-01 -4.143415391e-02 -1.097350866e-01 -7.417069376e-02 -1.362472773e-02 -9.651762247e-02 7.938189805e-02 1.147449613e-01 4.340918362e-02 -2.674534917e-02 -9.223440289e-02 1.728168130e-02 -5.194400251e-02 -5.453872681e-02 2.259127796e-02 -8.090938628e-02 1.138968468e-01 1.200255603e-01 1.157605946e-01 -4.992146790e-02 1.163955182e-01 1.019476354e-01 1.042056233e-01 1.289938390e-02 6.927999854e-02 -9.190523624e-02 -7.354924083e-02 8.051569760e-02 3.354415298e-03 -8.222179115e-02 -6.943041086e-02 6.780247390e-02 -1.112111956e-01
8.317385614e-02 8.721229434e-02 9.124143422e-02 -2.178731561e-02 3.329396248e-03 -1.765626669e-02 -7.377117872e-03 8.169077337e-02 -1.009549201e-02 7.113151252e-02 7.771715522e-02 2.555729449e-02 -9.798379242e-02 -2.775281668e-02 8.135437965e-04 6.315268576e-02 4.938668013e-02 -7.909439504e-02 7.076247036e-02 -1.216287017e-01 5.208924413e-03 4.058088362e-02 -3.965525329e-02 -2.123296261e-03 -2.961869538e-02 -7.439914346e-02 -1.016689092e-01 -9.859465063e-02 5.316767097e-02 -4.526221752e-02 -1.102781594e-01 9.912836552e-02 3.644716740e-02 2.099120617e-02 -3.179427981e-02 7.822583616e-02 1.205296665e-01 8.027674258e-02 6.425079703e-02 -9.688203037e-02 -1.120303720e-01 -7.038441300e-02 -3.057509661e-02 -1.165300608e-02 9.220868349e-02 -1.019107550e-01 -5.217626691e-02 -1.177401990e-01 -1.106519848e-01 9.171672165e-02 -8.053600788e-02 -9.709294140e-02 -2.417652309e-02 -1.244184971e-01 -3.273889422e-02 4.187241197e-03 1.176521331e-01 -1.121762395e-01 -1.958385110e-02 3.081262112e-03 -8.321374655e-02 9.575691819e-02 -1.142783612e-01 1.201653928e-01
4.133358598e-02 -1.015328020e-01 4.981523752e-02 -1.146034300e-01 8.636137843e-02 -6.208837032e-02 5.294029415e-02 -9.906391799e-02 8.133056760e-02 -1.183784902e-01 5.072911084e-02 3.848284483e-03 -7.263283432e-02 4.411578178e-02 8.838552237e-02 9.615346789e-02 -2.909320593e-02 -5.611787736e-02 8.888570964e-02 -1.154686809e-01 -5.771996081e-02 -5.622383952e-02 5.618505180e-02 -5.176216364e-03 -2.522101998e-02 3.871917725e-04 1.217134744e-01 -1.034666002e-01 -6.045812368e-02 1.191766560e-02 -1.517401636e-02 -8.816161752e-02 5.952428281e-02 7.859072089e-02 -4.997168481e-02 1.045328826e-01 -1.214666963e-01 -9.684115648e-04 -1.319199800e-02 -4.114980996e-02 4.964627326e-02 -1.125246435e-01 -6.570394337e-02 3.632193804e-02 -7.296498120e-02 6.518043578e-02 -1.194899082e-01 6.513784826e-02 4.659362137e-02 7.076916099e-02 -7.314601541e-02 -1.178341657e-01 8.816939592e-02 -1.070425510e-01 -3.678509593e-02 -4.847934842e-02 -1.077843755e-01 8.656726778e-02 -1.221899688e-01 5.756273866e-02 -1.903218031e-02 6.537628174e-02 -1.207254678e-01 -7.581710815e-02
-8.706377447e-02 -4.379148781e-02 -5.429829657e-02 9.939660132e-02 6.832592189e-02 6.180793047e-02 2.664844692e-02 -3.563970327e-03 3.340220451e-02 -7.101710141e-02 1.090906709e-01 6.494438648e-02 1.019723415e-01 3.092628717e-02 7.834328711e-02 6.262928247e-02 -1.707601547e-02 -1.213734895e-01 -3.012739122e-02 -5.475156009e-02 -2.984325588e-02 1.155436784e-01 7.133302093e-02 -7.200399041e-02 -1.053027809e-02 4.360742867e-02 4.262453318e-02 -2.081143856e-02 -1.221345812e-01 -1.175922155e-01 1.783627272e-02 -9.423226118e-02 -9.385736287e-02 -1.201771945e-01 3.570534289e-02 -7.284785807e-02 -1.531809568e-03 -1.072873175e-01 9.729494154e-02 -1.080023944e-01 5.082887411e-02 2.102982998e-02 2.363984287e-02 -1.245519966e-01 1.246197522e-01 1.213700473e-01 -1.354143023e-03 1.126351506e-01 5.740821362e-04 -3.327196836e-02 -4.034934938e-02 1.208491623e-02 1.133218706e-01 -6.674161553e-02 6.377989054e-02 9.340429306e-02 2.912679315e-02 -9.349271655e-03 9.658175707e-02 -1.178131551e-01 -7.925182581e-04 -7.255926728e-02 7.393431664e-02 -9.362177551e-02
-1.113189012e-01 -3.136970103e-02 2.936035395e-02 1.218423098e-01 -1.930947602e-02 -6.770402193e-03 -3.256961703e-03 6.353373826e-02 -1.125926971e-01 -1.178629249e-01 9.089396894e-02 5.813778937e-02 -5.495224893e-02 -4.277177155e-02 3.725211322e-02 -5.263039470e-02 8.941370249e-02 1.784196496e-02 5.067475140e-02 8.806441724e-02 -1.158310473e-02 1.249963343e-01 -2.388876677e-02 -1.059124321e-01 1.152241677e-01 -3.797045350e-02 -1.696546376e-02 1.136700660e-01 -1.167555153e-02 -1.147596985e-01 -5.530475080e-02 4.370255768e-02 -5.197083950e-02 4.286611080e-02 -5.641831458e-02 -9.028378129e-02 -6.203995645e-02 -7.113295794e-02 -5.514284968e-02 -3.290738165e-02 5.604198575e-02 2.624332905e-02 -7.437263429e-02 4.671797156e-02 -4.968360066e-02 -9.358502924e-02 -7.610304654e-02 -1.085475236e-01 5.670671165e-02 -9.620168805e-02 -6.639625132e-02 3.754243255e-02 -6.449830532e-02 -6.289330125e-02 -1.040503234e-01 5.069531500e-02 -7.293781638e-02 1.080662161e-01 -1.216049492e-02 5.420520902e-02 -5.334208906e-02 -9.396655858e-02 7.142998278e-02 -3.856585920e-02
1.213143468e-01 8.124540746e-02 3.265541792e-02 -2.494470775e-02 -6.490817666e-02 2.076543868e-02 1.039713770e-01 -9.524662793e-02 1.152887791e-01 -1.145277917e-02 9.496305883e-02 -3.215074539e-04 -2.324481308e-02 -1.375593245e-02 8.856108785e-02 1.073951870e-01 1.232999414e-01 -9.989076853e-02 -1.028189808e-01 1.212289929e-02 -8.986760676e-02 4.769216478e-02 4.854445159e-02 1.037058830e-01 5.652409792e-02 6.608454883e-02 -9.816353023e-02 1.199823320e-01 4.006196558e-02 -2.513943613e-02 4.548038542e-02 6.851916015e-02 -6.904351711e-02 4.472018778e-02 -4.488496482e-02 -5.126115680e-02 8.651278913e-02 9.942652285e-02 2.914467454e-02 2.566258609e-02 3.696668148e-02 -6.761763990e-02 5.742055178e-02 3.722074628e-02 3.027051687e-02 9.061062336e-02 -1.104214042e-01 -3.875499964e-02 5.945272744e-02 -6.720200181e-02 -5.639401078e-02 -1.092183590e-01 6.668113172e-02 9.401671588e-02 5.840852857e-02 7.915942371e-02 -5.066356063e-02 1.025090963e-01 -1.090137661e-01 -7.240220904e-03 5.591778457e-02 1.225221157e-01 5.340631306e-02 6.014572084e-02
6.898114085e-02 -1.001026183e-01 -8.081628382e-02 7.889354229e-02 1.223818362e-01 -4.220950603e-02 1.110359579e-01 1.152182668e-01 6.789676845e-02 -7.300041616e-02 9.600920975e-02 4.495516419e-03 -4.814061522e-02 -9.129698575e-02 3.532576561e-02 1.090410650e-01 -6.545178592e-02 -6.366230547e-02 8.138886094e-02 9.972712398e-02 -5.722574890e-02 9.829789400e-03 -1.188625097e-01 -2.494655550e-02 1.155160815e-01 2.827501297e-02 7.803547382e-02 6.662321091e-02 -4.112422466e-04 4.555888474e-02 4.981154203e-02 -1.199817657e-01 4.745519161e-02 9.524916112e-02 -3.000035882e-02 5.348916352e-02 -8.598157763e-02 3.578020632e-02 -1.083765626e-01 -9.712250531e-02 1.042640209e-02 7.797096670e-02 3.351521492e-02 -9.705413878e-02 -1.209301651e-01 7.210101187e-02 4.032458365e-02 6.924748421e-03 -1.183811128e-01 2.925215662e-02 7.467584312e-02 7.595211267e-02 2.422885597e-02 -9.793289006e-02 8.300341666e-02 9.145025909e-02 -4.856698215e-02 2.950973809e-02 -1.127240360e-01 9.780682623e-02 5.470791459e-02 -8.162440360e-02 -6.115153432e-03 9.566763043e-02
3.250046074e-02 3.622820973e-02 3.689126670e-02 5.443687737e-02 -9.013432264e-02 1.448315382e-02 -1.025899500e-01 -2.453543246e-02 -9.527295828e-02 -5.793257058e-02 1.154049784e-01 2.594819665e-02 1.023945957e-01 1.176087111e-01 6.972590089e-02 1.061785370e-01 -1.791028678e-02 -8.716429770e-02 1.916791499e-02 -6.052444875e-02 4.137140512e-02 4.153415561e-02 -4.052236676e-02 2.864937484e-02 7.884806395e-02 -2.394200861e-02 7.989194989e-02 -2.856528759e-02 6.251533329e-02 6.811703742e-02 -1.225819737e-01 -7.534733415e-02 -1.034218669e-01 5.017845333e-02 1.034113616e-01 -3.362610936e-02 -1.070596725e-01 1.184056103e-01 -2.443335950e-02 -6.968423724e-03 4.955281317e-02 3.858134151e-02 5.683158338e-02 -1.098473519e-01 7.618457079e-02 -1.230205595e-01 1.637819409e-02 6.246054173e-02 -2.867469192e-02 7.281379402e-02 -1.931007206e-02 4.421690106e-02 3.754571080e-03 1.108024269e-01 -1.040883213e-01 9.748171270e-02 -6.756871939e-02 -3.904360533e-02 3.974369168e-02 -1.964443922e-02 4.136800766e-03 -6.134943664e-02 2.862423658e-03 -1.192749143e-01
2.043478191e-02 -1.004702300e-01 -4.413515329e-02 1.059005558e-01 -8.309626579e-02 9.896257520e-02 1.221034825e-01 1.244993061e-01 1.213275343e-01 -7.038386166e-02 7.188186049e-02 -9.306472540e-02 4.660795629e-02 -3.665859997e-02 -9.485831857e-02 3.162513673e-02 -7.081982493e-02 -3.416091204e-03 -2.811895311e-02 -6.330548227e-02 -1.097587347e-01 3.422319889e-02 -1.132635772e-02 -2.607397735e-02 -1.037209481e-01 1.240552813e-01 -4.209455848e-02 4.034243524e-02 -5.573378503e-02 1.439751685e-02 -1.020254195e-01 2.996437252e-02 -7.079356909e-02 8.663837612e-02 6.353101134e-02 -1.218388975e-02 -7.338266075e-02 -1.144963205e-01 5.127446353e-02 -6.373044848e-02 8.666227758e-02 -3.457149863e-02 5.907991529e-02 1.818813384e-02 -5.217535794e-02 4.950164258e-02 3.273321688e-02 -1.076251268e-02 3.878532350e-02 -4.541876912e-02 2.742435038e-02 -8.476434648e-02 -1.262748241e-02 2.022200823e-02 -8.360888064e-02 1.488941908e-02 -4.865841568e-02 -1.163931489e-01 9.888842702e-03 -9.174473584e-02 -4.216638207e-02 -1.046734750e-01 -4.219080508e-02 -8.279912174e-02
4.577682912e-02 -7.181778550e-02 1.160069704e-01 -1.042035967e-01 1.007730663e-01 6.154015660e-03 3.388129175e-02 1.180975735e-01 -1.627974212e-02 4.085554183e-02 -1.191043556e-01 -6.643357873e-02 5.348053575e-02 -6.753894687e-02 7.924187183e-02 -4.408615828e-02 -9.076786041e-02 -4.225547612e-02 -1.179996133e-02 -4.564270377e-02 4.078158736e-02 1.011061370e-01 5.836373568e-02 -1.146749854e-01 9.411135316e-02 -4.850602150e-02 -4.447202384e-02 3.229175508e-02 -1.229467839e-01 -1.058130711e-01 -7.675223053e-02 -3.826668859e-02 -2.118799090e-02 -7.944963872e-02 -6.982381642e-02 3.470456600e-02 -1.112816632e-01 1.871925592e-02 9.254722297e-02 -1.147569865e-01 6.872022152e-02 -6.548200548e-02 7.486824691e-02 6.712640822e-02 9.452077746e-02 -1.069785655e-02 9.399300814e-02 2.280227840e-02 4.850362241e-02 3.546245396e-02 1.641134918e-02 6.207409501e-02 -7.603961229e-02 1.193325073e-01 6.737071276e-02 -3.794154525e-02 6.909370422e-04 1.655079424e-02 7.252676785e-02 1.873835921e-03 -2.808508277e-02 -5.531908572e-02 7.588341832e-02 -9.238506854e-02
1.100648046e-01 -5.189181864e-02 -8.803935349e-02 1.138727814e-01 -1.037117243e-01 -9.372912347e-02 6.603579223e-02 8.154973388e-02 5.927425623e-02 -2.059477568e-02 -8.024498820e-03 -9.138552845e-02 -3.625676036e-02 -9.851975739e-02 1.215250641e-01 1.894190907e-03 -4.155486822e-04 3.513324261e-02 1.944118738e-02 -4.059143364e-02 -4.774011672e-02 -1.202468127e-01 -4.345743358e-02 -2.971723676e-02 -7.992118597e-03 -2.536237240e-03 4.152892530e-02 -1.214207709e-01 -1.159142554e-01 -7.723054290e-02 4.226499796e-02 8.430294693e-02 -1.050837338e-01 -5.625276268e-02 -2.439981699e-02 -4.322770238e-02 3.477796912e-03 -4.261349142e-02 -6.452232599e-02 1.810921729e-02 -3.360654414e-02 1.038026661e-01 7.792411745e-02 -3.654399514e-02 -7.703021169e-02 1.066410393e-01 2.037470043e-02 -5.072425306e-02 4.737360775e-02 -4.382580519e-04 7.139250636e-02 1.934264600e-02 1.147345901e-01 4.750190675e-02 -4.860046506e-02 -2.041077614e-02 7.162712514e-02 -7.573454082e-02 -6.517267227e-02 -4.272843897e-02 1.057581007e-01 2.614906430e-02 3.814083338e-02 -8.914868534e-02
-1.172062606e-01 -6.761606038e-02 -6.287458539e-02 9.018327296e-02 2.144198120e-02 1.038296074e-01 -7.321082056e-02 -1.417018473e-02 -6.730809808e-02 5.453161895e-02 -7.423643768e-02 4.683880508e-02 3.928260505e-02 -1.087590009e-01 -2.459636331e-02 3.010797501e-02 1.228903383e-01 -1.208965033e-01 -8.161389828e-02 1.148923784e-01 -1.041059643e-01 -2.908727527e-02 8.505661786e-02 7.113055885e-02 2.061921358e-02 4.475596547e-02 -4.263480008e-02 -7.587078214e-02 -4.739016294e-04 -1.200943291e-01 8.874557912e-02 5.036512017e-02 1.091917008e-01 -4.916910827e-02 -6.336311996e-02 1.552191377e-02 -1.064623892e-01 8.889253438e-02 1.731872559e-02 5.211268365e-02 -8.096840978e-02 7.192911208e-02 -1.049828231e-01 -1.013537794e-01 -8.268803358e-02 4.281164706e-02 -3.354841471e-02 6.380875409e-02 1.308669150e-02 -2.269330621e-02 3.494137526e-02 -5.366121233e-02 -2.610425651e-02 9.468047321e-02 1.155513227e-01 5.223734677e-02 -1.555453241e-02 -8.202174306e-02 -5.687177181e-03 -1.203695536e-01 9.608164430e-02 -2.154731750e-02 2.628077567e-02 -3.175818920e-02
3.524288535e-02 7.509635389e-02 -3.377008438e-02 8.686041832e-02 -1.014984399e-01 6.179210544e-02 8.449929953e-02 6.559678912e-02 8.071035147e-02 -1.067088991e-01 -2.835592628e-02 7.490324974e-02 6.842669845e-02 -1.200306714e-01 -3.850774467e-02 3.052949905e-03 6.363689899e-04 -3.101257980e-02 -1.042857766e-01 3.602123260e-02 1.136736870e-01 2.032759786e-02 6.500315666e-02 -9.110166132e-02 -1.247422397e-01 -8.255808055e-02 -7.146134973e-03 -1.092956066e-01 1.192460805e-01 1.660290360e-02 4.654893279e-02 -1.734657586e-02 1.232387275e-01 -6.250570714e-02 -5.614109337e-02 5.308343470e-02 5.829229951e-03 -5.005675554e-02 -1.196337193e-01 7.875914872e-02 -5.489605665e-02 9.522017837e-02 -1.118229032e-01 5.265147984e-02 1.161304414e-01 1.132343262e-01 -1.050822437e-01 -7.837069035e-02 8.563189209e-02 -1.806014776e-02 7.715821266e-03 1.568987966e-03 -4.636123776e-02 3.600555658e-02 -3.506238759e-02 7.679204643e-02 -1.021051258e-01 1.008220464e-01 -8.220091462e-03 -2.949157357e-02 1.128620803e-01 5.330221355e-02 7.644709945e-02 1.003644466e-01
7.801422477e-02 4.670313001e-02 -2.349743247e-02 -7.548555732e-03 -4.455943406e-02 -2.242343128e-02 8.696749806e-02 -1.241621226e-01 -9.541124105e-02 -2.137504518e-02 7.497507334e-02 5.623288453e-02 2.392859757e-02 3.885775805e-04 -1.065135598e-01 -4.467278719e-02 1.031191796e-01 3.550161421e-02 -1.972274482e-02 7.736980915e-03 1.066964567e-01 -2.395191789e-02 -2.141135931e-02 7.435648143e-02 -1.095764935e-01 4.081286490e-02 7.317470014e-02 8.946336806e-02 -4.974974692e-02 -1.106142998e-01 1.145220399e-01 1.211471856e-01 -1.050467044e-01 1.210310608e-01 -7.842811942e-02 7.370945811e-02 -4.609122872e-03 -3.092277050e-02 8.217933774e-02 -7.808133960e-03 -8.338955045e-02 -9.720690548e-02 7.533882558e-02 2.832014859e-02 -6.989137828e-02 6.452895701e-02 -9.425425529e-02 1.193026155e-01 2.673217654e-02 8.922757208e-02 -4.560968280e-02 9.416060150e-02 5.357855558e-02 9.377199411e-02 -7.608072460e-02 -1.161064059e-01 5.952826142e-02 1.987792552e-02 -1.432226598e-02 -5.060958862e-02 6.204614043e-02 2.949205041e-02 5.986082554e-02 2.726033330e-03
5.999074876e-02 9.037931263e-02 -1.162891239e-01 -2.114951611e-03 -1.046847850e-01 8.580312133e-02 -3.190745413e-02 3.123268485e-02 6.700344384e-02 -6.526534259e-02 7.953512669e-02 -6.903684139e-02 1.111765802e-01 -4.495035112e-02 -1.923404634e-02 1.039632112e-01 -5.769926310e-02 -3.985629976e-02 5.930843949e-02 -6.322820485e-02 9.763197601e-02 4.816651344e-02 2.432878315e-02 1.425737143e-02 -1.003140956e-01 -2.224737406e-02 3.292077780e-02 -4.987609386e-02 -5.531163514e-02 -8.780226111e-03 -9.128767252e-02 5.038157105e-02 -1.033155173e-01 -8.513537049e-02 1.435863972e-02 -1.578347385e-02 -7.734721899e-02 5.157394707e-02 -1.084543467e-01 7.983005047e-02 1.082102954e-01 9.391477704e-02 1.012264043e-01 -1.530271769e-02 5.401749909e-02 -1.101457626e-01 6.316964328e-02 -8.423830569e-02 -6.558948755e-02 -1.041535139e-01 7.304102182e-04 1.088368744e-01 -7.564231753e-03 2.453476191e-02 -2.001512051e-02 1.891185343e-02 1.182647645e-01 -1.463949680e-03 4.057098925e-02 1.492974162e-02 -3.617663682e-02 -8.178974688e-02 8.335068822e-03 1.486450434e-02
-5.262432992e-02 -8.554543555e-02 -1.212188601e-02 2.463753521e-02 -4.262258112e-02 -7.928279042e-02 -7.324324548e-02 -1.035613567e-01 9.483407438e-02 -6.001204252e-03 -2.747596800e-02 -7.199710608e-02 1.146762222e-01 -1.003899574e-01 2.624355257e-02 -4.819005728e-03 -1.197018772e-01 7.726259530e-02 -3.152221441e-03 -5.405478179e-02 3.159642220e-02 -7.669866085e-03 -8.535888791e-02 4.248678684e-03 1.502236724e-02 -7.321581244e-03 2.116516232e-03 6.703352928e-02 9.146183729e-04 1.070067286e-03 8.328962326e-02 -9.476691484e-03 1.211922318e-01 -3.016631305e-02 6.995172799e-02 6.140336394e-02 1.099058539e-01 1.768428087e-02 1.103186011e-01 1.518249512e-03 9.706571698e-03 -1.211158931e-01 5.589337647e-02 6.169487536e-02 3.074745834e-02 5.284097791e-02 -1.129613519e-01 1.078030318e-01 5.175101757e-02 -5.135889351e-02 1.170711815e-01 7.168498635e-02 6.346157193e-02 6.785885990e-02 -9.918901324e-02 7.707278430e-02 -6.512358785e-02 8.417129517e-03 6.730857491e-02 -8.858229220e-02 1.192152500e-01 6.385266781e-03 6.554858387e-02 -1.114519238e-01
1.176781952e-02 8.673921227e-03 9.742560983e-02 -4.695986211e-02 7.473190129e-02 7.007847726e-02 -9.257942438e-02 1.176318675e-01 -1.140391827e-02 3.224134445e-02 1.248002052e-03 8.290885389e-02 -1.162336767e-02 -6.134167314e-02 2.806201577e-03 5.648301542e-02 -1.597693563e-02 -3.875185549e-02 8.312498033e-02 6.249542534e-02 -9.221203625e-02 4.815663397e-02 4.998251796e-02 -6.226405501e-03 9.928958118e-02 5.361157656e-02 1.104168445e-01 -2.281752229e-02 -1.994295418e-02 -3.958478570e-02 2.308306098e-02 3.022253513e-02 -2.387490869e-02 5.670468509e-02 1.179655343e-01 4.354578257e-02 5.075633526e-04 -1.202692389e-01 -1.033276170e-01 -8.777599037e-02 -4.269482195e-02 -3.595528007e-02 7.303367555e-02 7.752671838e-02 9.871858358e-02 -1.689596474e-02 -6.690847874e-02 -5.945263803e-02 -7.891973853e-02 3.280550241e-02 3.279304504e-02 7.086080313e-02 8.294656873e-03 -1.509323716e-03 9.807774425e-02 3.942593932e-02 2.084104717e-02 -1.094628870e-01 -6.464278698e-02 5.498038232e-02 -4.638604820e-02 8.932849765e-02 -2.436324954e-03 2.017417550e-02
9.513862431e-02 -8.590543270e-02 6.367714703e-02 3.333176672e-02 -7.250213623e-02 9.866899252e-02 9.926408529e-04 -1.101427376e-01 5.718202889e-02 -4.449377954e-02 -2.400144935e-02 1.173869520e-01 7.512561977e-02 -8.908315003e-02 7.773333788e-02 1.048147678e-02 -5.325315893e-02 -3.687143326e-02 -2.680891752e-02 9.116131067e-02 4.826539755e-02 8.621078730e-02 -1.225592196e-01 1.040737778e-01 1.238387823e-01 1.024757922e-01 6.294314563e-02 4.765573144e-02 7.188051939e-02 6.649456918e-02 7.298615575e-02 -6.819263101e-03 -1.871873438e-02 9.213760495e-03 7.016624510e-02 -3.535747528e-02 -1.146197468e-01 6.599555910e-02 1.101965457e-01 1.112265438e-01 3.524878621e-02 -8.649198711e-02 9.712669253e-02 5.389428139e-02 -8.267499506e-02 1.067198515e-01 -8.320698142e-02 -3.577765822e-02 3.603488207e-02 -4.977576435e-02 4.520702362e-02 -9.401072562e-02 1.070785820e-01 1.218229085e-01 -4.748800397e-02 1.020597517e-01 -4.317553341e-02 9.501101077e-02 -1.092261672e-01 1.232775599e-01 -2.481591702e-02 -9.630009532e-02 1.033363044e-01 3.671687841e-02
8.481788635e-02 -6.526680291e-02 -5.613987148e-02 -3.736229241e-02 -1.899340749e-02 2.817028761e-02 7.620666921e-02 4.728960991e-02 -1.035480648e-01 -6.009587646e-02 4.066313803e-02 1.038520634e-01 6.546817720e-02 4.304131866e-02 1.805749536e-02 -1.142151505e-01 -4.690152407e-02 9.089742601e-02 1.464141905e-02 3.070503473e-03 -7.652777433e-02 3.743043542e-02 -3.033979237e-02 4.334217310e-02 3.688114882e-02 -7.891944051e-02 -4.391492903e-02 1.151871681e-01 6.265990436e-02 -5.542436242e-02 5.345918238e-02 -4.071666300e-02 -2.646148205e-02 -9.941263497e-02 -1.737755537e-02 -3.566268086e-02 8.236694336e-02 -7.715538144e-03 -1.117984205e-01 2.327753603e-02 6.452588737e-02 -6.335918605e-02 -4.006049037e-02 -8.283573389e-02 -8.734235168e-02 -1.014895886e-01 9.476433694e-02 2.275200188e-02 -5.666062236e-03 7.500636578e-02 1.400516927e-02 4.290364683e-02 -1.123581827e-01 8.449827135e-02 -1.097999513e-01 1.047636271e-01 -2.988204360e-02 6.599934399e-02 3.682041168e-02 2.809262276e-02 -2.851639688e-02 -1.522019506e-02 1.072877944e-01 -1.079377681e-01
-2.362149954e-02 2.211578190e-02 -6.660696864e-02 6.061622500e-02 -3.734672070e-02 -1.754650474e-02 8.063289523e-02 8.880093694e-02 9.461760521e-02 -1.362453401e-02 1.914003491e-02 -9.392359853e-02 -1.111305207e-01 -9.575945139e-02 -1.185557544e-01 4.696935415e-02 -2.441486716e-02 -1.166868508e-01 1.935213804e-02 -1.102336496e-01 1.045469940e-02 1.757325232e-02 3.958141804e-02 1.738145947e-02 -7.067255676e-02 -4.729953408e-02 -1.223086715e-01 1.169741154e-04 -7.488772273e-03 -1.091167927e-01 4.519097507e-02 9.655843675e-02 1.167934835e-01 1.230413616e-01 -7.282704115e-03 -8.644331992e-02 -8.431053162e-02 3.215181828e-02 -5.510216951e-02 1.075740159e-02 -1.181084514e-01 2.438819408e-02 -1.521258056e-02 -8.193090558e-02 -1.590377092e-02 -3.541341424e-02 1.849490404e-02 -1.232509464e-01 -8.022934198e-04 1.017694175e-01 -4.403252900e-02 -5.249987543e-02 -1.939734817e-02 -4.982158542e-03 -9.423749149e-02 -1.013673395e-01 9.659557045e-02 -1.201656610e-01 -4.111844301e-02 -3.896178305e-02 2.563019097e-02 6.430219114e-02 -6.902211905e-02 1.641659439e-02
-7.524384558e-02 -6.077226996e-02 -3.438074887e-02 -5.939511955e-02 2.008311450e-02 7.107841969e-02 -3.438529372e-02 8.413982391e-02 -3.737439215e-02 9.356594086e-02 9.492859244e-02 8.235365152e-02 -1.128982902e-01 1.135032028e-01 -1.236775517e-02 -7.754246891e-02 7.726973295e-02 -1.132505238e-01 2.068614960e-02 2.753585577e-04 2.785421908e-02 1.161721498e-01 -7.147292793e-02 -7.153704762e-02 1.014578342e-02 3.056757152e-02 -9.629257023e-02 7.194788754e-02 -2.764323354e-02 -8.841049671e-02 -1.732297242e-02 -1.003671587e-01 5.931505561e-02 -1.072946787e-01 4.154624045e-02 -6.623227894e-02 5.863499641e-02 9.041316807e-02 -1.359055936e-02 6.814341247e-02 9.722089767e-02 1.205614656e-01 1.084235162e-01 -2.014970779e-02 -1.117072552e-01 5.664661527e-02 -2.599388361e-03 -1.604485512e-02 4.831035435e-02 7.821874321e-02 -1.050153226e-01 -1.315814257e-02 -8.376827836e-02 1.125046462e-01 -1.227284223e-01 1.481708884e-02 7.085333765e-02 -1.093821973e-01 5.409219861e-02 5.138215423e-02 2.301612496e-02 7.686197758e-03 -1.157391369e-01 5.416284502e-02
1.107690334e-01 4.374232888e-02 -6.514231861e-02 2.100022137e-02 -4.102328420e-02 -1.154179126e-01 9.840443730e-03 1.190953553e-01 -6.344372034e-02 -6.296156347e-02 -8.057141304e-02 -3.702078760e-02 1.200668365e-01 5.061589181e-02 3.920073807e-02 1.124268174e-01 5.963614583e-02 -2.672468126e-02 -1.042397618e-01 9.157817066e-02 -4.381439090e-02 1.149731278e-01 3.825944662e-02 -5.099904537e-02 1.189877987e-01 5.872298777e-02 8.319431543e-02 -1.108075082e-01 -5.528765917e-02 6.931644678e-02 3.100471199e-02 1.137292534e-01 6.020124257e-02 3.766784072e-02 9.114478528e-02 6.379221380e-02 5.138660967e-02 1.229085624e-01 4.750841856e-02 8.615362644e-02 -1.038824916e-01 3.208947182e-02 4.117265344e-03 4.832655191e-03 -1.162132472e-01 -8.163192868e-02 5.745662749e-02 8.950220048e-02 -3.655177355e-02 9.195868671e-02 5.053107440e-02 8.673737943e-02 -1.241078377e-01 -5.425612628e-02 2.318739891e-02 9.112790227e-02 7.127107680e-02 -9.608082473e-02 -7.844382524e-02 -6.640565395e-02 -3.776888549e-02 1.079314947e-02 -8.035840094e-02 8.423934877e-02
9.006789327e-02 4.129615426e-02 -6.642876565e-02 1.371128857e-02 5.806410313e-02 2.464383841e-03 6.873399019e-03 -7.581877708e-02 1.192256808e-03 -1.194966286e-01 -6.506884098e-02 -5.766645074e-02 5.726520717e-02 -1.169118434e-01 3.553740680e-02 1.185927093e-01 -5.807618797e-02 2.560579777e-02 -6.186284125e-02 1.671984792e-02 3.695340455e-02 4.254066944e-02 -6.079410017e-02 1.403224468e-02 -6.118921936e-02 8.588793874e-02 1.697629690e-03 -2.735236287e-02 -3.598707914e-02 6.939831376e-02 -3.651808202e-02 -4.022642970e-03 9.637340903e-03 -7.199513912e-02 1.043974608e-01 -1.108611524e-01 7.031722367e-02 -1.025946289e-01 -1.239280403e-02 -1.891449094e-02 1.506789029e-02 -6.509864330e-02 -1.003903598e-01 -5.336268246e-02 9.718750417e-02 -3.293558955e-02 -4.549312592e-02 1.085128486e-01 7.411593199e-02 1.236330867e-01 -2.096813917e-02 -7.738703489e-02 8.543607593e-02 -2.585455775e-02 4.847760499e-02 1.149420291e-01 -1.814571023e-02 -7.194094360e-02 2.795220912e-02 6.244209409e-02 -1.241985112e-01 3.349603713e-02 -7.106716931e-02 -8.487719297e-02
9.407800436e-02 -4.983389378e-02 1.946032047e-02 6.718933582e-05 -8.114224672e-02 4.426814616e-02 9.818187356e-02 1.312349737e-02 -1.176006645e-01 -6.485539675e-02 5.880936980e-02 1.395314932e-03 -1.516732574e-02 4.048201442e-02 -3.075250983e-02 -9.253589809e-02 -4.762500525e-02 -1.087184399e-01 -8.735269308e-03 -4.001718760e-02 6.867642701e-02 -3.555271029e-02 4.144281149e-02 7.857619226e-02 9.958869219e-02 8.381021023e-02 6.230974197e-02 3.265665472e-02 -1.408818364e-02 -8.648736775e-02 -1.068264246e-01 -4.716116190e-02 7.285504043e-02 1.102696210e-01 -9.481219947e-02 9.779708087e-02 4.735067487e-03 -2.567456663e-02 -3.435003757e-02 9.346894920e-02 3.316378593e-02 1.028074175e-01 4.878796637e-02 3.309828043e-02 -8.941434324e-02 -4.827120900e-02 5.680133402e-02 1.029933691e-01 8.981853724e-02 -6.767696142e-02 -2.501241863e-02 1.401565969e-02 -1.213957667e-01 3.595811129e-02 -1.157446206e-02 -1.984187961e-02 -8.163908124e-02 -5.333477259e-02 -1.687833667e-02 -7.157191634e-02 1.500880718e-02 8.878126740e-02 8.814547956e-02 -5.537831783e-02
-9.738157690e-02 6.005401909e-02 3.317067027e-02 -1.107402146e-01 -6.014449894e-02 -1.124427170e-01 2.528840303e-02 9.585365653e-03 -1.081976146e-01 7.608979940e-03 -1.175914109e-01 4.327455163e-02 -5.951151252e-03 -3.336369991e-03 -1.797851920e-02 3.071558475e-02 -1.143271774e-01 -5.459907651e-02 1.698863506e-02 3.448374569e-02 3.279298544e-04 -6.559348106e-02 2.204218507e-02 -5.264443159e-02 -1.222541928e-02 -5.175474286e-02 -7.717943192e-02 7.230937481e-03 5.281750858e-02 6.120496988e-02 -1.183774322e-01 -4.108400643e-02 -1.056893170e-01 7.527188957e-02 6.479658186e-02 -9.124362469e-02 -1.097033918e-01 -4.821479321e-03 8.506165445e-02 8.799731731e-04 -3.572870791e-02 -9.310731292e-02 4.389929771e-02 -1.008154452e-01 -1.103037894e-01 5.624561012e-02 -4.802276194e-02 6.053294241e-02 -1.140255034e-01 7.128861547e-02 6.850518286e-02 6.746973097e-02 -1.690743864e-02 -8.628816903e-02 9.519875050e-03 -2.793222666e-02 -2.368618548e-02 -3.889064491e-02 -3.615200520e-02 -3.379368782e-02 1.188383549e-01 6.087884307e-02 2.056285739e-03 -1.199475229e-01
-4.254080355e-02 3.441642225e-02 1.863215864e-02 -6.216883659e-03 1.203580648e-01 7.011106610e-02 4.906012118e-02 7.240527868e-02 -8.838716149e-02 -5.339191854e-02 -8.043485880e-02 -7.061891258e-02 4.902179539e-02 -5.825707316e-02 -4.640449584e-02 -9.932042658e-02 -1.115889549e-01 7.977992296e-02 -1.158523858e-01 -7.008709013e-02 -1.105916798e-01 6.591902673e-02 2.320392430e-02 -9.629839659e-02 5.226401985e-02 4.627476633e-02 1.018277556e-01 1.141408086e-02 2.511481941e-02 -4.525199533e-03 8.315458894e-02 -6.858482957e-02 -9.705267847e-02 -1.047673374e-01 -7.694776356e-02 -4.297743738e-02 4.793679714e-02 -9.007017314e-02 -4.003454745e-02 -9.027495980e-02 1.025170088e-03 -7.914286852e-02 1.110995263e-01 -7.090590894e-02 -1.375225186e-02 -6.762903929e-02 -1.062087417e-01 1.150333881e-02 3.361392021e-02 -6.433491409e-02 -6.536413729e-02 -4.929178953e-02 -1.064256430e-01 -5.191653967e-03 2.274373174e-02 5.224123597e-02 6.372722983e-02 -9.059076011e-02 1.554125547e-02 8.202454448e-02 5.504229665e-02 6.769034266e-02 -8.648802340e-02 9.144507349e-02
6.299611926e-02 -5.460160971e-02 -6.097300351e-02 -9.164929390e-03 -3.553257883e-02 -2.878199518e-02 -2.440974116e-03 8.297042549e-02 1.235125065e-01 1.932151616e-02 9.601894021e-02 -1.024074852e-01 1.060933620e-01 5.586667359e-02 1.177598387e-01 1.886945963e-02 2.354957163e-02 -7.517635822e-04 1.095010936e-01 1.044590920e-01 7.254925370e-02 -3.037142754e-02 -1.010099053e-01 2.477049828e-02 -3.055995703e-02 -9.789019823e-03 -7.637868822e-02 2.669191360e-02 -1.079413891e-01 -4.296457767e-02 5.873236060e-02 5.390700698e-02 6.874774396e-02 7.000975311e-02 -8.765339851e-02 -3.389525414e-02 -4.838196933e-02 -1.069067270e-01 -8.384585381e-04 -9.668794274e-02 -9.153436124e-02 2.481922507e-02 1.025574505e-01 -9.208339453e-02 -5.630925298e-02 -4.441940784e-02 3.112028539e-02 -1.194192022e-01 1.022342145e-01 -9.036004543e-02 -1.194930077e-02 7.929056883e-02 -1.264704764e-02 1.024821699e-01 -5.470362306e-02 9.501965344e-02 6.436112523e-02 9.176194668e-02 -5.143746734e-02 3.584995866e-03 6.246744096e-02 2.661696076e-02 -1.077966839e-01 -9.049125016e-02
7.888871431e-02 -1.077335179e-01 -3.196881711e-02 2.691492438e-02 9.318992496e-02 1.181111187e-01 8.919598162e-02 1.507230103e-02 -1.246832460e-01 1.180281043e-01 1.048877835e-01 -6.286619604e-02 -9.427711368e-03 -4.940465093e-03 -7.102917135e-02 3.250649571e-02 -8.752658963e-03 -5.451023579e-02 -7.468120754e-02 -3.461211920e-03 -8.366318047e-02 4.106715322e-03 -8.112850785e-02 -6.884314120e-02 2.000448108e-02 7.745598257e-02 4.592986405e-02 -8.276420832e-02 -2.123695612e-02 9.775866568e-02 -1.171533614e-01 1.014326364e-01 -1.086911857e-01 9.459300339e-02 -2.271719277e-02 1.185767204e-01 4.742875695e-02 3.007730842e-02 -8.827000856e-04 -9.819205105e-02 8.945263922e-02 1.720508933e-02 -8.574061096e-02 3.747701645e-03 5.469672382e-02 -2.346305549e-02 1.206842214e-01 -9.144324064e-02 7.104822993e-02 -5.641789734e-02 -1.024768203e-01 5.455493927e-03 -3.300979733e-02 -3.055484593e-02 -1.219359040e-02 -5.021820962e-02 -2.318631113e-02 -9.220589697e-02 2.263794839e-02 -6.112590432e-03 -1.058334261e-01 -9.883670509e-02 -9.024544060e-02 -2.992212772e-02
1.019776016e-01 1.131425798e-02 6.417360902e-02 8.573010564e-03 -4.279762506e-03 1.763004065e-02 -6.289899349e-02 1.232574582e-01 -3.470686078e-02 -7.923352718e-02 6.498564780e-02 -5.379892886e-02 1.019818038e-01 9.854537249e-02 8.967499435e-02 6.123654544e-02 1.172251999e-02 -6.528644264e-02 4.472351074e-02 -1.926462352e-02 -2.943775058e-02 1.073957831e-01 4.504013062e-02 1.174175143e-01 -3.141544759e-02 7.766386867e-02 5.062298477e-02 -7.741685212e-02 -7.804831862e-02 -3.811076283e-02 -8.461260796e-02 3.411167860e-02 -1.152050793e-01 8.616070449e-02 6.442417204e-02 -4.330547154e-02 6.202602386e-02 -6.328390539e-02 -5.482091010e-02 5.283495784e-02 2.675414085e-03 -2.465739846e-03 1.239576787e-01 -6.609940529e-02 1.682934165e-02 -4.210288823e-02 1.030519009e-01 -7.689520717e-02 4.959973693e-02 -1.088321209e-02 9.886741638e-02 1.056655496e-01 -6.195032597e-02 -9.811452031e-02 -4.658354819e-02 -2.048167586e-02 9.147015214e-02 2.793939412e-02 1.451176405e-02 -1.730616391e-02 -3.710725904e-02 5.750556290e-02 1.174549907e-01 -5.573873222e-02
-2.292498946e-03 -1.138613224e-01 1.051962078e-01 -9.716361761e-03 1.205169261e-01 -7.080538571e-02 9.986732900e-02 -9.250216186e-02 -1.065151393e-01 8.309955895e-02 4.268929362e-03 -3.648996353e-02 -6.641216576e-02 -6.349301338e-02 2.051398158e-02 1.088958532e-01 -4.690229893e-02 1.620948315e-04 7.146285474e-02 -4.008424282e-02 9.793488681e-02 -8.223766088e-02 -3.203393519e-02 5.236928165e-02 -5.102430284e-02 -6.784915924e-02 4.697932303e-02 -1.031157821e-01 -1.025915146e-01 1.006799787e-01 1.107462347e-01 -6.678685546e-02 -7.858873904e-02 -2.048195899e-02 1.466439664e-02 1.081181318e-01 -9.652799368e-02 -8.349740505e-02 1.370942593e-02 -5.966147780e-02 -1.118319333e-01 1.126892865e-01 1.185928732e-01 8.899801970e-02 5.617059767e-02 5.016925931e-02 -9.187684953e-02 3.118854761e-02 9.152115881e-02 6.857301295e-02 -1.245929152e-01 5.788490176e-02 1.179818362e-01 8.664958179e-02 8.797526360e-03 -1.061552763e-02 8.637721837e-02 6.114427745e-02 -2.058939636e-02 4.718461633e-02 -5.288755894e-02 -5.480009317e-02 3.963126242e-02 -6.402043998e-02
-3.437344730e-02 9.943750501e-02 1.382230222e-02 1.177761853e-01 1.420266926e-02 -1.088597178e-01 2.067059278e-03 -1.117815077e-02 -2.359484136e-02 -1.871851087e-02 -7.515099645e-02 6.496182084e-02 -6.290473044e-02 -4.125821590e-02 -9.918111563e-02 -1.155291796e-01 1.185744554e-01 -9.263467789e-02 2.245698869e-02 1.212530881e-01 5.347724259e-02 6.884649396e-02 -5.686140060e-02 2.206304669e-02 3.829862177e-02 -1.167540401e-01 3.029534221e-02 -7.056771219e-02 1.353052258e-02 7.018561661e-02 7.961417735e-02 -2.604071796e-02 4.127462208e-02 3.132519126e-02 5.886644125e-02 -3.787933290e-02 3.997471929e-02 -9.140940011e-02 -5.151402950e-02 3.313019872e-02 2.348631620e-03 1.015953273e-01 -9.655934572e-02 -7.751104236e-02 5.447441339e-02 7.919414341e-02 -8.807130158e-02 -1.168326586e-01 2.653458714e-02 -2.349406481e-03 -2.297495306e-02 -1.097874641e-01 -2.464099228e-02 -1.058723629e-01 -7.054248452e-02 -3.727808595e-02 -4.161132872e-02 6.884242594e-02 7.833354175e-02 1.278711855e-02 1.141632199e-01 -1.134573519e-01 1.205772907e-01 -8.617602289e-02
-1.787814498e-02 2.861325443e-02 5.311177671e-02 7.038246095e-02 1.958364248e-02 1.166498661e-02 -1.085294187e-01 -9.117937088e-02 9.300053120e-03 2.753356099e-02 5.758181214e-03 -2.516537905e-03 1.095926315e-01 -5.190397799e-02 9.621259570e-02 -1.105889827e-01 8.027431369e-02 -7.712490857e-02 3.473207355e-03 5.444930494e-02 6.168109179e-02 -4.185460508e-02 -1.158198565e-01 1.240964979e-01 -6.350827217e-02 -6.485967338e-02 1.222982556e-01 -9.283994138e-02 5.153584480e-02 -7.363502681e-02 -1.136296690e-01 -4.616054893e-02 -4.957750440e-03 2.817568183e-02 5.914846063e-02 7.814668119e-02 -6.141926348e-02 2.635024488e-02 9.702511132e-02 9.968765080e-02 -3.975258768e-02 -5.580312014e-02 -1.045433879e-01 4.757237434e-02 5.849115551e-02 -3.044322133e-02 -2.725178003e-02 4.025174677e-02 5.903379619e-02 -1.183353961e-01 2.680373192e-02 -1.042291969e-01 -1.164070070e-01 -8.018231392e-02 7.778802514e-02 1.124535054e-01 9.542305768e-02 6.816984713e-02 -7.953853905e-02 3.907392919e-02 9.967370331e-02 -9.537792206e-02 -1.941674948e-02 -9.883536398e-02
-4.629731178e-03 8.177918196e-02 -1.201253086e-01 -3.923745453e-02 6.476683915e-02 -2.827285230e-02 8.082088828e-02 4.302123189e-02 2.157725394e-02 -1.720193028e-02 -3.018258512e-02 -2.596020699e-02 -1.116549969e-02 -6.738066673e-02 -3.559696674e-02 7.113882899e-02 8.732895553e-02 2.290889621e-02 1.916156709e-02 -1.071228981e-01 2.549813688e-02 1.043130606e-01 -5.405740440e-02 -3.112657368e-02 1.213250756e-01 1.887892187e-02 9.787410498e-02 -3.390823305e-02 -1.126447469e-01 1.081477106e-02 -9.665018320e-02 -5.383603275e-02 4.341685772e-02 -1.155760735e-01 6.784236431e-02 1.147608608e-01 1.171276867e-01 -1.085600704e-01 -1.238720715e-01 -5.011342466e-02 9.811103344e-03 -6.122009456e-02 8.781953156e-02 1.139121950e-01 3.300537169e-02 -1.868543029e-02 -1.142357141e-01 7.564695179e-02 -1.819264889e-02 8.556950092e-02 4.772728682e-02 2.089649439e-02 -9.264430404e-02 8.088625968e-02 2.395099401e-02 9.791317582e-02 9.432646632e-02 -6.578502059e-02 -9.564420581e-02 -1.178989410e-01 -4.219758511e-02 -4.252444208e-02 8.133307099e-03 6.614170969e-02
-8.916765451e-03 -8.415789902e-02 -1.039345860e-01 9.931294620e-02 -2.579250932e-02 5.217233300e-02 -5.184189975e-02 -4.802599549e-02 1.134543419e-01 8.377999067e-03 -3.396287560e-02 -1.778568327e-02 -1.107215285e-01 1.084451973e-01 -9.141665697e-02 9.455643594e-02 7.080353796e-02 -1.859571040e-02 1.749345660e-02 -9.685094655e-02 8.452798426e-02 8.084268868e-02 -4.678608477e-02 2.756187320e-02 7.387433946e-02 -3.787256777e-02 9.090721607e-03 9.214603901e-02 1.493990421e-02 -1.862151921e-02 5.604958534e-02 -3.684012592e-02 -6.759086251e-02 -6.364390254e-02 -5.864278972e-02 9.941041470e-02 6.158261001e-02 -8.724838495e-03 9.124563634e-02 5.869820714e-02 1.009418666e-01 -9.128601849e-02 -1.118734628e-01 -4.294776917e-02 5.726476014e-02 -4.700869322e-02 1.066772491e-01 -3.067131341e-02 1.029246747e-01 6.226119399e-02 5.634537339e-02 5.430403352e-02 -1.074521244e-02 -8.756849170e-02 3.679509461e-02 2.956639230e-02 1.205624193e-01 2.235582471e-02 -2.610005438e-02 -4.152388871e-02 1.071459651e-01 -7.582920790e-02 5.014561117e-02 9.036611021e-02
-1.457203925e-02 4.282939434e-02 1.979371905e-02 3.646869957e-02 9.716190398e-02 -1.167493165e-01 1.638008654e-02 7.729819417e-02 -1.043110937e-01 1.247920096e-01 -2.224341035e-02 -6.295450032e-02 -2.056111395e-02 -8.397327363e-02 -5.584518611e-02 -3.528828919e-02 1.800602674e-02 -2.429810166e-02 2.204816043e-02 -1.046067923e-01 1.982271671e-03 -2.144382894e-02 6.142966449e-02 -2.254597843e-02 8.384457231e-02 6.032980978e-02 -1.164418459e-02 8.236640692e-02 1.967296004e-03 -5.823600292e-02 -1.046975255e-01 -2.577479184e-02 -3.736910224e-02 6.012727320e-02 9.853833914e-02 -9.433493018e-02 7.900126278e-02 -1.148297489e-01 -8.570626378e-03 1.009693444e-01 -3.936871886e-03 -3.188520670e-03 -2.072322369e-02 1.195748746e-01 -5.335088074e-02 3.575426340e-02 -9.792074561e-02 1.198123395e-02 6.298682094e-02 -5.128835142e-02 8.307930827e-02 1.078696996e-01 -1.164674163e-01 1.038936079e-01 -9.988994896e-02 -2.057769895e-02 -9.918615222e-02 7.753190398e-02 -5.789719522e-02 -4.447999597e-02 -5.624981225e-02 -9.626495838e-02 2.495722473e-02 -2.344042063e-02
-4.512111843e-02 -1.095858216e-01 6.934037805e-02 6.568852067e-02 -7.596960664e-02 6.969410181e-02 -1.198876798e-01 1.048474759e-01 1.077678800e-01 8.123052120e-02 2.196526527e-02 -8.914448321e-02 9.080247581e-02 -1.165366620e-01 -1.231965870e-01 7.903143764e-02 -6.560796499e-02 5.316129327e-02 -1.059018224e-01 -3.548729420e-02 -1.189255714e-01 -2.016174793e-02 6.845884025e-02 -6.307852268e-02 6.654334068e-02 -3.284560144e-02 1.020152867e-01 -9.660740197e-02 -9.838315845e-02 -1.164943725e-01 7.960960269e-03 -1.126098335e-01 1.043116599e-01 -5.395083129e-02 -5.071610212e-04 -1.716992259e-02 8.990925550e-02 5.273604393e-02 -3.940771520e-02 1.186931133e-01 8.159850538e-02 -5.848592520e-02 -6.283231080e-02 6.927564740e-02 1.169369072e-01 -1.076860726e-01 -9.375157952e-02 1.206076741e-01 1.168131977e-01 3.196004033e-02 -1.508805156e-02 5.439423025e-02 -1.032009423e-01 6.961636245e-02 4.373557866e-02 -8.181445301e-02 4.998178780e-02 1.010827869e-01 3.149221838e-02 8.126324415e-02 -8.987745643e-02 -4.001410306e-02 6.114579737e-02 6.173416972e-03
-9.323756397e-02 3.463521600e-02 -1.169506311e-01 -2.994284034e-03 -1.032756716e-01 5.519823730e-02 -1.928731799e-02 -2.255184948e-02 8.566653728e-02 -1.243513227e-01 -2.134330571e-02 -1.228573769e-01 -3.360871971e-02 3.489969671e-02 8.848382533e-02 -6.830464303e-02 -1.108556986e-02 2.705517411e-02 1.303051412e-02 -9.047544003e-02 -1.018552929e-01 8.500480652e-02 -1.102426946e-01 -9.979747236e-02 4.487095773e-02 7.182534039e-02 6.278914213e-02 -9.433676302e-02 4.853755236e-03 -1.531392336e-02 -8.413328230e-02 -1.213124543e-01 -5.445231497e-02 -9.424848855e-02 -1.022789776e-01 -9.253624082e-02 -6.131020188e-02 1.027420759e-01 -7.426737249e-02 -5.347341299e-02 -8.664822578e-02 -5.537268519e-02 -8.521124721e-02 2.225279808e-03 -2.147424221e-02 3.513079882e-02 4.343152046e-03 -2.476456761e-02 2.573995292e-02 1.062778831e-01 3.783188760e-02 1.256246865e-02 4.436621070e-02 -9.295070171e-02 -1.058061421e-01 1.005822569e-01 1.203727573e-01 -5.770520866e-02 9.653124213e-02 -8.357211947e-03 7.173044980e-02 2.933332324e-02 1.107160896e-01 -1.723024249e-02
3.033439815e-02 1.473689079e-02 -2.214713395e-02 -9.806725383e-02 8.024033904e-02 7.927176356e-02 -2.656124532e-02 -1.008168757e-01 3.551907837e-02 1.016976833e-01 8.455257118e-02 -1.236025691e-01 9.463994205e-02 1.065199077e-02 5.769902468e-02 9.557497501e-02 2.216434479e-02 -2.240693569e-02 -5.664309859e-02 -2.907623351e-02 1.107926965e-01 2.396906912e-02 4.826493561e-02 -5.477775633e-02 5.543035269e-02 -2.449122071e-02 -9.498178959e-03 2.710300684e-02 -9.943206608e-02 -5.926308036e-02 1.157345176e-01 8.646056056e-03 1.103237271e-01 -1.095491350e-01 -9.546281397e-02 -3.952367604e-02 -4.524816573e-02 9.794172645e-02 8.118756115e-02 -8.852539957e-02 -5.055044591e-02 4.009625316e-02 9.222196043e-02 9.063807130e-02 5.416160822e-02 -9.248447418e-02 -8.645300567e-02 8.468623459e-02 1.240877956e-01 7.991951704e-02 -1.478162408e-02 3.358812630e-02 -9.170992672e-02 1.116428524e-01 -8.787076175e-02 3.168106079e-02 4.784415662e-02 8.392436802e-02 -4.873974621e-02 -9.394598007e-02 1.201494783e-01 -9.819835424e-02 -6.262211502e-02 9.211927652e-03
-9.313178062e-02 5.265462399e-02 -6.377360225e-02 -1.063862294e-01 -9.909093380e-02 -4.321950674e-02 -1.222258061e-01 7.821440697e-03 -3.436492383e-02 -7.836520672e-03 -6.409545243e-02 -1.157301813e-01 7.521425188e-02 6.235827506e-02 3.936243057e-02 -2.084082365e-02 1.114354432e-01 -2.625332773e-02 -1.264837384e-02 -4.018765688e-02 5.690960586e-02 5.819246173e-02 9.701059759e-02 -7.338806987e-03 -4.358313978e-02 -3.739552200e-02 -1.156567186e-01 -8.123031259e-02 3.658458591e-03 8.045281470e-02 1.415489614e-02 -1.306530833e-02 4.490409791e-02 -2.067837119e-02 -7.309593260e-02 -2.196289599e-02 -6.656426191e-02 4.230034351e-02 8.149419725e-02 7.226572931e-02 -3.347367048e-03 1.447257400e-02 -1.514081657e-02 1.164231002e-01 8.796004951e-02 -7.915720344e-03 -1.024686694e-01 -1.200740635e-01 7.511514425e-02 1.029706150e-01 -9.057450294e-02 -1.910766959e-02 8.917658031e-02 -9.731721878e-02 7.984770834e-02 -3.331226110e-02 3.171204031e-02 -5.695004761e-02 -3.632946312e-02 9.700986743e-02 5.032712221e-02 8.907333016e-02 4.128777981e-02 8.278805017e-02
1.332803071e-02 -2.703846991e-02 -6.972621381e-02 9.501789510e-02 -1.134435683e-01 -3.620409966e-02 9.171481431e-02 -7.573957741e-02 -1.789462566e-02 3.376159072e-02 9.161929786e-02 8.989392221e-02 -1.512184739e-02 4.970043898e-02 8.781775832e-02 -2.468705177e-02 -6.890305877e-02 9.687207639e-02 1.153869778e-01 1.697386801e-02 1.072397232e-01 -3.564326465e-02 1.060664058e-01 1.908506453e-02 1.174943745e-01 -1.041092873e-01 1.792499423e-02 -7.926999032e-02 -2.048297226e-02 2.636505663e-02 1.048814356e-01 1.851260662e-03 2.107349038e-02 9.800107777e-02 1.108767688e-01 1.019789577e-01 1.114280224e-01 -1.044522077e-01 8.413814008e-02 5.310282111e-02 -3.195987642e-02 1.005756855e-02 -3.559917212e-02 -8.700597286e-02 4.481589794e-02 7.074514031e-02 -4.629991949e-02 5.852468312e-02 3.602865338e-02 -1.047264934e-01 6.500279903e-02 -2.538859844e-03 5.436648428e-02 -1.158761829e-01 1.083689779e-01 6.051754951e-02 -1.919746399e-03 8.102017641e-02 1.492512226e-02 1.542404294e-02 1.136708856e-01 -7.894101739e-02 7.603797317e-02 2.174228430e-03
1.224682629e-01 3.604598343e-02 -7.988661528e-02 8.432239294e-03 2.712002397e-02 2.521593869e-02 2.836433053e-02 -1.176832616e-01 2.834969759e-02 1.037492007e-01 7.611249387e-02 8.030384779e-02 -7.776188850e-02 -5.538435280e-02 -7.211694121e-02 -3.884643316e-03 -1.124188900e-01 2.749978006e-02 -7.757000625e-02 -3.748252988e-02 -6.656593084e-02 -8.339196444e-03 2.960890532e-02 3.180257976e-02 1.045814008e-01 -2.883672714e-03 -1.188601404e-01 4.756368697e-02 3.089490533e-02 -7.823477685e-02 3.112323582e-02 4.123315215e-02 -1.119303256e-01 -6.706833839e-02 -1.189782619e-01 -3.703965247e-02 8.767458797e-02 3.765268624e-02 2.048206329e-02 -1.087714583e-01 4.854498804e-02 1.154900044e-01 2.548287809e-02 7.453732193e-02 6.772077084e-02 -3.772734106e-02 -8.720199764e-02 8.985382318e-02 -6.178823113e-02 -8.010540903e-02 -9.688369930e-02 -3.984372318e-02 -6.120470166e-02 4.030035436e-02 -4.378964007e-02 1.243005544e-01 -3.740191460e-05 8.821585774e-02 -2.247671783e-02 1.004760712e-01 -1.678189635e-02 -5.514046550e-02 -7.679642737e-02 5.987356603e-02
5.754958093e-02 1.124250889e-01 -7.163971663e-02 -5.157507956e-02 -8.762237430e-02 8.771772683e-02 4.530872405e-02 -1.111146510e-01 5.193462968e-02 -2.839127183e-02 2.675285935e-02 4.362794757e-02 -1.104074419e-01 9.990304708e-02 -6.624644995e-02 -1.127662510e-01 -1.238137484e-02 -3.942474723e-02 -8.580908179e-03 -8.090190589e-02 1.261733472e-02 4.320874810e-03 -4.083707929e-02 -9.871239960e-02 9.546092153e-02 -8.837193251e-02 7.082767785e-02 1.175953001e-01 1.114857197e-02 -1.502968371e-02 2.489501238e-02 2.313230932e-02 1.164267659e-01 8.344918489e-03 4.810343683e-02 4.167124629e-02 7.520429790e-02 6.538760662e-02 -7.078249753e-02 7.682040334e-02 -8.902549744e-02 -6.846167147e-02 -2.638339996e-02 3.232434392e-03 1.682907343e-03 1.122129858e-01 -6.646749377e-02 -1.075062305e-01 -2.573141456e-02 9.899181128e-02 2.519217134e-02 3.918579221e-02 -2.818815410e-02 -4.696641862e-02 5.219091475e-02 -2.170324326e-02 6.207628548e-02 1.111435741e-01 6.515584886e-02 -3.495419025e-02 9.261220694e-03 7.760737836e-02 8.998043835e-02 -4.653589427e-02
1.134085059e-01 -6.857998669e-02 -9.470880032e-04 -4.189008474e-02 -9.746065736e-02 7.414147258e-02 -1.153070033e-01 3.481052816e-02 -8.894434571e-02 5.506227911e-02 -8.749994636e-02 8.473354578e-02 6.808637083e-02 1.840174198e-02 3.888106346e-02 -3.152105212e-02 5.953013897e-05 8.038866520e-02 2.138225734e-02 9.223817289e-02 -3.164924681e-02 1.166776866e-01 3.932800889e-02 9.316106141e-02 2.183915675e-02 -1.308135688e-02 6.864413619e-02 -3.052212298e-02 9.550848603e-02 -4.617553949e-02 -2.252997458e-02 1.127504855e-01 -1.194090396e-01 -3.156358004e-02 -8.749926090e-02 -3.802059591e-02 5.650113523e-02 -9.115251899e-02 -1.078984141e-02 -8.313596249e-02 -5.305007100e-02 -7.967278361e-03 1.770958304e-03 6.769831479e-02 -1.186764240e-01 8.567684889e-02 9.112794697e-02 2.909874916e-02 -1.128496081e-01 -1.117968559e-02 9.179183841e-02 -5.789479613e-02 -6.187003851e-02 -6.802748144e-02 4.034562409e-02 -8.843867481e-02 -1.245048493e-01 -3.690622747e-02 1.130914688e-02 2.508211136e-02 -2.022919059e-02 2.549979091e-02 -1.154718548e-01 -3.833718598e-02
9.938448668e-03 1.211884469e-01 -1.240787208e-01 8.741049469e-02 -9.851375222e-02 -1.012794971e-01 5.082224309e-02 -6.735359132e-02 -7.027761638e-02 1.229004562e-01 -1.050391048e-01 1.224443465e-01 -9.773986042e-02 -3.104226291e-02 -6.097346544e-03 -8.277112246e-02 8.188514411e-02 1.129640639e-01 -4.353214800e-02 6.291241944e-02 7.553206384e-02 -1.206276864e-01 4.483388364e-02 1.231417060e-03 -2.890953422e-02 -2.582013607e-02 -8.103574812e-02 -2.397729456e-02 -1.152626276e-01 -9.074281156e-02 -2.121523023e-03 1.912181079e-02 1.020555943e-01 -8.410245180e-02 -8.730429411e-02 1.024958193e-01 -5.859576166e-02 1.155388504e-01 -7.342770696e-03 1.078477353e-01 -9.952701628e-02 9.895494580e-02 1.118773818e-01 -8.142013848e-02 -4.184162617e-02 -3.102402389e-02 3.125137091e-02 -1.246923208e-02 -6.123468280e-02 1.748441160e-02 5.560487509e-03 1.186247617e-01 -1.200492531e-01 -3.951433301e-02 -1.012748778e-01 4.060445726e-02 5.105717480e-02 3.697890043e-02 -7.257752120e-02 -4.211933911e-02 -6.787180901e-02 -1.070655584e-01 4.731874168e-02 -2.214249969e-02
1.203678101e-01 5.270040035e-02 -7.458566129e-02 -2.856750786e-02 -5.502803624e-02 -5.489094555e-02 5.969537795e-02 7.792098820e-02 5.387857556e-02 -9.650464356e-02 1.198696047e-01 -1.245812029e-01 1.249342561e-01 -1.038272232e-01 -7.086043060e-02 -4.356083274e-02 -4.209963977e-02 8.798958361e-02 9.655804932e-02 2.872145176e-02 -1.107150167e-01 8.051528037e-02 -1.047836244e-02 -8.634084463e-02 4.532828927e-03 -9.160336852e-02 3.341159225e-02 6.533020735e-02 3.778269887e-02 6.667280197e-02 2.948644757e-02 1.193027645e-01 1.609596610e-02 3.539153934e-02 -8.679214120e-02 1.073587090e-01 4.590775073e-02 1.636335254e-02 1.205504090e-01 1.186850667e-02 -1.160258800e-01 -1.231439263e-01 -2.249230444e-02 7.451565564e-02 4.236857593e-02 -5.909623206e-02 -1.132041812e-01 -8.789990842e-02 6.416723132e-03 2.945959568e-02 -1.119877696e-01 4.147623479e-02 3.573973477e-02 -8.629775047e-02 1.083924919e-01 -1.241992265e-01 1.081738025e-01 -9.363399446e-02 1.033701301e-01 -9.856118262e-02 -3.246967494e-02 -5.706013739e-02 -3.899201751e-02 1.165759861e-01
-5.528485775e-02 -1.246008128e-01 7.955874503e-02 9.978771210e-02 -5.416545272e-02 -8.366227150e-02 -1.584367454e-02 4.186265171e-02 -6.358981133e-02 -3.748291731e-02 -3.830498457e-02 -6.611210108e-02 -6.876482069e-02 4.966713488e-02 6.200245023e-02 3.476442397e-02 -6.284376979e-02 -3.672309220e-02 4.178811610e-02 -5.234424770e-02 6.490275264e-03 2.075795829e-02 -1.114221215e-01 -5.022402108e-02 1.099783778e-01 3.524854779e-02 -2.875895798e-02 5.619332194e-03 -1.163112372e-01 7.501967251e-02 6.592574716e-02 -5.426238477e-02 -4.625552893e-02 -6.896252930e-02 -1.333908737e-02 5.600860715e-02 5.319620669e-02 9.605184197e-02 1.401419938e-02 1.173847616e-01 7.705195248e-02 -1.105981469e-01 -1.852452755e-03 9.629271924e-02 7.166917622e-02 6.243589520e-02 1.208609045e-01 -6.116926670e-04 5.943886936e-02 7.039950788e-02 3.186383843e-02 8.463749290e-02 2.618105710e-02 -1.156204939e-01 1.135243922e-01 1.653830707e-02 9.775675833e-02 6.200335920e-02 -2.077366412e-02 -2.663707733e-02 -4.266096652e-02 6.625254452e-02 -6.314286590e-02 7.464182377e-02
9.814560413e-03 2.796144783e-02 1.200172752e-01 -2.759546041e-04 3.257431090e-02 -1.053844541e-01 -8.689194918e-02 -6.005048752e-03 4.166343808e-02 4.863424599e-02 5.218641460e-02 8.163489401e-02 -3.719928861e-02 -6.833435595e-02 5.025559664e-02 -6.339591742e-02 8.691138029e-02 3.806039691e-02 -1.993574202e-02 -3.732572496e-02 -6.013637781e-02 9.103071690e-02 7.215887308e-04 -4.153494537e-02 7.067175210e-02 6.944239140e-04 -7.525950670e-03 8.208477497e-02 -1.004680693e-01 1.054859757e-01 -3.601267934e-03 -7.343366742e-02 -8.343350887e-02 -8.002626896e-02 -4.127730429e-02 -4.875648022e-02 9.985859692e-02 -3.019079566e-03 -6.727442145e-02 -4.835024476e-03 5.018368363e-03 1.710283756e-02 2.624447644e-02 -1.245899051e-01 -1.099181324e-01 5.191649497e-02 1.176270247e-01 1.159311682e-01 -1.949039102e-02 -2.471596003e-02 -1.174983233e-01 8.911468089e-02 7.912646234e-02 -7.253885269e-03 -7.386520505e-03 4.472321272e-02 -8.640228212e-02 -1.151703000e-01 5.784228444e-02 7.990869880e-02 -6.580969691e-02 -1.105062664e-01 3.287705779e-02 -1.908883452e-02
-2.744162083e-02 -7.083445787e-02 8.219176531e-02 5.896893144e-02 -8.518905938e-02 -3.166396916e-02 9.914174676e-03 -3.749671578e-02 7.570907474e-03 1.185827702e-01 -3.848806024e-03 4.660482705e-02 5.224183202e-02 -7.655769587e-02 -1.501959562e-02 4.409173131e-02 9.988154471e-02 -9.047889709e-02 -7.456131279e-02 3.974840045e-03 -6.300553679e-02 -2.945509553e-02 7.822296023e-02 -1.501581073e-02 1.389101148e-02 1.142371893e-01 6.354334950e-02 8.566536009e-02 -6.934633851e-02 5.014500022e-02 4.885242879e-02 7.792134583e-02 1.236176342e-01 1.092602015e-01 -1.048801243e-01 -1.227467656e-01 1.130322069e-01 4.727849364e-02 3.405939043e-02 -3.080162406e-02 -9.845536947e-02 -9.719185531e-02 -8.287931979e-02 -4.747675359e-02 7.102642953e-02 -1.081233919e-01 1.243534535e-01 1.057315618e-01 1.149930060e-01 2.649831772e-02 7.501055300e-02 3.617654741e-02 -1.324328780e-02 -2.817139030e-02 -7.888184488e-02 8.983658254e-02 6.404365599e-02 1.083364487e-01 1.530130208e-02 8.108124137e-02 -7.530634105e-02 -7.978391647e-02 2.815836668e-02 3.378456831e-02
8.112114668e-02 -4.332673550e-02 -4.768323898e-02 1.030663103e-01 -1.967363060e-02 -1.225702018e-01 -1.169773340e-01 7.529869676e-03 1.155152619e-01 -7.062090933e-02 3.213354945e-02 -1.165954173e-01 1.031387299e-01 4.975388944e-02 1.777239144e-02 8.308462799e-02 1.196222454e-01 -2.638161182e-03 -1.214237958e-01 1.121616662e-01 1.930990815e-02 -7.695074379e-02 8.832873404e-02 -7.851038873e-02 7.420362532e-02 1.021252871e-01 6.127828360e-02 2.628281713e-02 4.000277817e-02 -2.975775301e-02 -5.963721871e-02 1.156387478e-01 -2.485215664e-03 -1.328556240e-02 -3.815996647e-02 1.199205220e-02 7.566650212e-02 4.990383983e-03 5.598174036e-02 -6.009706855e-02 7.155978680e-02 6.652110815e-02 -6.430642307e-02 -5.937857926e-02 -1.159859002e-01 8.760662377e-02 -5.696699023e-03 2.545452118e-02 -6.016333401e-02 -4.018947482e-03 -6.453961134e-02 3.735822439e-02 -1.076269895e-01 -6.400536001e-02 -1.053290814e-01 7.996878028e-02 -8.080348372e-02 -4.899109900e-02 3.394618630e-03 9.218782187e-03 -3.815311193e-02 4.478479922e-02 -6.549440324e-02 3.791208565e-02
1.149410158e-01 5.808427930e-03 -1.172810197e-01 1.094677597e-01 1.183704585e-01 9.836521745e-02 -2.694568038e-02 -9.041577578e-03 1.232784688e-01 4.763743281e-02 2.683316171e-02 6.321220100e-02 4.828239977e-02 -7.576218247e-02 2.664147317e-02 8.537667990e-02 8.870990574e-02 -2.627766132e-02 1.077677161e-01 -3.313109279e-03 3.134541214e-02 1.323789358e-02 -5.901983380e-02 1.246151030e-01 -1.240183413e-01 -1.193066835e-01 4.066450894e-02 7.163503766e-02 -3.814192116e-02 6.825324893e-02 -3.566059470e-02 1.016957313e-01 -5.449166894e-02 1.034334004e-01 -1.166027188e-01 -3.031447530e-03 8.807034791e-02 2.866126597e-02 -2.951824665e-02 1.183583736e-01 -2.467110753e-03 -1.119352281e-01 4.121345282e-02 -5.359579623e-02 -1.028332263e-01 1.236405820e-01 -1.554603875e-02 -9.722600877e-02 9.107345343e-02 7.139714062e-02 -5.904495716e-02 3.947469592e-02 4.246935248e-03 1.210391521e-02 -7.040169835e-02 1.221998185e-01 -8.050923049e-02 1.236446053e-01 2.147114277e-02 6.745123863e-02 -2.650745213e-02 5.870276690e-02 1.163591444e-01 -1.422803104e-02
-1.092358381e-01 1.016695201e-01 -1.128974557e-01 8.856070042e-02 -3.749138117e-02 -8.633330464e-03 8.810788393e-02 3.909163177e-02 -8.466334641e-02 -1.077862084e-02 2.345772088e-02 -6.190061569e-03 1.013570577e-01 -8.863718808e-02 6.417772174e-02 2.504077554e-02 -4.469028115e-02 9.288157523e-02 1.229882687e-01 -1.240621656e-01 1.147001982e-03 -3.466556966e-02 5.536188185e-02 -4.280337691e-02 1.081630290e-01 4.633083940e-02 6.291589141e-02 1.162315756e-01 7.454870641e-02 -6.698936224e-02 -3.741793334e-02 -4.683847725e-02 -1.909537613e-02 7.273560762e-02 1.037392914e-01 -6.660306454e-02 -5.953428149e-02 5.101358891e-02 -9.574891627e-02 -7.184311748e-02 2.308635414e-02 -3.203667700e-02 9.633965790e-02 4.947453737e-03 2.047564089e-02 -1.045086384e-01 6.524930894e-02 7.268013060e-02 6.573566794e-02 -2.389769256e-02 4.900774360e-02 -1.049437374e-01 -9.030990303e-02 -9.861157835e-02 -6.682957709e-02 3.818961978e-02 4.928070307e-02 -1.241044402e-01 -9.575612843e-02 8.204579353e-04 1.869931817e-02 -9.120741487e-02 4.861618578e-02 4.405324161e-02
-5.239990354e-02 4.399715364e-02 1.570810378e-02 -9.750759602e-02 5.641348660e-02 9.761759639e-02 5.636300147e-02 -5.527438223e-02 7.919535041e-03 -1.051443219e-01 5.435982347e-02 5.921542645e-02 1.247883588e-01 9.748429060e-03 7.729108632e-02 -1.082219332e-01 -3.269112110e-02 -1.800033450e-02 -1.234834641e-01 -6.389920413e-02 -1.325801015e-02 4.122734070e-03 1.053159982e-01 -6.009265780e-02 -6.222064793e-02 -1.218281090e-01 4.613536596e-02 -2.227631211e-02 -1.774398983e-02 -1.166541129e-01 -1.224353164e-01 1.136576682e-01 -3.368499875e-02 9.896939993e-02 -3.370705247e-02 1.247390658e-01 -7.806734741e-02 -1.002710164e-01 -8.295068145e-02 -1.172347367e-02 -9.905287623e-02 -9.160922468e-02 1.103353947e-01 -1.131376177e-01 8.862225711e-02 -6.382691860e-02 4.822792113e-02 4.836590588e-02 1.655620337e-02 -1.105295420e-01 9.720715880e-02 1.129685938e-01 -1.074550003e-01 3.148615360e-05 9.004619718e-02 8.670543134e-02 -9.142354131e-03 -8.147436380e-02 -2.632915974e-03 6.837041676e-02 4.904687405e-03 8.480267227e-02 -1.129085273e-01 -1.005210131e-01
3.092858195e-02 7.730379701e-02 3.218008578e-02 -5.995066464e-02 1.144876182e-01 1.308625937e-02 -8.982582390e-02 3.643675148e-02 -9.575051069e-02 4.780875146e-02 2.591702342e-02 -2.731998265e-02 1.032575667e-01 4.961444438e-02 3.842692077e-02 1.235307902e-01 4.733029008e-02 1.121831834e-01 -5.823747814e-02 -9.250602126e-02 -8.861598372e-02 7.547828555e-02 -1.861634851e-02 -1.212463379e-01 4.533129930e-02 4.534514248e-02 1.759439707e-02 -6.461216509e-02 -1.070442796e-01 -9.721651673e-02 -7.296998799e-02 -2.019897103e-03 -1.238571852e-01 6.647245586e-02 -3.278046846e-03 -6.152513623e-02 -4.309715331e-02 4.523296654e-02 1.249751449e-01 1.095409244e-01 1.326099038e-03 1.130008399e-01 1.028386652e-01 1.114338040e-01 -1.930099726e-02 4.742507637e-02 -3.729273379e-02 -4.744923115e-02 -3.028802574e-02 -5.011996627e-02 1.443147659e-02 8.892817795e-02 -9.775321186e-02 -2.574713528e-02 8.168503642e-03 -1.206810772e-02 -3.593645990e-02 9.664946795e-02 -5.183161795e-02 1.242553145e-01 -7.689699531e-02 -1.243378222e-01 -6.825488806e-02 -4.908424616e-02
-2.593056858e-02 -1.201226711e-01 9.021326900e-03 5.627799034e-02 -3.376388550e-02 -1.284466684e-02 1.240382791e-01 -7.314802706e-02 5.905997753e-02 -6.202200055e-02 -1.206328124e-01 1.564973593e-02 -1.025229543e-01 -1.168866307e-01 6.412234902e-02 7.352782786e-02 2.638901770e-02 1.131597161e-01 -2.690269053e-02 1.205755472e-01 5.920968950e-02 1.007405221e-01 -3.436627984e-02 2.264074981e-02 -6.354306638e-02 -4.019632936e-02 -2.276225388e-02 -1.211217493e-01 -7.493808866e-03 8.310715854e-02 8.331896365e-02 -8.959588408e-02 -8.932794631e-02 8.140935004e-02 8.251535892e-02 1.030702889e-01 -8.357772231e-02 -1.195467860e-01 -8.137962222e-02 3.091408312e-02 -7.364009321e-02 -5.934043229e-02 -3.058995306e-02 -4.816061258e-02 -3.266932070e-02 -1.098700911e-01 -3.987629712e-02 5.148217082e-02 8.678647876e-02 -2.405439317e-02 7.878847420e-02 1.929502189e-02 1.037193835e-02 -4.685647786e-02 1.345264912e-02 1.601332426e-02 -3.044337034e-03 3.248055279e-02 8.436009288e-02 -1.052163541e-02 4.929751158e-04 -2.338394523e-03 -8.006154001e-02 -4.322126508e-03
5.194240808e-02 2.758537233e-02 -5.432040989e-02 -9.309667349e-02 1.332941651e-02 8.027695119e-02 1.869922876e-02 -8.473742008e-02 1.142030954e-01 -7.065364718e-02 8.833824098e-02 -8.270215988e-02 3.272891045e-03 2.864457667e-02 1.034890115e-02 3.844399750e-02 -9.592555463e-02 4.097788036e-02 6.910632551e-02 -3.830628097e-02 8.573251963e-02 -6.588503718e-02 -6.154340506e-02 -1.180009246e-01 6.500148773e-02 -8.319501579e-02 -1.172562242e-01 8.577580750e-02 9.782060981e-02 -2.809634805e-02 2.751205862e-02 -1.110074520e-01 1.697927713e-02 1.073094010e-01 1.164921373e-01 -7.306529582e-02 -9.621670842e-02 -7.539205253e-02 -4.523004591e-02 -6.476677954e-02 -1.146027446e-02 6.085793674e-02 7.870247960e-02 -2.035573125e-02 -9.449154139e-03 -1.007512957e-01 -9.206889570e-02 6.804844737e-02 4.781106114e-02 5.016954243e-02 7.450887561e-02 1.240586787e-01 3.139451146e-03 -2.444639802e-02 1.078680754e-01 -1.017865986e-01 -2.590966225e-02 -7.267232239e-02 -9.938506782e-02 -8.518174291e-03 -4.753060639e-02 -2.138575912e-02 1.031467319e-02 -4.850059748e-03
5.193041265e-02 2.569024265e-02 5.045744777e-02 1.237579435e-01 8.318617940e-02 -8.479504287e-02 -1.194342971e-02 -2.508068085e-02 3.823012114e-02 8.238613605e-02 -2.853216231e-02 -3.318499029e-02 -9.118087590e-02 1.162814945e-01 -4.718901217e-02 6.392329931e-02 5.130274594e-02 3.875620663e-02 -6.040014327e-02 -2.640725672e-02 4.087293148e-02 -1.923175156e-02 -7.049895823e-02 -1.012016386e-01 8.571699262e-02 -7.101123035e-02 1.080693156e-01 -3.220030665e-02 8.989831805e-02 -1.241423041e-01 -4.477421939e-02 -2.131192386e-02 2.124090493e-02 -8.428782225e-02 4.461193085e-02 3.237034380e-02 3.511625528e-02 -4.942566156e-04 1.035104692e-01 -8.333611488e-02 6.527136266e-02 5.643974245e-02 5.335587263e-02 -4.861277342e-02 1.073869914e-01 -7.773998380e-02 1.215641499e-01 -2.168272436e-02 -1.159462482e-01 -2.741332352e-02 -1.159541011e-01 1.165061295e-01 -2.308644354e-02 -5.796088278e-02 1.001984477e-01 -6.066527963e-02 1.573491096e-02 7.951310277e-02 6.916067004e-02 3.250411153e-02 4.006224871e-02 6.451256573e-02 -6.030218303e-02 7.947072387e-03
-8.202897012e-02 -1.212873459e-01 -7.405945659e-02 -1.239254028e-01 -5.702084303e-02 -1.061559916e-01 1.094251573e-01 -1.294207573e-02 -1.187922657e-01 7.463492453e-02 -7.310700417e-02 -1.089001298e-01 -3.831322491e-02 -9.496763349e-03 2.301843464e-02 -9.062340856e-02 -1.940864325e-02 2.836142480e-02 -8.425800502e-02 -8.654780686e-02 9.352862835e-03 -1.172481626e-01 7.106907666e-02 -1.063570380e-03 5.290497839e-02 4.236415029e-02 8.404652774e-02 1.129622012e-01 3.196035326e-02 1.174497753e-01 3.457337618e-02 1.168958843e-02 -8.066287637e-02 -1.085899472e-01 -1.840068400e-02 -5.043293536e-02 -5.647423863e-02 -1.017681509e-01 3.477758169e-02 -1.700598001e-02 3.422312438e-02 -9.012977779e-02 -1.167627573e-01 4.662171006e-03 -3.591418266e-02 -7.233121991e-02 -7.972712815e-02 -9.692771733e-02 4.277764261e-02 1.973018050e-02 5.236025155e-02 -6.589023769e-02 -2.085547149e-02 1.165421307e-01 -1.015909016e-02 3.190034628e-02 -1.028313041e-01 -6.709128618e-03 -9.788317978e-02 -7.544380426e-02 1.170847267e-01 1.087055057e-01 9.443849325e-02 2.447514236e-02
1.202003509e-01 -1.052414328e-01 -1.195584834e-01 -1.110280901e-01 -9.716169536e-02 1.014537811e-01 2.840568125e-02 -1.677736640e-02 -6.576016545e-03 2.270698547e-03 1.217276752e-01 -1.120931804e-01 -3.579138219e-02 7.079119980e-02 1.229426563e-01 3.544580936e-02 3.771287203e-02 -6.781679392e-02 4.823923111e-02 1.048971266e-01 1.085185707e-01 7.157440484e-02 1.228523403e-01 6.955151260e-02 -1.151082516e-01 -7.674901187e-02 -2.166612446e-02 -8.792236447e-02 6.894688308e-02 -1.202885509e-01 7.189881802e-02 5.946394801e-02 8.471252024e-02 -1.039259583e-01 -5.106852949e-02 6.498365104e-02 -4.536847770e-02 2.720460296e-02 1.068034619e-01 -2.813653648e-02 -2.449074388e-02 -1.172246635e-01 3.045172989e-02 -2.409011126e-03 -4.623225331e-02 -5.063332617e-02 -2.220937610e-02 8.491565287e-02 -1.188695431e-01 9.849709272e-02 7.545149326e-02 -5.726391077e-02 -7.836055756e-02 -6.579262018e-02 4.552765191e-02 9.522971511e-02 -4.437391460e-02 -5.258196592e-02 -9.751474857e-02 -9.781844914e-02 1.200169325e-02 -4.577428102e-03 1.193451434e-01 9.972108901e-02
-1.075665504e-01 -2.750258148e-02 -7.571363449e-02 -1.019123495e-01 1.576024294e-02 -5.613796413e-02 9.472742677e-02 -1.157806069e-01 -8.539411426e-02 -2.591237426e-02 -4.261508584e-02 8.863560855e-02 -4.349693656e-03 -9.431822598e-02 1.475609839e-02 3.463755548e-02 5.493941903e-02 -2.047805488e-02 9.428483248e-02 2.029074728e-02 -9.923721850e-02 -6.540657580e-02 -1.169453114e-01 3.139962256e-02 2.886697650e-02 1.500029862e-02 -1.307278872e-04 6.553146243e-02 -7.751622796e-02 1.003933847e-01 1.125366837e-01 -1.012397557e-01 2.355280519e-02 9.145830572e-02 2.089177072e-02 1.223930568e-01 1.207482368e-01 -9.930346906e-02 9.780907631e-02 -2.904680371e-02 -6.971235573e-02 -8.823242784e-02 -7.434238493e-02 -2.911999822e-03 -8.897349238e-03 5.470946431e-03 5.084265769e-02 -6.115077436e-02 5.323095620e-02 8.716183901e-02 5.242010951e-02 -3.796774149e-02 -1.017702818e-01 -1.151542068e-01 3.954991698e-03 -4.379065335e-02 9.151409566e-02 -1.551178098e-02 -9.576725960e-02 -7.847626507e-02 -1.985266805e-02 -1.063531935e-01 -1.063666940e-01 -5.407340825e-02
3.325818479e-02 -1.681527495e-02 -1.000921577e-01 4.703366756e-02 -9.162627161e-02 -8.941888809e-03 9.162276983e-02 -2.517607808e-02 7.662567496e-02 7.269479334e-02 1.077046543e-01 1.151154041e-01 6.092871726e-02 4.274481535e-02 -1.293574274e-02 1.102828681e-01 -4.547221959e-02 5.322951078e-02 -2.662128210e-02 6.317451596e-03 -2.158148587e-02 -8.164018393e-02 -4.161208868e-02 -6.063885987e-02 -9.293451905e-03 1.237704903e-01 -3.130331635e-02 7.077629864e-02 5.026465654e-02 -8.618448675e-02 -1.715868711e-03 7.720619440e-03 -4.294961691e-04 1.207852215e-01 -2.072280645e-02 -6.307539344e-02 3.903105855e-03 7.179814577e-02 1.216889918e-01 3.511188924e-02 1.840719581e-02 4.281672835e-02 4.913091660e-02 1.032436043e-01 7.435899973e-02 -8.045999706e-02 -1.066602468e-01 -1.070854813e-01 3.374429047e-02 -2.638164163e-02 -9.253333509e-02 -1.199772060e-01 1.174371243e-01 1.423569024e-02 -3.595411777e-02 -8.090685308e-02 -3.215074539e-03 7.353796065e-02 -6.565977633e-02 7.081425190e-02 8.410866559e-02 1.051615924e-01 3.864735365e-03 7.376140356e-02
-1.243786514e-02 7.524597645e-02 3.681367636e-02 -9.515957534e-02 -9.489431977e-03 7.273156941e-02 5.176454782e-03 -1.244020760e-01 1.213858873e-01 9.001791477e-03 -1.173791140e-01 9.801036119e-02 -1.735730469e-02 1.004067361e-01 7.800662518e-02 -4.228273034e-02 2.186030149e-02 -5.394221842e-02 1.071772128e-01 1.089927852e-01 1.085771620e-01 2.635268867e-02 8.480966091e-02 6.671662629e-02 -5.155664682e-02 5.269564688e-02 3.300851583e-02 1.214687377e-01 -6.091494858e-02 -6.597805023e-02 -8.424581587e-02 -2.080342174e-02 6.815801561e-02 9.420263767e-02 7.941558957e-03 -3.736676276e-02 -3.194242716e-03 -8.380089700e-02 6.503194571e-03 1.011710018e-01 1.064438820e-01 2.009077370e-02 5.860920250e-02 6.601682305e-02 1.092198640e-01 -1.217618138e-01 1.214483827e-01 -4.359917343e-02 -1.188980192e-01 -1.159632802e-01 -4.760627449e-02 -7.451741397e-02 4.696340859e-02 -7.297034562e-02 1.009817421e-02 9.822621942e-03 -3.428308666e-02 7.924629748e-02 -4.268485308e-02 4.326362908e-02 1.009946913e-01 6.390514970e-02 -8.345931768e-02 4.933550954e-03
3.665377200e-02 7.051131129e-02 1.229169816e-01 -1.175312400e-01 -4.673804343e-02 -3.220577538e-02 -1.212191284e-01 3.518217802e-02 1.065846086e-01 -3.948655725e-02 -2.097962797e-02 -9.633745253e-02 1.559984684e-02 3.125277162e-02 -8.221288025e-02 9.363090992e-02 6.210841238e-02 1.112930179e-01 1.097759455e-01 -1.169448644e-01 -1.540593803e-02 1.123813093e-01 3.485694528e-02 -6.836189330e-02 -1.234057099e-01 -7.972104847e-02 1.124681383e-01 4.739241302e-02 2.761963010e-02 -1.004600525e-02 1.144747138e-01 9.937004745e-02 -1.173640937e-01 1.105390936e-01 -6.000907719e-02 1.207157969e-02 -9.528882802e-02 -5.752874911e-02 1.171913743e-01 8.004978299e-02 3.071725368e-04 -9.779815376e-02 -3.971168399e-02 1.143595427e-01 6.590664387e-02 3.183497488e-02 5.302454531e-02 -1.228630096e-01 6.969761848e-02 -5.147045851e-02 -5.071519315e-02 3.216476738e-02 -5.727767944e-02 4.218223691e-02 -5.191938579e-02 -5.212336779e-03 -9.286755323e-02 1.028305441e-01 7.843667269e-02 -3.241147101e-02 -2.547159791e-03 1.135205626e-01 -1.165350825e-01 2.548524737e-02
-1.140013337e-02 -3.527998924e-03 1.080086082e-01 -5.018034577e-02 4.269130528e-02 -1.150378287e-01 1.048692316e-01 -5.033460259e-02 -8.355256915e-02 2.260917425e-02 7.948414981e-02 2.241730690e-03 -9.196652472e-02 7.630209625e-02 -6.002157927e-03 7.671999931e-02 -7.013323903e-02 1.186774671e-02 -7.642920315e-02 1.040261090e-01 8.522325754e-02 -1.115742922e-01 -5.934579670e-02 6.324177980e-02 -9.969995916e-02 -2.487267554e-02 7.400795817e-03 3.847424686e-02 7.306966186e-02 -1.164021492e-01 1.011133939e-01 7.507009804e-02 3.371678293e-02 5.310231447e-02 8.846788108e-02 1.000175178e-01 -1.039418578e-01 1.030944139e-01 -4.807049036e-02 9.237934649e-02 -1.108108759e-01 -3.346481919e-02 1.181966513e-01 -8.584801853e-02 -7.903356850e-02 -6.717346609e-02 2.375859022e-02 3.099404275e-02 -1.175162941e-01 -8.154848218e-02 1.204436272e-01 -7.526719570e-02 5.776935816e-02 8.102150261e-02 -6.149774790e-02 -1.853978634e-02 -2.206048369e-02 -1.799999177e-02 -1.092827022e-01 -5.980986357e-02 8.035083115e-02 1.237615645e-01 -3.716588020e-03 -1.189522892e-01
8.825567365e-02 3.653965890e-02 5.531559885e-02 3.323261440e-02 -4.180271924e-02 1.062951833e-01 7.335767150e-03 -4.871475697e-02 4.039114714e-02 -2.234777808e-02 8.019939065e-03 3.505063057e-02 3.284481168e-02 1.113047898e-01 -8.587001264e-02 5.796536803e-02 9.653605521e-02 -4.445268214e-02 -1.317675412e-02 4.144027829e-03 -6.508298218e-02 2.022065222e-02 8.075043559e-03 -1.046590507e-02 -1.246030629e-02 2.948293090e-02 1.204805821e-01 1.017532349e-01 7.972128689e-02 7.860200107e-02 9.275346994e-02 4.271982610e-02 -2.150496840e-02 9.345395863e-02 -5.966836214e-02 -5.806118250e-03 -1.110859066e-01 -7.930085063e-02 -3.578589857e-02 7.708629966e-02 2.891418338e-02 -8.780969679e-02 -9.508910775e-02 9.923444688e-02 -5.016475916e-04 -5.370441079e-02 1.222320944e-01 -7.918228209e-02 -1.216237843e-01 1.053252965e-01 8.554244041e-02 1.083359420e-01 9.183511138e-02 -8.176593482e-02 -6.306810677e-02 -8.052192628e-02 -2.767021954e-02 -7.973195612e-02 -1.053597182e-01 5.589969456e-02 -7.070870697e-02 6.491683424e-02 -7.877001166e-02 2.918776870e-02
-2.998104692e-02 7.637545466e-03 4.574593902e-02 1.016515493e-02 -2.094809711e-02 3.033819795e-02 -3.445367515e-02 -1.051528901e-01 -3.508056700e-02 -1.011910588e-01 -1.129219383e-01 -3.115038574e-02 -3.988623619e-03 8.771850169e-02 3.074355423e-02 -1.199107319e-01 5.115151405e-03 -3.350123763e-02 3.323031962e-02 -9.235827625e-02 -9.574294090e-02 3.079998493e-02 1.622557640e-02 -3.046418726e-02 -2.459412813e-02 -8.317889273e-02 -1.107265651e-01 8.253276348e-03 7.887566090e-02 -3.412397206e-02 5.679607391e-03 -2.178701758e-02 -1.098813415e-01 -1.184970140e-02 -7.719276845e-02 8.292356133e-02 5.650430918e-02 7.308672369e-02 5.185762048e-02 -5.724281073e-04 2.229151130e-02 -4.770994186e-03 -5.392372608e-02 1.204769611e-01 -3.038080037e-02 -1.185482144e-01 2.394130826e-02 -1.204737127e-01 1.077332348e-01 3.677263856e-03 -9.836870432e-02 5.676989257e-02 2.106486261e-02 8.574098349e-03 -6.320056319e-02 -8.098696172e-02 -1.051108688e-01 -1.205812395e-02 -5.823072791e-02 1.125135869e-01 3.673493862e-02 -1.176299155e-02 -3.223218024e-02 1.038265675e-01
4.376627505e-02 -1.121556610e-01 -8.900690079e-02 -1.240443587e-01 1.049075574e-01 -8.859236538e-02 8.093951643e-02 5.766046047e-02 6.541207433e-02 1.067023277e-01 7.927334309e-02 1.092520952e-01 8.892773092e-02 -2.491977811e-02 -6.348265707e-02 3.467023373e-03 1.046827435e-01 -1.177625507e-01 1.159072220e-01 3.901097178e-02 -2.834406495e-02 2.539686859e-02 -5.830049515e-02 -6.149858236e-04 -1.951903105e-03 -1.075727493e-01 -7.151463628e-02 -5.894725025e-02 2.670007944e-02 -2.408292890e-02 -9.775468707e-02 9.031900764e-02 5.888858438e-02 -5.794110894e-02 -8.925989270e-02 1.040206850e-01 3.581017256e-02 -9.281411767e-02 -1.021513492e-01 7.129403949e-02 -1.175940335e-01 -3.204195201e-02 -9.262368083e-03 -7.986919582e-02 1.087872982e-01 -4.400885105e-02 -3.414706886e-02 8.995044231e-02 -2.117533982e-02 1.065696776e-02 -9.135934711e-02 4.151254892e-03 -1.197732389e-01 1.538099349e-02 -2.606967092e-02 1.542547345e-02 5.661630630e-02 -1.075875759e-02 1.004743725e-01 -1.005954891e-01 2.663186193e-02 -6.142541766e-03 1.209457964e-01 -6.639413536e-02
-2.934212983e-02 2.925331891e-02 -9.898489714e-02 5.191929638e-02 5.855028331e-02 7.268162072e-02 5.449754000e-02 6.592743099e-02 2.966874838e-02 -2.847754955e-02 -1.143670529e-01 1.380249858e-02 -1.901786029e-02 -1.174021661e-01 6.617049873e-02 2.479900420e-02 2.209244668e-02 -8.827207983e-02 -6.724487245e-02 1.228064001e-01 8.164775372e-02 1.802554727e-02 9.509953856e-02 -1.021184474e-01 9.951041639e-02 -1.204684824e-01 3.044676781e-02 -9.351441264e-02 -6.742399931e-02 -8.069287241e-02 -2.163600922e-02 2.243104577e-02 -4.689410329e-03 -1.105479598e-01 -6.021626294e-02 -9.566259384e-02 -1.229779720e-01 1.141967475e-01 9.294149280e-02 -6.125077605e-03 -5.479112267e-02 4.027339816e-02 1.203517467e-01 1.122885942e-02 6.201739609e-02 6.898011267e-02 6.852190197e-02 -1.246604472e-01 -1.191836894e-01 1.113670617e-01 1.051737368e-02 4.584565759e-03 3.348812461e-02 9.455116093e-02 3.027932346e-02 -1.083398014e-01 -4.904080927e-02 1.094971448e-01 -5.272312462e-02 4.080542922e-02 -1.158441901e-01 5.093838274e-02 3.084689379e-02 1.550120115e-02
1.416701078e-02 -8.845669031e-02 9.488396347e-02 -7.279087603e-02 1.053514183e-01 -3.266815841e-02 -6.044137478e-02 7.757863402e-02 3.119365871e-02 1.227010489e-01 5.380718410e-02 -1.118193567e-01 3.014126420e-02 6.224969029e-02 -6.825421751e-02 2.032193542e-02 -9.982933104e-02 -7.276578248e-02 -8.363702893e-02 2.304254472e-02 -8.960810304e-02 -1.084093451e-01 9.913276136e-02 -8.625629544e-02 -7.907480001e-03 5.936619639e-02 4.221761227e-02 -1.058368385e-01 -9.311009943e-02 8.650392294e-03 -5.218848586e-02 -7.524952292e-02 4.604718089e-02 1.334260404e-02 -1.208967268e-01 -7.940697670e-02 -3.322273493e-02 4.174929857e-02 -1.246243715e-01 -4.514455795e-04 -6.595849991e-03 -7.049190998e-02 5.357210338e-02 -2.020411193e-02 -7.965631783e-02 -1.103576273e-01 -1.041065454e-01 9.694427252e-03 -3.457243741e-02 3.056065738e-02 1.019445956e-01 9.070204198e-02 -1.975493133e-02 4.958152771e-03 -6.712967157e-02 5.513113737e-02 1.099592894e-01 -3.394754231e-02 -7.323317230e-02 -1.234018356e-01 1.394188404e-02 4.163931310e-02 -7.279352844e-02 1.979917288e-04
-6.482112408e-02 -5.938199162e-02 -8.933676779e-02 -1.171593517e-01 -5.196173489e-02 8.783441782e-02 -7.290430367e-02 6.773160398e-02 -8.001476526e-03 -8.948723972e-02 -5.038554966e-02 -8.694976568e-03 1.103163362e-01 -8.574119210e-02 -1.788732409e-02 2.721898258e-02 1.174672693e-01 1.022563875e-02 1.026087254e-01 6.292420626e-02 6.421211362e-02 -1.450559497e-02 1.129157990e-01 4.240344465e-02 8.121024072e-02 -4.185003042e-02 2.005697787e-02 8.360370994e-03 4.110659659e-02 3.251709044e-02 -3.540287912e-02 -3.250446916e-02 6.762044132e-02 1.089696139e-01 1.246427000e-02 -9.975500405e-02 -4.719033837e-03 -7.849763334e-02 8.161386847e-02 2.144443989e-02 -2.211092412e-02 2.826854587e-02 6.147779524e-02 1.132057458e-01 3.588585556e-02 8.258302510e-02 9.014643729e-02 8.695548773e-02 9.264506400e-02 7.901927829e-02 6.557177007e-02 -5.094365776e-02 8.659213781e-04 6.472530961e-02 6.811840832e-02 -1.125693470e-01 5.769756436e-02 6.512983143e-02 3.612484038e-02 7.650525868e-02 -1.102174670e-01 -7.931599021e-02 1.077979505e-01 -6.193058193e-02
prior.0.bias 1 128
-1.110867858e-01 8.973613381e-03 9.834185243e-03 -7.704579830e-02 1.189389825e-02 -1.148782223e-01 1.759231091e-03 -4.315525293e-03 1.864844561e-02 4.568393528e-02 1.111315787e-01 -3.936602175e-02 -5.910278857e-02 1.242349148e-01 2.543312311e-02 -1.090541333e-01 3.619749844e-02 -1.144759953e-01 1.088139862e-01 -6.775401533e-02 -9.087882936e-02 8.151417971e-02 6.957054138e-04 9.990453720e-03 -1.087754965e-03 -9.459152818e-02 -1.139127314e-01 3.052322567e-02 -1.141405106e-01 -6.612405181e-03 -3.544577956e-02 -3.050209582e-02 4.175767303e-02 -3.036063910e-02 -3.619031608e-02 -4.811073840e-02 9.677991271e-03 6.872230768e-02 -5.045785010e-02 1.219801456e-01 -1.977932453e-02 -9.030769765e-02 9.969434142e-02 1.162951887e-01 3.849829733e-02 -1.132645160e-01 2.063807845e-02 9.093584120e-02 6.003488600e-02 -8.765697479e-02 -5.452680588e-02 -5.309896171e-02 -6.292468309e-02 2.358491719e-02 -1.119065881e-01 -2.106747031e-02 -1.147915423e-01 -4.311835766e-02 1.113100797e-01 1.083595902e-01 1.845960319e-02 -8.315956593e-02 1.011718959e-01 8.211591840e-02 3.169435263e-02 -4.327458143e-02 -5.295827985e-02 9.013503790e-03 -5.145326257e-02 -8.633594215e-02 -3.373518586e-02 -2.676966786e-02 2.659939229e-02 -1.040740162e-01 -1.827120781e-03 -1.060760915e-01 -4.841017723e-02 9.646899998e-02 1.321339607e-02 4.530897737e-02 6.995320320e-03 -5.417141318e-02 -8.308695257e-02 -1.073512137e-01 -7.684880495e-02 -1.243963242e-01 -9.734624624e-02 4.721735418e-02 -8.881865442e-02 -8.728127182e-02 2.964958549e-03 -4.559919238e-03 2.465809882e-02 2.750018239e-02 -7.854470611e-02 3.273646533e-02 -4.299212992e-02 1.010494977e-01 -8.563147485e-02 1.159575284e-01 -1.267041266e-02 -4.180561006e-02 1.557856798e-03 2.737884223e-02 2.073974907e-02 -5.860619247e-02 -6.204143167e-02 -1.237942725e-01 -5.551572144e-02 -5.157823861e-02 -1.084205508e-02 6.995762885e-02 -4.634310305e-02 -4.905733466e-02 4.870206118e-02 1.172175258e-01 -9.993562102e-02 7.654593885e-02 -4.051272571e-02 -9.334109724e-02 -1.868219674e-02 7.270738482e-03 7.014244795e-03 -3.693360090e-02 -9.905818105e-02 4.987768829e-02 -1.203510612e-01 -6.468376517e-02
prior.2.weight 32 128
6.744419783e-02 5.815226957e-02 -6.994880736e-02 2.162101679e-03 3.741716966e-02 2.779657394e-02 1.145698829e-03 1.954596862e-02 -7.459737360e-02 -3.140380606e-02 -8.633645251e-03 -8.675014228e-02 -8.692304045e-02 5.108700693e-02 -2.352218702e-02 -5.025314167e-02 7.392146438e-02 4.708402604e-02 -3.523771418e-03 -2.107542474e-03 4.487866908e-02 4.958109930e-02 5.698867142e-02 5.029912293e-02 6.802665442e-02 -4.133989289e-02 -7.171937078e-02 -7.780501992e-02 -6.174121052e-02 6.418476254e-02 -4.191230983e-02 -1.274655573e-02 -1.218434796e-02 -2.673350275e-02 -2.441032603e-02 2.840298228e-02 1.307384670e-02 -1.343896519e-02 -5.467451364e-02 -3.848230466e-02 -2.532067709e-02 7.228602469e-02 -1.763340831e-02 -3.661654890e-02 5.418448150e-02 5.859918520e-02 2.754856087e-02 -5.986548960e-02 6.704719365e-02 -6.619530916e-02 -6.811966002e-02 -2.858691104e-02 9.823798202e-03 -7.336913049e-02 -3.720881883e-03 7.125394791e-02 3.088715859e-02 -9.938848205e-03 7.708307356e-02 2.257145010e-02 2.342513390e-02 4.766914062e-03 1.674631261e-03 -8.263773471e-02 7.988347113e-02 -6.233371422e-02 3.177947178e-02 -8.467965573e-02 -5.473838747e-02 -3.372833133e-02 7.530399412e-02 6.222824100e-03 -1.240964420e-02 -1.549579389e-02 7.943068631e-03 1.418474317e-02 -3.356269374e-02 -3.297691420e-02 -4.053888097e-02 1.893912815e-02 4.142379761e-02 -4.821647704e-02 -1.986076497e-02 -3.018393926e-02 -2.945634723e-02 4.352731630e-02 -2.606863715e-02 8.415220678e-02 -2.007359453e-02 4.005089402e-02 8.124763519e-02 -7.533947378e-02 3.009892814e-02 -5.704990029e-02 2.331359126e-02 6.059896946e-02 3.577507660e-02 4.235889763e-02 7.221741229e-02 -6.927521527e-02 7.449282706e-02 -7.845307887e-02 7.290602475e-02 -7.915461808e-02 5.713614076e-02 -6.316189654e-03 6.351710856e-02 4.436347634e-02 6.254468113e-02 -6.283862889e-02 3.030188754e-02 1.038091630e-02 5.449008942e-02 -4.003892466e-02 3.123919107e-02 5.883260444e-02 3.977597132e-02 8.808716387e-02 -5.605625454e-03 -8.796625584e-02 -3.044507094e-02 3.095005266e-02 -3.859212995e-02 -1.270228066e-02 4.365444183e-02 4.494802281e-02 7.238993049e-02 -3.166874126e-02
-7.172967494e-02 6.943566725e-03 -8.827771246e-02 3.379670531e-02 -7.589569688e-02 -5.015163869e-02 -4.025635123e-02 -2.395121148e-03 -5.199975893e-02 2.282785997e-02 6.304325163e-02 7.896844181e-04 4.586830735e-03 -1.284875069e-02 -8.252611756e-02 -6.497332454e-02 2.381001785e-02 -8.070835471e-02 -3.295042738e-02 3.514973447e-03 1.317958254e-02 2.096637152e-03 -6.617531180e-02 -4.190957174e-02 -2.468762221e-03 1.359667815e-02 -1.232739445e-02 2.742997929e-02 -3.987801075e-02 7.904504240e-02 -4.103664681e-02 7.038456202e-02 -8.809031546e-02 1.040052529e-02 2.199723013e-02 -2.311059274e-03 -7.400777936e-02 -2.282593213e-02 8.268967271e-02 2.856407687e-02 -5.687947944e-02 -2.540933341e-02 -2.751476876e-02 -2.495169267e-02 1.577852666e-02 7.448626310e-02 -1.513749361e-02 1.921114512e-02 4.763609543e-02 -2.321757190e-02 8.410793729e-03 6.558336318e-02 -4.446273297e-02 -2.005500905e-02 3.302563727e-02 6.103811902e-04 3.129468858e-02 -3.997262940e-02 4.347151145e-02 7.166162878e-02 -8.781390637e-02 -5.891025066e-02 -6.540494412e-02 -1.213179063e-02 3.053658269e-02 7.822488993e-02 -8.532734960e-02 2.535554231e-04 -8.000831120e-03 5.589047074e-02 -4.811455682e-02 6.037320942e-02 -9.110884275e-04 -7.220473886e-02 -5.314836651e-02 4.559991881e-02 7.044982910e-02 -5.153748021e-02 -6.520889699e-02 3.060555458e-02 8.755052835e-02 -7.035109680e-03 7.673075050e-02 -1.529495418e-02 -6.902253628e-02 -8.684144169e-02 -7.392536849e-02 -8.383779228e-02 7.356742863e-03 -8.798553795e-02 3.658720478e-02 -5.196364969e-02 2.394713275e-02 -2.802407136e-03 1.685605198e-02 -1.992910542e-02 -4.324306548e-02 -4.351860285e-02 8.530552685e-02 6.001871452e-02 -6.962467730e-02 7.147452328e-03 7.150314748e-02 4.631042946e-03 3.956191987e-02 7.702547312e-02 3.927256912e-02 -3.494651243e-02 -5.160533637e-02 -3.478216007e-02 -3.360389266e-03 4.261349887e-02 -4.893409088e-02 -2.794273756e-02 -8.409130573e-02 2.803850733e-02 2.857870236e-02 -3.468124941e-02 4.666852951e-02 6.600682437e-02 4.917550832e-02 1.857600175e-02 -2.534312010e-02 -6.680891663e-02 -5.385171250e-02 3.623838769e-03 7.445779443e-02 -8.432958275e-02
6.252425909e-02 -4.049000144e-02 6.844521314e-02 -8.310464025e-02 1.049237326e-02 7.915136218e-02 7.051256299e-02 -5.987626687e-02 2.529365011e-02 7.329724729e-02 -3.255414218e-02 5.427967012e-02 -6.762315333e-02 -3.656501323e-02 -8.058859408e-02 1.332727540e-02 2.232266776e-02 6.730337441e-02 5.072154105e-02 2.760556340e-02 5.341630429e-02 -1.635586470e-02 1.844968833e-02 4.731692746e-02 -2.507930249e-02 7.707221061e-02 3.078458458e-02 -4.644294828e-02 8.162810653e-02 2.264503762e-02 -5.696037039e-02 4.381816089e-02 1.347310375e-02 -3.362447023e-02 8.465499617e-03 -5.623627454e-02 -7.031015307e-02 -4.397359863e-02 6.544583291e-02 2.716610953e-02 -4.007917643e-02 -7.755786926e-02 -7.110138237e-02 -8.803163469e-02 -4.644623771e-02 6.914451718e-02 4.612526670e-02 -8.404886723e-02 -3.488685191e-02 -6.347383559e-02 5.368474871e-02 -2.971932292e-02 4.266614839e-02 -4.881412163e-02 -1.653420768e-04 8.554755151e-02 -5.497082695e-02 -8.680840582e-02 4.243892618e-03 3.839670494e-02 8.560594916e-02 -2.506358176e-02 2.725314163e-02 -5.587618425e-02 3.345023468e-02 -3.826868534e-02 -5.282640457e-02 -3.630808741e-02 -7.222688198e-02 6.691546738e-02 -1.192533504e-02 -2.468294278e-02 2.500077244e-03 -1.340973657e-02 5.024087429e-02 -5.648022145e-02 -6.493178010e-02 8.637375198e-03 -1.645167358e-02 6.189472228e-02 -9.099567309e-03 6.300573051e-02 -3.411816806e-02 -4.149727896e-02 -2.829739358e-03 -2.860901691e-02 -8.484125882e-02 -1.203998458e-02 -6.463660300e-02 -3.873140365e-02 -7.899960876e-02 4.959580675e-02 -2.234539390e-02 -7.605925668e-03 -7.339969277e-02 -3.365200385e-02 -7.034533471e-02 -4.173885658e-02 -7.466188818e-02 1.255175332e-03 -1.830883324e-02 -3.946054354e-02 -1.777274534e-02 -6.062151864e-02 8.075607568e-02 -2.256606519e-02 3.108761972e-03 -3.091611341e-02 -3.207863867e-02 6.113645807e-02 7.023666985e-03 -4.784191027e-02 -1.044011116e-02 3.962969035e-02 -1.437465660e-02 -1.343311742e-02 -3.064812347e-02 -3.266739845e-02 -4.394269362e-02 5.406354368e-02 2.980650403e-02 2.425970510e-02 5.233198032e-02 1.252720249e-03 -2.022752538e-02 3.050447628e-02 5.211247131e-03 8.355613798e-02
-7.299116254e-02 7.144150138e-02 -5.190995522e-03 -3.373728832e-03 9.263065644e-03 1.642929390e-02 1.279567718e-03 5.410292745e-02 2.001187205e-02 -4.294117913e-02 -1.232874300e-02 4.593927413e-02 -8.177651465e-02 7.794877142e-02 3.584944457e-02 8.409932256e-02 -7.047107071e-02 1.425027102e-02 7.130286843e-02 2.194634825e-02 -4.115822911e-02 -7.708247751e-02 3.204836696e-02 6.468822807e-02 5.218984187e-02 1.382172201e-02 8.037697524e-02 4.139981419e-02 3.942248598e-02 2.675741166e-02 -5.402159691e-02 1.396868750e-02 -3.977426514e-02 5.184743926e-02 2.632281394e-04 -4.241295159e-02 -6.500860304e-02 6.102048978e-02 2.452828549e-02 -2.841450833e-02 6.687431037e-02 7.666237652e-03 -7.477951050e-02 8.541690558e-02 4.915308580e-02 -7.738658786e-02 -3.216848522e-02 -6.331392378e-02 7.564704865e-02 -2.589458041e-02 7.872345299e-02 -5.754814949e-03 8.470293134e-02 4.221368209e-02 8.551088721e-02 6.231559068e-02 -7.677225024e-02 3.692575917e-02 -3.315098211e-02 7.400940359e-02 -6.381400675e-02 -7.344014198e-02 -3.161912411e-02 -2.852106653e-02 3.425959125e-02 -2.809804864e-02 2.357434481e-02 8.570389450e-02 1.994925179e-02 7.947133482e-02 -5.358496308e-02 2.690958232e-02 -6.527626514e-02 3.489453346e-02 7.183296978e-02 -8.837851882e-02 -4.611358419e-02 -1.347216591e-02 5.215500668e-02 -5.078410730e-02 -4.429838061e-02 -4.545856640e-02 2.617277205e-03 3.646777011e-03 2.094399184e-02 2.380277961e-02 -4.344587773e-02 -2.649895661e-02 -5.970951170e-02 -3.697517514e-02 -7.850039005e-02 -2.577259764e-02 7.818569243e-02 7.626590878e-02 -7.313716412e-02 3.203833848e-02 -8.380157501e-02 8.604232967e-02 5.584441498e-02 -1.623848453e-02 -3.572997078e-02 2.696388774e-02 -5.755281821e-02 7.589524239e-02 1.418033894e-02 1.777688786e-02 -7.943538576e-02 -6.475782394e-02 -2.251824923e-02 2.665538341e-02 5.777443573e-02 6.073532626e-02 7.727707922e-02 1.137119811e-02 3.359322995e-02 4.851165414e-02 2.978708409e-02 -6.683653593e-02 3.333668038e-02 2.022006549e-02 -3.992501274e-02 1.196074858e-02 1.979977824e-02 -5.019962415e-02 -1.178524923e-02 1.913633384e-02 3.246639296e-02 3.612655029e-02
-5.309610441e-02 8.238027245e-02 -1.164617483e-02 -5.155526847e-02 1.324899867e-02 5.951154977e-02 -8.810644597e-02 1.770973578e-02 8.434478939e-02 -2.441756660e-03 5.674179643e-02 -5.549027771e-02 8.837921917e-02 3.321985155e-02 7.884494960e-02 8.793339133e-02 -1.992881112e-02 -6.759669632e-02 1.367991883e-02 -7.693049312e-02 -2.768643200e-02 4.878315330e-02 -3.490934893e-02 -3.468077630e-02 -4.617273435e-02 -3.208588809e-02 5.359197035e-02 -3.288999945e-02 1.778231375e-02 7.939106785e-03 -7.296918333e-02 -1.520823687e-02 8.655235916e-02 5.563134328e-02 -6.415751297e-03 4.996638373e-02 7.827335596e-02 -3.510769224e-03 -2.181431279e-02 3.664384037e-02 -1.951148361e-02 2.747692168e-02 -1.420582645e-02 3.331361711e-02 -5.930932984e-02 7.413823158e-02 -6.833396852e-02 5.179449171e-02 4.944657441e-03 7.976409793e-02 -7.148106396e-02 7.429822534e-02 -3.993840516e-02 -2.876781486e-02 -5.572807044e-02 -7.041233778e-02 -5.372731760e-02 7.920402288e-02 3.758928925e-02 -3.258127347e-02 -7.838818431e-02 -7.776916027e-02 -8.072508872e-02 1.373949274e-02 -1.979546808e-02 8.220794052e-02 3.604256362e-02 2.249635383e-02 -3.567567468e-02 6.595733762e-02 1.652855985e-02 -1.224254258e-02 7.005404681e-02 6.583589315e-02 6.885177642e-02 5.871533230e-02 -5.491184071e-02 -4.924978316e-02 6.516003609e-02 2.915899083e-02 -7.863571495e-02 5.373890698e-02 -4.924884439e-02 3.514309600e-02 -5.308607221e-02 -1.910263672e-02 4.035728052e-02 1.180382539e-02 -2.064739354e-02 2.686701342e-02 4.363215715e-02 -3.074100427e-02 2.126174606e-02 3.672381397e-03 -1.663722657e-02 -5.844824761e-02 -5.290735886e-02 6.844851375e-02 3.267480806e-02 2.921536192e-02 -7.218182832e-02 -4.186092317e-02 -1.306993794e-02 1.445594709e-02 5.749514792e-03 -8.804146945e-02 -8.355754614e-02 1.274050772e-02 8.380322903e-02 -5.623885896e-03 7.370054722e-02 6.196706742e-02 -3.194046207e-03 -1.006132737e-02 8.953202516e-03 7.107995450e-02 3.715159371e-02 -3.669686988e-02 5.296750367e-02 -8.644984663e-02 -7.725654170e-03 2.316921763e-02 -8.339101449e-03 6.234899163e-03 -6.379243731e-02 2.532720007e-02 4.981983826e-02 6.722555310e-02
7.250935584e-02 5.888345465e-02 8.004593849e-02 6.604313105e-02 9.757300839e-03 2.267616242e-02 -8.551533520e-02 -1.774367504e-02 4.840312526e-02 -6.079664826e-02 -6.966836751e-02 5.288082734e-02 3.018628806e-02 7.701893151e-02 2.381075639e-03 1.456703618e-02 3.506033868e-02 5.360692367e-02 -8.007871360e-02 -2.724735811e-02 5.631158128e-02 -6.602367014e-02 -7.958579808e-02 3.636784106e-02 4.147161171e-02 1.642832533e-02 3.743702173e-02 8.089081943e-02 3.816640377e-02 -2.333530784e-02 5.327608064e-02 -7.212703675e-02 7.602157444e-02 1.691208594e-02 3.673833236e-02 -7.839154452e-02 -5.068857968e-02 -4.294865951e-02 -2.169566974e-02 1.976370998e-02 7.331439108e-02 -2.374018170e-02 -2.507024072e-02 5.361730233e-02 1.514146570e-03 4.139848799e-02 -2.505563758e-02 -4.540267214e-02 8.812510967e-02 -8.267388493e-02 -3.549028933e-02 -8.635270596e-02 3.584730625e-02 -8.255403489e-02 -6.226384267e-02 2.638818324e-02 -5.011365749e-03 6.747057196e-03 -8.732412755e-02 3.334075958e-02 -2.878862619e-02 -2.213571407e-02 -6.516773254e-02 -7.055167109e-02 8.718238771e-02 2.364144102e-02 6.975499541e-02 -5.720662326e-02 1.735448092e-02 -7.394801360e-03 8.219989389e-02 2.290091012e-03 4.093511403e-02 1.148311887e-03 4.791452736e-02 -6.836871058e-02 8.013390936e-03 4.687024280e-03 -7.471708953e-02 7.828976959e-02 -6.748566031e-02 -4.758674186e-03 -7.343807071e-02 -4.965488799e-03 1.373368688e-02 7.826330513e-02 -1.197090559e-02 1.313675102e-02 5.045167357e-02 3.738999739e-02 7.714200765e-02 2.908090362e-03 -8.587983996e-02 7.977162302e-02 4.996632040e-02 1.269768574e-03 7.065559924e-02 -2.190622501e-02 1.442873105e-02 -8.813349158e-02 -1.354608126e-02 6.249913946e-03 -4.543388262e-03 4.322498664e-02 9.622251615e-03 5.723975971e-02 -6.958607584e-02 -1.989637874e-02 4.341110587e-02 4.116860777e-02 -2.383112349e-02 -7.170216739e-02 -6.512920558e-02 -2.448057570e-02 -3.795945272e-02 1.910412312e-02 7.717461884e-02 3.462759778e-02 5.137943104e-02 8.386856318e-02 8.734963834e-02 8.263649046e-02 -3.274171427e-02 -6.955447793e-02 9.939786047e-03 8.168131858e-02 -7.675404660e-03 -4.058662429e-02
-4.804424569e-02 5.241470411e-02 -6.823302805e-02 2.750597149e-02 -8.515152335e-02 6.887129694e-02 -6.014827266e-02 6.773287058e-02 6.630364060e-02 1.683534682e-02 -3.869405016e-02 -7.475581020e-02 -5.324571580e-02 -3.289597109e-02 7.105433941e-02 -8.099348843e-02 -5.754606426e-02 4.421716556e-02 8.725536615e-02 -1.165440399e-02 1.620795019e-02 -2.582492307e-02 -4.452611133e-02 1.086231787e-02 -3.804806620e-03 6.132581457e-02 -4.098068550e-02 -9.477529675e-03 4.553890973e-02 -1.603655983e-03 5.322588608e-03 7.105553150e-02 -5.597147718e-02 -6.777811795e-02 2.839222434e-04 -5.771586299e-02 -4.900168628e-02 -4.792251438e-02 -4.242222384e-02 4.308634251e-02 3.248726577e-02 5.423239246e-02 -3.171271086e-02 3.847016720e-03 -4.708285630e-02 -3.432030603e-02 9.689496830e-03 1.175328041e-03 -2.804170921e-02 4.613065347e-02 5.931558833e-02 -1.239881199e-02 1.365456730e-02 -5.902592093e-02 -9.225723334e-03 -3.974233940e-02 -6.497349590e-02 -4.164041206e-02 -8.463037759e-02 -4.331655055e-02 -2.027711272e-02 -2.373887412e-02 -5.854547024e-02 4.829703271e-02 -6.521902978e-02 4.890476912e-02 -1.994668134e-02 -4.279305413e-02 2.340301685e-02 -5.697916728e-03 -8.310902119e-02 -4.834737629e-02 -2.509316988e-02 6.734206527e-02 4.572511651e-03 5.804678798e-02 4.157752916e-02 -7.453493774e-02 -8.337879553e-03 -6.765520573e-02 6.004045904e-02 -2.946391329e-02 -6.917409599e-02 -3.482752014e-03 3.985564038e-02 5.899008736e-02 -2.470624074e-02 -3.971298411e-02 7.372686267e-02 4.462952912e-02 7.364027947e-02 -4.629642516e-02 4.179140180e-02 -2.627704293e-02 2.181004500e-03 6.187416613e-02 -4.340714309e-03 -2.685876377e-02 2.637390606e-02 -5.666752160e-02 4.228198156e-02 -4.955391213e-02 7.488772273e-02 6.648238748e-02 -2.134530246e-02 3.679209203e-02 -3.156257421e-02 -7.670948654e-02 -3.328698874e-02 6.939679384e-02 1.083816681e-02 1.625228859e-02 4.679984972e-02 5.742624030e-02 -6.822524965e-02 -7.641857117e-02 1.597123221e-03 -2.451448143e-02 -1.332619041e-02 -4.239950702e-02 3.381808102e-02 4.159002379e-02 2.099104784e-02 1.240516640e-02 -7.110900432e-02 -7.698258851e-03 7.028177381e-02 6.036788970e-02
2.847914211e-02 -1.920315699e-04 5.473278090e-02 1.137105096e-02 2.678409964e-02 6.625565886e-02 7.296638191e-02 -3.022671863e-02 4.644215852e-02 -5.326070637e-02 -3.851169348e-02 5.243962258e-02 2.846073359e-02 -8.203791082e-02 -4.794317856e-02 -8.193311095e-02 2.313468978e-02 -6.303745788e-03 -2.434003726e-02 -3.218903393e-02 -4.063501954e-02 6.493607908e-02 2.580207959e-02 7.907728851e-02 4.944355413e-02 8.426780999e-02 6.554066390e-02 3.045245633e-02 -1.661950350e-02 6.846725941e-02 -5.510290340e-02 -4.048834741e-02 -7.381044328e-02 -2.138773352e-02 6.270046532e-02 -2.028585784e-02 -7.336887717e-02 4.341757449e-04 -1.854594052e-02 4.324545711e-02 -7.584697008e-02 4.330306128e-02 -2.369802445e-02 -6.169083714e-02 -4.310246557e-02 6.904596835e-02 -3.211734071e-02 6.201382726e-02 6.683573592e-03 -2.995415404e-02 7.711131126e-02 1.556689572e-02 3.931463137e-02 -4.784067720e-02 -3.694783524e-02 -2.886157110e-02 -4.807890207e-02 1.276330929e-02 4.996330664e-02 -4.516605660e-02 5.481829867e-04 -7.568997145e-02 -5.894348398e-02 7.324550301e-02 4.169326276e-02 -4.837780446e-02 3.723177686e-02 -5.161049217e-02 -7.221187931e-03 -5.788702145e-02 -6.010262668e-02 5.656962469e-02 -2.004994079e-02 -1.262614242e-04 -6.457013078e-03 -4.631421342e-02 1.205880288e-02 1.272082515e-02 -3.745374456e-02 1.069030538e-02 -6.214240938e-02 1.738907211e-02 7.585387677e-02 1.151606813e-02 -8.714435995e-02 -6.666004658e-02 2.306671627e-02 8.341798186e-02 -4.927455261e-02 -6.625404209e-02 2.933949605e-02 -1.409580233e-03 -4.068583623e-02 2.950816788e-02 2.338352427e-02 4.369917884e-02 -8.450840414e-02 4.459667578e-02 3.177903825e-03 4.022390768e-02 -4.895425960e-02 -3.136858344e-02 -6.589089334e-02 -6.121600047e-02 8.229104429e-02 3.631105646e-02 -1.705026440e-02 5.445799604e-02 8.266478032e-02 3.532136604e-02 3.059934825e-03 -8.341828734e-02 5.326070637e-02 6.180110201e-02 5.991740152e-02 -1.365283970e-03 -9.164779447e-03 8.731999993e-02 1.271952875e-02 -5.878790841e-02 7.779317349e-02 -3.148508444e-02 7.028929144e-02 -7.538832724e-02 -5.849055015e-03 -5.807194859e-02 7.724146545e-02 5.468232185e-02
4.060330242e-02 7.981613278e-02 -8.333313465e-02 -2.413455024e-02 7.330193371e-02 -3.707576171e-02 -3.820533678e-02 6.044464931e-02 -4.395507276e-02 4.779557884e-02 4.866185412e-02 -5.148097500e-02 -4.070519283e-02 -3.239630163e-02 8.706895262e-02 -5.389209837e-02 -5.859037861e-02 -7.493382692e-02 4.379453510e-02 -1.431094110e-02 2.734781429e-02 4.269174486e-02 6.135602295e-02 -5.182943121e-02 -1.493857056e-02 -2.524028346e-02 -2.972764708e-02 -3.619513288e-02 2.652128413e-02 4.960978869e-03 -3.544021025e-02 -4.534929246e-02 -4.264780506e-02 -1.079087891e-02 -2.283535153e-02 4.635364935e-02 -7.729201019e-02 -5.062677339e-02 -1.849788241e-02 3.542895662e-03 -9.267786518e-03 8.794129640e-02 -7.538419962e-02 1.400687266e-03 -8.799258620e-02 -3.613417735e-03 -7.381894160e-03 -7.451773435e-02 5.408453196e-02 -4.927176237e-02 -4.701430351e-02 -4.177855700e-02 -6.791953743e-02 -3.311371431e-02 -6.763240695e-02 3.376636887e-03 5.675756931e-02 3.392123803e-02 -9.140186943e-03 1.409048121e-02 5.134563893e-02 5.908656120e-02 8.308131993e-02 -6.426387280e-02 -6.045524776e-02 7.606776059e-02 -8.311379701e-03 5.752628669e-02 -7.848558575e-02 5.015726760e-02 -6.242483482e-02 6.765697896e-02 -2.289077453e-02 1.784456521e-02 4.584979638e-02 1.839685626e-02 -5.627966672e-02 -4.037356004e-02 7.222209126e-02 -7.493635640e-03 -1.792907901e-02 5.763511732e-02 -8.570548147e-02 -3.066664748e-02 8.084113896e-02 -1.219671778e-02 5.440506712e-02 1.866675541e-02 1.544689387e-02 -4.976358265e-02 8.751843870e-02 -3.962435876e-04 -7.533844560e-02 -2.918226644e-02 -7.126863301e-02 -1.122841518e-02 5.717640370e-02 -4.454024136e-02 1.289024483e-02 -5.546113104e-02 5.035474524e-02 1.582284272e-02 7.192651182e-02 8.447193354e-02 7.221049070e-02 -6.671904027e-02 8.584288508e-02 -1.601791009e-04 6.290753186e-02 6.380870193e-02 2.177504264e-02 5.575304106e-02 7.413079590e-02 4.915180057e-02 5.340807512e-02 5.907183141e-02 6.966216117e-02 -4.519656301e-02 -2.625904605e-02 -3.077604994e-02 7.871032506e-02 -1.879707351e-02 -5.598006397e-02 -7.147717476e-02 -4.441861436e-02 -7.550067455e-02 6.349094212e-02 2.830527537e-02
5.562565103e-02 6.801932119e-03 1.009429619e-02 9.693385102e-03 -1.365996152e-02 2.178212395e-03 3.306801617e-02 6.863824674e-04 2.249407768e-02 -7.632983476e-02 -6.993030012e-02 -5.981774628e-02 5.417882279e-02 2.864784375e-02 -6.378448009e-02 6.926244497e-02 -3.486619098e-03 4.778875038e-02 -7.301811874e-02 5.368601158e-02 -1.545086596e-02 -4.721110687e-03 -4.903177917e-02 -2.465026826e-02 5.795116723e-02 -1.539254468e-02 -3.024646454e-02 -3.063040040e-02 -3.797803074e-02 6.818235666e-02 5.810197815e-02 -5.960737914e-02 -4.513948690e-03 3.687904030e-02 -7.685577869e-02 7.921203971e-02 4.840247333e-02 -1.083279378e-03 5.419871956e-02 5.618486553e-02 -7.912255079e-02 1.713394746e-02 7.382024825e-02 -2.698229626e-02 -1.917514019e-02 -1.045510545e-02 -1.751209982e-02 -1.723806054e-05 -3.258846933e-03 -6.731388718e-02 4.679612070e-02 -4.852153733e-02 -5.302850902e-02 3.546413779e-02 -8.284186572e-02 -3.281890647e-03 5.841474980e-02 7.498352975e-02 -6.891068816e-02 -4.144926369e-02 -7.184604555e-02 4.031895101e-02 2.704918385e-02 7.611317188e-02 -1.481511258e-02 -3.498034552e-02 6.938007474e-02 -1.551762596e-02 8.759778738e-02 5.402998254e-02 -8.204926737e-03 1.688387990e-02 -6.797099859e-02 -5.875435844e-02 5.070949718e-02 8.800406009e-02 5.975571647e-02 -6.778155267e-02 8.550781012e-02 -2.036147937e-02 7.808628678e-02 6.296422798e-03 2.628428116e-02 -3.748013871e-03 -2.997809462e-02 -7.634957135e-02 -8.358728141e-02 -2.524647862e-02 4.978164285e-02 3.647167981e-02 4.043977335e-02 6.234588102e-02 3.269125521e-02 5.087615550e-02 5.132956058e-02 2.276666276e-02 4.207532480e-02 -5.524656177e-02 2.535105497e-02 -5.272075534e-02 2.358711511e-02 3.585824370e-02 -4.210006446e-03 -4.797441885e-02 -7.633728534e-02 1.733005606e-02 2.949973755e-02 -7.301843166e-02 -7.207680028e-03 3.538518772e-02 -8.608407527e-02 -1.773516089e-02 2.273862436e-02 -8.815153688e-02 5.995637923e-02 3.352956474e-02 -7.334128022e-02 -2.303135581e-02 5.944602308e-04 -6.423179875e-04 2.497352473e-02 -1.541942451e-02 -3.785200045e-02 -1.345569734e-02 -8.082190156e-02 -7.929255255e-03 -1.185382158e-02 3.413544968e-02
-6.736261398e-02 2.739278600e-02 3.200151026e-02 6.770826131e-02 -2.171282284e-02 1.324988343e-02 1.391620468e-02 1.386926323e-02 -5.903482810e-02 -6.544684619e-02 -5.380177870e-02 -1.590623148e-02 1.099628117e-02 4.952472821e-02 -6.893192977e-02 3.831256926e-02 -6.957019120e-02 -2.337411512e-03 3.609820455e-02 8.811403066e-02 -4.550869111e-03 6.603652611e-03 -3.391493578e-03 6.298570335e-02 1.895540766e-02 5.680853501e-02 7.848291099e-02 -4.147604853e-02 2.820309019e-03 5.316606909e-02 1.949716359e-02 6.683745980e-02 -1.794410497e-02 -5.446869880e-02 4.554203898e-02 1.685210131e-02 -6.750156730e-02 -8.243649453e-02 2.056660829e-03 3.562656045e-02 -6.224747002e-02 -5.703073367e-02 -1.181270782e-04 -5.879700184e-02 -7.010060549e-02 -6.180685759e-02 7.999824733e-02 8.583674580e-02 4.200057685e-02 8.318350464e-02 -4.476080462e-02 7.466716319e-02 -7.960441709e-02 -3.201546147e-02 -6.224310771e-02 -7.938468456e-02 -1.352756843e-02 -4.488289356e-02 5.746591091e-02 2.868696675e-02 -3.451846913e-02 -3.700418398e-02 6.204515323e-02 5.392286554e-02 -7.631647587e-02 8.804145455e-02 -5.761884898e-02 4.243896902e-02 -5.365884677e-02 1.164314058e-02 7.681365311e-02 -4.380914941e-02 5.285171419e-02 -2.720054239e-02 -4.783647135e-02 -4.240357503e-02 -6.928854436e-02 5.035194382e-02 1.673610322e-02 -2.909510769e-02 -4.806812108e-02 -4.203322157e-02 -6.301239133e-02 -5.591836199e-02 7.537236810e-02 2.756907418e-02 -5.117511377e-02 -3.519779071e-02 -4.278342426e-02 4.371070769e-03 -3.743521124e-02 1.394092292e-02 -4.606648535e-02 5.234718695e-02 -4.665764421e-02 -4.000049829e-02 4.542011768e-02 -2.288261987e-02 3.371787816e-02 -6.390617788e-02 5.656509474e-02 -2.524804883e-02 2.554229647e-02 4.600019753e-02 -1.268869825e-02 6.066770107e-02 -8.105997695e-04 1.056777406e-02 -3.981219605e-02 -4.503259063e-02 6.085634977e-02 -8.610377461e-02 1.133809239e-02 8.631126955e-03 -7.313358039e-02 2.677100338e-02 6.075850502e-02 8.455877006e-02 8.183880895e-02 4.458712041e-02 8.045616001e-02 -7.988966256e-02 -1.408006065e-02 5.539910123e-02 3.877846152e-02 -3.707825765e-02 7.696095854e-02 -1.574384980e-03
-1.489531808e-02 8.309008926e-02 6.948029250e-02 -7.496726513e-02 -1.422940753e-03 -2.057387866e-02 3.170221671e-02 -7.811045647e-02 7.465706021e-02 8.486200124e-02 -7.233948261e-02 -2.090330794e-02 1.703166775e-02 -3.510646895e-02 -1.482485887e-02 2.640247159e-02 3.265656903e-02 -1.976568066e-02 -4.158369079e-02 -5.488647148e-02 7.850836962e-02 6.526698917e-02 3.938136250e-02 1.484159147e-03 6.503378600e-02 2.193362080e-02 6.237253174e-02 8.637760580e-02 2.283859625e-02 -8.684031665e-03 -1.724420302e-02 5.998801067e-02 8.334467560e-02 -1.769640855e-02 6.041184813e-02 -6.048288569e-02 -1.596138999e-02 6.303177774e-02 9.288954316e-04 7.869862765e-02 5.087395385e-02 -4.822922871e-02 3.755813092e-02 6.482287496e-02 -7.588255685e-03 3.023140691e-02 8.730935305e-02 5.386799201e-02 7.417341322e-02 4.180920869e-02 2.137401514e-02 -8.643842489e-02 -7.030413300e-02 -6.884282827e-02 4.793056473e-02 -7.683477551e-02 4.685611650e-02 -1.096555643e-04 2.165102586e-02 -1.748753898e-02 4.481452331e-02 6.359224021e-02 -6.458239257e-02 8.618758619e-02 4.139756039e-02 -6.300228089e-02 -3.073064610e-02 8.704285324e-02 -2.615477517e-02 -5.592805520e-02 4.262288660e-02 1.764761284e-02 -8.374745399e-02 -3.865883872e-02 -8.270631731e-02 4.590895027e-02 -5.091086496e-03 3.336124122e-02 8.225206286e-02 5.482133105e-02 1.803470962e-02 -2.734921686e-02 3.251119331e-02 -6.174845248e-02 -5.493117869e-02 3.669516370e-02 2.028381266e-02 -4.690100253e-02 -6.307350844e-02 4.752588272e-02 4.478037357e-02 -6.762461737e-03 5.289237574e-02 -4.635928944e-02 3.489421681e-02 -8.142551780e-02 -1.859408244e-02 -8.814848959e-02 8.545398712e-02 8.738726377e-02 9.566038847e-03 -2.996156178e-02 -4.412446171e-02 2.012380213e-02 -2.203745954e-02 -3.508250928e-03 7.314885408e-02 -5.655200779e-02 -9.839497507e-03 6.774752587e-02 5.086147785e-02 -6.178637221e-02 5.221165344e-02 -8.245122433e-02 -5.729569122e-03 -4.679352790e-02 6.589642912e-02 8.685830981e-02 -7.196371257e-02 -7.594753802e-02 -7.456683367e-02 8.307569474e-02 6.541892886e-02 4.872679338e-02 -6.699115038e-02 -7.104797661e-02 -2.249436267e-02 3.222946450e-02
-4.705593362e-02 1.873026974e-02 -6.441357732e-02 4.092268273e-02 3.258730099e-02 -1.882311888e-02 1.900059916e-02 -8.621336520e-02 8.021048456e-02 1.136816386e-02 -4.681006819e-02 -4.862128943e-02 7.738761604e-02 -3.619550169e-02 -1.128042489e-02 -4.931771196e-03 -3.217479913e-03 4.117514193e-02 8.098229021e-02 -2.389611490e-02 7.940175384e-02 5.275393277e-02 8.134562522e-02 -1.277219132e-02 6.718203425e-02 -3.961594030e-02 3.009938262e-02 3.214674816e-02 5.727029406e-03 -6.206218153e-02 7.536288351e-03 7.774633914e-02 -6.567984819e-02 2.736295573e-02 1.428732835e-02 -4.779361933e-02 3.885671869e-02 2.931513451e-02 -7.791648060e-02 -8.317759633e-02 3.851428628e-02 1.927020214e-02 5.718356743e-02 -1.830057241e-02 1.862520911e-02 4.693072755e-03 -4.124972969e-02 -5.487955734e-02 -3.489122540e-02 -2.064854093e-02 6.221255288e-02 -8.304776251e-02 5.808500573e-02 7.607819140e-02 -1.364799216e-02 -5.749845877e-02 5.304460973e-02 3.387701511e-02 -1.486942917e-02 -7.853697240e-02 2.291568369e-02 1.787268743e-02 -6.622310728e-02 -4.961717501e-02 6.553258747e-02 6.947697257e-04 -2.859275788e-02 -6.656952202e-02 -6.601730734e-02 -3.061952628e-02 3.076519584e-03 4.215766862e-02 8.300686628e-02 -4.807985853e-03 -2.038024552e-02 7.760183071e-04 1.491050061e-04 -1.188583206e-03 6.001468748e-02 3.173872456e-02 5.750948936e-02 -2.353876084e-02 -8.441940695e-02 -6.391589344e-02 -4.522351548e-02 4.243788123e-02 4.784570262e-02 -7.795823365e-02 -2.994061448e-02 2.580219414e-03 8.516218513e-02 -6.072412361e-04 3.361504152e-02 7.776269317e-02 3.570755571e-02 -2.359511144e-02 5.953853205e-02 -8.743439615e-02 -3.977937624e-02 -3.245262057e-02 -6.393824518e-02 -5.908302963e-03 2.765004896e-02 -4.811932892e-02 8.202849329e-02 2.065007016e-02 4.859546199e-02 5.855987221e-02 1.902866992e-03 -1.015492436e-02 -4.484121129e-02 4.264991358e-02 7.053434849e-02 3.683632240e-02 -2.914906479e-02 -7.795815915e-02 -2.948785201e-02 7.341424376e-02 -3.753396869e-02 5.454051867e-02 2.291662060e-02 1.762410440e-02 3.339263145e-03 -5.522835627e-02 -6.730713695e-02 4.480519518e-02 -7.993546128e-02 -7.011664659e-02
-8.768370003e-02 -3.287346661e-02 5.698512867e-02 6.765003502e-02 9.978529997e-03 -6.541395187e-02 8.811078966e-02 4.182309657e-02 5.527240783e-02 -7.542082667e-02 -2.249267697e-02 2.454051934e-02 6.825269014e-02 -5.994172022e-02 5.978625268e-03 -2.620433830e-02 -3.457042575e-02 -7.275694516e-03 -8.619921654e-02 7.625204325e-02 4.494646192e-02 5.805684999e-02 -6.380716711e-02 7.407097612e-03 -8.262500912e-02 3.863625601e-02 1.152911223e-02 -2.923168428e-02 2.779869176e-02 -8.119259030e-02 -8.364716545e-03 8.419013768e-02 2.956914343e-02 4.885586724e-02 8.196879923e-02 3.872340545e-02 -6.176585704e-02 1.124024857e-03 2.788263746e-02 -7.898051292e-02 -7.112269849e-02 7.016402483e-02 4.572732840e-03 6.111616269e-02 1.206071023e-02 7.412043959e-02 8.002767712e-02 -3.681856021e-02 4.492916167e-02 2.856294997e-02 3.236574307e-02 3.643418849e-02 3.535597771e-02 4.606987815e-03 7.609086460e-04 -5.355898291e-02 -6.719206274e-02 -2.227275446e-02 -6.918204576e-02 3.463367745e-02 -7.031600922e-03 -7.927400875e-04 -6.267750263e-02 -8.252379298e-02 3.954884410e-02 6.841371302e-03 -5.238895305e-03 7.360374928e-02 3.977327421e-02 -7.767436653e-02 -1.129901130e-02 1.283383090e-02 7.789891958e-02 -5.324231926e-03 2.865290269e-03 7.244984061e-02 -3.338804841e-02 -6.162209436e-02 -3.745067865e-02 6.018450856e-02 -5.658831820e-02 -6.140995026e-02 9.627214633e-03 -4.232247546e-02 -5.908610672e-02 -2.291877009e-02 1.330465358e-02 4.710143059e-02 8.810082451e-03 -5.972466618e-02 9.487424046e-03 6.047743931e-02 5.463685375e-03 6.428750604e-02 -5.514316633e-02 -5.910250172e-02 -8.826580644e-02 -1.166161150e-03 9.402181953e-03 6.749972701e-02 -4.934381321e-02 6.046459451e-02 -4.729890823e-02 -7.169969380e-02 8.485744148e-02 7.211036980e-02 5.518828332e-02 6.987965107e-02 -7.429455966e-02 -7.910789549e-02 -8.185987175e-02 8.121110499e-02 3.819059581e-02 -5.443918519e-03 1.404710207e-02 -4.500486702e-02 2.673827671e-02 -7.087004185e-02 5.493195727e-02 -5.085921288e-02 7.105462253e-02 -5.082037300e-02 6.512436084e-03 4.222938046e-02 -4.179057106e-02 1.694040932e-02 -2.721218579e-02 -5.681242421e-02
-2.351222932e-02 -2.704198658e-02 -8.133328706e-02 8.724811673e-02 5.780371651e-02 8.450013399e-02 -7.514002174e-02 -1.852630079e-02 3.035083041e-02 -7.639473677e-02 5.240958557e-02 -5.498991907e-02 8.019562066e-02 -4.270132259e-02 -3.961803741e-04 -4.959739000e-02 -3.878320381e-02 -1.739673316e-02 -4.852867126e-02 -9.474674240e-03 7.418411970e-02 4.182273988e-03 4.566029459e-02 -9.387989528e-03 -6.781549752e-02 6.105487049e-02 3.164522350e-02 3.705440089e-02 3.434599191e-02 4.597130418e-02 8.176145703e-02 5.844871979e-03 7.029683329e-03 -3.380177170e-02 3.567463905e-02 2.530297637e-02 -3.072214313e-02 2.192357928e-02 -7.936051115e-03 -4.817562923e-02 4.196007550e-02 4.753560573e-02 -4.589651525e-02 -2.985007316e-02 5.316288397e-02 2.073297277e-02 -5.493959785e-02 -8.640040644e-03 6.144864112e-02 -6.650070846e-02 -3.338241018e-03 -6.954429299e-02 7.960131019e-02 -4.579846188e-02 -1.680446416e-02 -7.211589068e-02 -5.694616586e-02 5.135304853e-02 4.012754932e-02 -4.656489193e-02 2.650737576e-02 -4.814128950e-02 5.965902284e-02 -8.119833469e-02 -7.849252224e-02 -6.495587528e-02 -3.344826400e-02 -6.962819397e-02 -3.088561073e-02 -7.002750039e-02 -1.853834279e-02 7.890882343e-02 -4.370236024e-02 -6.833104789e-02 -4.225557670e-02 -5.503935739e-03 -3.411820903e-02 8.459467441e-02 6.802508980e-02 -6.835757941e-02 -2.583117038e-02 4.273612425e-02 4.975890741e-02 3.427704051e-02 7.105433941e-02 -5.997887254e-02 1.103989221e-02 4.631483555e-02 1.553237811e-02 -6.340176612e-02 7.896076143e-02 -2.438457496e-02 -1.662242226e-02 5.016029254e-02 8.317399770e-02 -5.258216336e-02 -8.632429689e-02 5.700885877e-02 -6.902120262e-02 2.369856089e-02 2.129769698e-02 4.778368399e-02 -8.614618331e-02 4.852863029e-02 4.804173857e-02 -8.495531976e-02 4.047508165e-02 7.177654654e-02 3.483740613e-02 -2.447308414e-02 5.013660342e-02 8.780314028e-02 -6.033095717e-02 4.289415479e-02 -3.074895963e-02 -2.687333524e-02 -6.356461346e-02 -7.126222551e-02 -8.757600933e-02 1.942804269e-02 8.821722120e-02 -2.754882351e-02 3.146126121e-02 1.649938524e-02 3.242617100e-02 5.365994573e-02 -2.874087356e-02 4.501715302e-02
7.465595752e-02 5.869043246e-02 2.063362114e-02 -5.092150718e-02 -1.851721754e-04 5.351552740e-02 -3.122455627e-02 -3.332075104e-02 4.053310677e-02 6.774342805e-02 -4.323168844e-02 5.145960301e-02 6.645072997e-02 7.629469037e-02 7.306944579e-02 -7.977076620e-02 1.584078744e-02 -5.294208974e-02 -8.700335026e-02 7.614000887e-02 -3.581528366e-02 -6.035789102e-02 -2.629949525e-02 1.150556281e-02 -7.576350123e-02 5.291470513e-02 8.131713420e-02 -6.719914265e-03 2.683026250e-03 -8.420080692e-02 -8.302031457e-02 -8.172886819e-02 8.509647846e-02 6.153808441e-03 -4.075542092e-02 3.231159598e-02 -8.053962141e-02 2.265408821e-02 2.453754656e-02 8.517375588e-02 -4.273797944e-02 5.175605416e-02 -6.978941709e-02 3.826764226e-02 8.819391578e-02 -3.056863509e-02 -7.192925364e-02 -1.347659156e-02 8.474094421e-02 -3.068140894e-02 4.688342661e-02 -2.054037061e-03 -7.936070114e-02 2.590097673e-02 8.582805097e-02 6.441969424e-02 -2.358289994e-02 3.074763156e-02 3.532327246e-04 -5.830613896e-02 -1.809132285e-02 -6.992783397e-02 6.150054187e-02 -4.590893909e-02 -2.401976287e-02 1.924735866e-02 -2.139898762e-02 -3.865027055e-02 8.331005275e-02 -7.715811580e-02 -5.821951479e-02 9.492207319e-03 -2.574958466e-02 5.947477743e-02 5.757822096e-02 4.468086362e-02 -1.148795616e-02 1.734550297e-02 3.139889613e-02 -7.584146410e-02 -2.558695152e-02 -7.494778186e-02 -5.048866943e-02 3.336784989e-02 -2.185429912e-03 -2.547221631e-02 -8.537823707e-02 -6.796148419e-02 -3.017953411e-02 -4.917889088e-02 -5.577500910e-02 -1.589914039e-02 -7.243567961e-04 3.143746033e-02 3.613004833e-02 2.493257821e-02 2.736239694e-02 7.737990469e-02 -8.672862314e-03 7.367451489e-02 8.017600328e-02 6.193215773e-02 8.694916032e-03 -4.041457176e-02 -3.835198656e-02 2.007154003e-02 -8.140990511e-03 -8.129094727e-03 8.563471586e-02 5.616138130e-02 5.992544070e-02 3.031791421e-03 1.323106512e-02 -2.684834227e-02 -7.645665854e-02 -6.294631748e-05 -8.806390315e-02 -1.068968419e-02 3.048239090e-02 1.817823015e-02 -5.549500883e-02 -5.172666907e-02 4.479996115e-02 5.516084377e-03 -5.303750932e-02 4.808440059e-02 -7.929981686e-03 3.478951380e-02
-3.448971314e-03 -6.815310568e-02 8.655420691e-02 -6.586572621e-03 -5.265272781e-02 5.821790546e-02 6.324639916e-02 3.878071532e-02 -1.686453447e-02 -4.228904098e-02 2.743295208e-02 1.594616473e-02 -7.785917819e-02 4.293049499e-02 5.127836391e-02 4.632258788e-02 -5.796014518e-02 3.586512432e-02 -3.097352944e-02 4.143372178e-03 -9.639943019e-03 -3.775289282e-02 -3.957645968e-02 4.716512561e-02 -1.798218489e-02 5.017035455e-02 4.158080369e-02 6.365395337e-02 -4.487071559e-02 3.126520663e-02 4.669018462e-02 -4.023793340e-02 -4.562068731e-02 4.707347602e-02 3.283807263e-02 -1.237436756e-02 5.461600423e-02 -3.954259213e-03 5.638181791e-02 -7.253482938e-03 4.686564207e-02 3.594497964e-02 -6.819452345e-02 8.476708084e-02 7.137177885e-02 3.923711553e-02 3.579752147e-02 5.825062096e-02 -2.444871143e-02 7.247672975e-02 -7.409086078e-02 -8.292668313e-02 -1.425591856e-02 -6.202574447e-02 3.096264414e-02 7.126157638e-03 2.817364968e-02 7.250813395e-02 -3.218983486e-02 8.524874598e-02 4.284766689e-02 -7.054028660e-02 -4.068304598e-02 -4.633925855e-02 3.504031152e-02 5.452849716e-02 -5.649684742e-02 -4.324819893e-02 -8.741875738e-02 -8.098167926e-02 -3.112119064e-02 7.788663730e-03 -8.049200475e-02 3.764807060e-02 4.673745111e-02 1.632789965e-03 8.495087922e-02 6.570959836e-02 6.305073388e-03 4.713418894e-03 -2.323871886e-04 -8.503261209e-02 -5.000463128e-02 -7.217485458e-02 -8.314975351e-02 -1.876913942e-02 4.883681890e-03 -2.885629237e-02 5.829759315e-02 3.828475252e-02 -8.316479623e-03 -7.854958624e-02 -7.532531768e-02 -6.563144922e-02 -1.242861059e-02 2.475927025e-02 6.264363974e-02 4.723757505e-02 1.826516911e-02 5.433071032e-02 -7.838639617e-02 1.726434939e-02 -2.258104831e-02 -9.552329779e-03 6.170786545e-02 1.733414456e-02 -3.834508732e-02 -1.878183708e-02 -2.971296944e-02 -6.086952984e-02 -6.377124786e-02 -6.992619485e-02 7.172473520e-02 4.998640344e-02 -2.579402924e-02 -4.332629591e-02 -7.771057636e-02 -4.801327735e-02 3.041725419e-02 -3.728984669e-02 2.291553654e-02 -2.875229530e-02 -8.838714659e-02 2.295466885e-02 2.609396726e-02 2.515660040e-02 -6.573128700e-02 -2.029747888e-02
8.083650470e-02 6.007938180e-03 -1.022439357e-02 2.876750007e-02 8.116014302e-02 7.546723634e-02 2.668557130e-02 8.084044605e-02 -4.189998284e-02 2.162726596e-02 4.963760823e-02 -8.540486544e-02 -8.361199498e-02 -7.028257847e-02 -7.935792208e-02 1.689795591e-02 3.455767641e-03 -1.907488331e-02 -3.508776799e-02 -7.715020329e-02 -4.969485477e-02 8.629895002e-02 -2.781410702e-02 6.496567745e-03 -3.436583281e-02 -4.210333154e-02 6.219914928e-02 -1.775748841e-02 6.653585937e-03 6.190900877e-02 -1.617080718e-02 2.608740330e-02 -5.449453741e-02 5.751660094e-02 -5.011418369e-03 4.913632199e-02 -7.937379181e-02 1.303549297e-02 2.306214347e-02 -5.865695700e-02 6.265800446e-02 -4.991807416e-02 -3.432565555e-02 5.400670692e-02 -4.469283298e-02 6.047862023e-02 6.235308945e-02 -1.111710537e-02 2.038066648e-02 -5.612608418e-02 -4.852897674e-02 -1.012374647e-02 7.000467926e-02 7.021385431e-02 7.724508643e-02 -3.611909971e-02 -6.927620620e-02 6.253851205e-02 4.658695683e-02 8.104170859e-02 8.695559204e-02 -4.920609668e-02 7.117456198e-02 7.846608013e-02 -1.763389260e-02 -4.966466501e-02 -5.342504010e-02 -4.070008174e-02 5.316424370e-02 2.496810863e-03 -2.126676217e-02 -1.707348786e-02 7.421972603e-02 1.629395038e-02 -5.130258575e-02 4.580935463e-02 -5.072983354e-02 6.050116941e-02 -7.966406643e-02 2.250482515e-02 4.542961344e-02 6.231830642e-02 -9.814209305e-03 3.893342614e-02 -1.417114050e-03 7.543597370e-02 -2.661044523e-02 -7.745510340e-02 -2.510877326e-02 2.192209288e-02 1.042900607e-02 -6.982219964e-02 -3.906742111e-02 3.020362183e-02 2.737185918e-02 7.979520410e-02 -1.976325735e-02 2.313268743e-02 -4.799409211e-02 -8.769335598e-02 2.260124711e-05 -2.171801776e-02 7.075417042e-02 -6.975083798e-02 -7.498893887e-02 -5.445194617e-02 -5.895406008e-03 5.810108408e-02 5.907933414e-02 -1.497258339e-02 4.054736346e-02 5.267900974e-02 -2.352522127e-02 -4.335716739e-02 2.023499645e-02 -5.879415572e-02 7.455765456e-02 3.297753632e-02 -1.168209501e-02 -2.406916954e-02 3.285041312e-03 1.275186613e-02 -7.985570282e-02 -7.928975672e-02 -1.089888997e-02 -4.665203020e-02 -5.605005100e-02 1.254827529e-02
6.168615818e-02 -5.942557007e-02 -2.636833349e-03 4.447354376e-02 5.685184151e-02 3.137049824e-02 -1.261268649e-02 -5.312215164e-02 6.885579973e-02 -5.034902319e-02 3.638969269e-03 -5.480450392e-02 4.692429677e-03 -6.659612805e-02 -2.074770257e-02 -3.015750274e-02 5.821624026e-02 -1.376589760e-03 2.475222200e-02 -3.563497961e-02 -8.641561121e-02 -6.611485034e-02 3.034899756e-02 8.790940791e-02 -5.684066191e-02 -4.242872447e-02 4.606620967e-02 8.540554345e-02 -7.017497718e-02 -4.674347863e-02 -8.399754763e-02 2.837284654e-02 -2.287493832e-02 -2.772651426e-02 6.070926785e-02 -1.767012849e-02 -5.252998695e-02 -8.029247075e-02 7.866331935e-02 -8.249191567e-03 5.361812562e-02 -2.387194335e-02 -2.432877198e-02 2.144867927e-02 5.795181170e-02 -1.896165661e-03 -6.451197714e-02 -2.587057836e-02 -2.329134941e-02 5.307710543e-02 -5.398727581e-02 -1.969354600e-02 -2.162102796e-02 8.469326794e-02 2.286542393e-02 5.895382911e-02 -6.109396368e-02 2.238775231e-02 -1.231587771e-02 -5.353444070e-02 2.977634780e-02 -6.546578556e-02 1.762134396e-02 -5.739075318e-02 -8.790852502e-03 -6.156722084e-02 -5.521366745e-02 7.499307394e-02 1.043608645e-03 8.449031040e-03 -8.544784784e-02 -6.404086947e-02 1.678057760e-02 7.450054586e-02 -5.740053952e-02 8.330697566e-02 -4.474488553e-03 6.148075685e-02 8.318991214e-02 -5.370231345e-02 6.398391724e-02 6.931215525e-02 -6.517028064e-02 -2.955737337e-02 -6.457862258e-02 -8.606591076e-02 -4.041935317e-03 -2.196676843e-02 5.298070610e-02 -4.126978293e-02 -8.053752780e-02 -7.678901404e-02 6.718365476e-03 -2.133264765e-02 2.162722312e-02 -7.454432547e-02 -6.279588491e-02 1.842548512e-02 4.390089307e-03 6.156780943e-02 -7.968609221e-03 -5.464518815e-02 7.276497036e-02 -6.263161451e-02 7.025029510e-02 8.347385377e-02 6.405267119e-02 6.209310517e-02 -2.139521530e-03 -7.003377378e-02 -3.543757647e-02 -6.104820222e-02 1.991498657e-02 5.673743412e-02 2.594685368e-02 2.945390344e-02 -3.987605125e-02 5.994858965e-02 -6.489329040e-03 1.005107537e-03 -1.664122008e-02 -7.141531259e-02 -6.382098794e-02 6.113396212e-02 -1.664478146e-02 1.054398250e-02 -6.958302110e-02 -6.238302682e-03
-1.136609912e-02 -5.672970042e-02 4.971196502e-02 6.947547197e-02 -6.007907912e-02 3.169720992e-02 6.188369915e-02 -8.122708648e-03 -4.263199121e-02 -2.373528108e-02 2.306380920e-04 8.735787868e-02 7.721161097e-02 -3.761451319e-02 1.775637269e-02 2.076481469e-02 3.990635276e-02 5.755800009e-02 -1.680881530e-02 8.196897805e-03 -5.610572547e-02 8.382028341e-02 7.150643319e-02 2.902550064e-02 7.870277762e-02 -4.489301890e-02 -3.640977666e-02 -3.898531944e-02 -8.745755069e-03 5.132312328e-02 1.864205673e-02 -2.314040065e-02 -5.378008261e-02 1.439100970e-02 6.830086559e-02 -3.437278792e-02 -6.281896681e-02 8.282434940e-02 4.179470986e-02 3.363715857e-02 -1.633184031e-02 8.586106449e-02 -6.029679626e-02 3.222921863e-02 -5.515033007e-02 -8.502774686e-02 -6.440949440e-02 8.551674336e-02 7.635557652e-02 -5.778076872e-02 -3.616860136e-02 -6.166804582e-02 -3.395352140e-02 4.106701538e-02 -5.705168098e-02 8.195170760e-02 -4.061955214e-02 5.369940400e-02 -5.205096677e-02 -5.073209852e-02 3.668248653e-02 3.968210146e-02 4.804735258e-02 2.795305336e-03 7.274390757e-02 2.370119467e-02 -2.507226355e-02 -7.272427902e-03 -3.790774941e-02 -1.488714106e-02 -2.014047094e-02 5.915473402e-02 2.929420955e-02 -2.135327784e-03 2.540897578e-02 4.114779830e-02 -2.906405553e-02 -8.223100007e-02 1.793553866e-02 -8.770123869e-02 7.861284912e-02 2.280342579e-02 8.443516493e-02 -3.278031200e-02 -3.977280110e-02 -4.236460105e-02 2.411579480e-03 6.333182752e-02 1.529378444e-02 -5.035540834e-02 -6.321512908e-02 8.464547247e-02 5.353787448e-03 5.700594187e-02 -8.184909075e-02 -1.475609653e-02 1.560946461e-02 6.623778492e-02 -2.184310928e-02 -2.132786438e-02 4.519201070e-02 -3.384177014e-02 5.083426367e-03 9.734340943e-03 -7.579626050e-03 1.096629351e-02 -5.560593680e-02 1.668372378e-02 -6.884405017e-02 -2.496241964e-02 -7.565822452e-02 -1.824289374e-02 3.820011020e-02 5.841093883e-02 8.247716469e-04 -1.589556783e-02 -6.612308323e-02 -9.867904708e-03 -6.990013272e-02 4.542521015e-02 6.217007712e-02 -7.595389034e-04 1.742971316e-02 4.318010062e-02 -1.832516491e-02 -1.472960692e-02 8.197275549e-02 -7.673654705e-02
2.302932180e-02 -7.164602727e-02 -7.229177654e-02 -7.966875285e-02 8.159752935e-02 1.599564590e-02 -8.023210801e-03 -8.571133763e-02 -6.609065086e-02 -1.222138479e-02 -6.017555296e-02 -6.011642888e-02 -2.353224903e-02 -2.791632339e-02 4.404507950e-02 8.715272695e-02 1.312875375e-02 7.616905123e-02 4.884520546e-02 9.987116791e-04 -3.006686643e-02 3.363233060e-02 9.804062545e-03 -5.403853953e-02 -7.555629313e-02 1.301038451e-02 -2.563124709e-02 5.322059616e-02 3.979808837e-02 -5.105808377e-02 1.523261890e-02 -2.756827511e-02 7.087543607e-02 3.849894181e-02 -6.810214370e-02 2.688512579e-02 5.607020482e-02 -4.671839997e-02 5.891589820e-02 -6.474443525e-02 4.779437929e-02 -2.138679661e-02 3.326877207e-02 2.227219567e-02 7.480908185e-02 -6.323165260e-03 7.918004692e-02 -1.593266800e-02 -7.102633268e-02 -5.130127072e-02 -8.609972894e-02 2.576917224e-02 8.636921644e-03 -6.909888238e-02 -6.025169045e-02 -5.547983572e-02 -3.554692492e-02 4.539472610e-02 4.488232732e-02 -7.521796972e-02 -2.279428020e-02 3.602863103e-02 -1.749883406e-02 -4.868473113e-02 2.614379395e-03 -4.960285872e-02 -8.251453936e-02 8.323768526e-02 -8.233725280e-02 -2.165066637e-02 3.843283653e-02 -6.739228498e-03 -6.541953981e-02 5.184716731e-02 -1.163181383e-02 5.879931897e-02 7.417001575e-02 4.389916733e-02 -2.371370234e-02 -1.270959247e-02 5.055798683e-03 2.331986092e-02 -8.266255260e-02 -3.630949929e-02 6.224889308e-03 7.885341346e-02 -6.158944219e-02 -4.893180355e-02 5.772326840e-04 8.408468217e-02 8.253984153e-02 1.653083717e-03 -6.731858850e-02 -2.844902687e-02 -5.305087939e-02 -1.267503202e-02 -2.091587894e-02 -6.270179152e-02 -2.340673655e-02 -3.476430103e-02 -2.400008030e-02 3.999101371e-02 -3.623596206e-02 6.400902569e-02 -2.999905124e-02 1.170804631e-02 -2.267272770e-02 -3.907334059e-02 -8.474424481e-03 -2.952088416e-02 7.739865035e-02 -2.221544459e-02 -2.314262278e-02 3.872608393e-02 2.673264965e-02 -1.514178235e-02 -5.744846165e-02 5.451308936e-02 3.179132566e-02 -2.813774161e-02 -8.037055843e-03 -1.146921050e-02 -6.933891028e-02 -5.998602882e-02 1.350811776e-02 -8.073673397e-02 -4.851988330e-02 -3.404083848e-02
1.335337479e-02 -2.511663362e-02 2.524419129e-02 3.634037077e-02 3.410796868e-03 2.243324928e-02 5.679276213e-02 -2.483970858e-02 4.975617677e-02 -2.032920532e-02 8.236633241e-02 1.038389839e-02 8.082314581e-02 1.646733098e-02 4.192694556e-03 -6.699293107e-02 -3.523699939e-02 -3.216635808e-02 5.427424610e-02 -7.427412551e-03 -2.152928337e-02 3.639822826e-03 -5.271116737e-03 -1.323927287e-02 -3.180095460e-03 -4.903912079e-03 1.781049930e-02 3.899900615e-02 4.923158512e-02 8.028656989e-02 5.439703912e-02 -5.770788528e-03 1.976161450e-02 -1.469190605e-02 8.307243884e-02 1.326798555e-02 -8.244165033e-02 -5.135151092e-03 -3.519101813e-02 -3.667297214e-02 4.719958082e-02 2.187193744e-02 7.646006346e-02 -7.166111469e-02 4.248528555e-02 1.878432371e-02 3.633670509e-02 -4.991741106e-02 4.261513054e-02 1.796998270e-02 -3.154879063e-02 5.245943367e-02 2.762289718e-02 6.012114137e-02 -2.279975917e-03 4.237009957e-02 6.186854839e-02 5.395982787e-02 -3.107022494e-02 7.390748709e-02 4.240278527e-02 -2.053400688e-02 2.727295086e-02 5.755331367e-02 -3.237674385e-02 5.033561215e-02 -4.451523721e-02 -3.722038865e-02 3.612207249e-02 7.253978401e-03 8.727456629e-02 -2.568771318e-02 -3.147737356e-03 -5.621904973e-03 -7.938148454e-03 -5.205923691e-02 2.384705469e-02 2.278923243e-02 1.798483916e-02 -3.324468434e-02 5.428581312e-02 4.456461221e-02 4.589606449e-02 -1.659428887e-02 1.364824548e-02 4.877018183e-02 -3.115921654e-02 -2.397562377e-02 3.410965437e-03 -5.343915895e-02 2.122040093e-02 -1.812099479e-02 -3.700429946e-02 3.839506209e-02 2.338000573e-02 -2.790930495e-02 -6.051647663e-02 -7.920181006e-02 -4.204799235e-02 -8.525609970e-02 1.305279415e-02 -6.612154841e-02 -2.336329408e-02 -4.801928252e-02 5.892028287e-02 2.604497038e-02 2.767083794e-02 8.335362375e-02 6.726361066e-02 2.125151455e-02 -3.477605805e-02 8.423744142e-02 2.807939984e-02 3.721830994e-02 -3.683297336e-02 -6.106027588e-02 1.976278424e-02 3.813934699e-02 -2.110324334e-03 -1.050028671e-02 8.272866905e-02 7.615478337e-02 -3.659926879e-04 -2.043420449e-02 1.129166782e-02 2.539894357e-02 4.410577938e-02 -8.287379891e-02
8.425784856e-02 2.634334005e-02 -5.292410403e-02 5.996702984e-02 6.773924828e-02 6.892754138e-02 3.902201727e-02 -3.720125183e-02 -3.069958463e-02 6.700149924e-02 -2.501821145e-02 1.146130846e-03 -4.235201702e-02 -3.712783381e-02 4.092957452e-02 4.383776709e-02 -5.986021832e-03 4.138270393e-02 -7.417099178e-02 -8.727522939e-02 -6.826126575e-02 3.354095668e-02 -6.767321378e-02 1.512508094e-02 -1.355073880e-03 -9.748544544e-03 8.117436618e-02 5.526824668e-02 -6.946218014e-02 -8.324411511e-02 4.569128156e-02 5.112926662e-02 -6.717322767e-02 2.149512433e-02 1.477426104e-02 3.260475025e-02 1.356478408e-02 6.420521438e-02 7.186876237e-02 3.368097916e-02 7.543865591e-02 2.468523942e-02 -2.948567085e-02 -1.254278608e-02 4.250195622e-02 -6.130390614e-02 -4.072331637e-02 -3.057968803e-02 -3.111059079e-03 -3.695646301e-03 -7.692871243e-02 3.310806677e-02 2.793680690e-02 5.723210052e-02 6.238291971e-03 1.528893784e-02 8.685113490e-02 8.835928887e-02 -6.884311140e-02 1.939952932e-02 -7.702731341e-02 -7.397143543e-02 4.968506470e-02 -5.138781667e-02 2.744012745e-03 -1.050097123e-02 3.941630200e-02 -3.321150690e-02 -3.203988448e-02 8.389972895e-02 -5.538810045e-02 -7.545832545e-02 2.959391475e-02 1.099514309e-02 -8.114571869e-02 6.708280742e-02 -8.217113465e-02 3.386682644e-02 3.446575254e-02 -4.881843179e-02 2.303001843e-02 1.852007210e-02 -8.552141488e-02 8.338500746e-03 4.135234654e-02 9.067514911e-03 2.212489210e-02 2.894117683e-02 8.784578741e-02 3.917619959e-02 6.408459973e-03 -3.946145996e-02 1.217124052e-02 6.700442731e-02 -6.024034321e-02 5.978884548e-02 3.767467663e-02 -6.982094049e-02 -1.402847283e-02 -6.074701995e-02 -6.991444528e-02 5.724942312e-02 -4.289625958e-02 3.489365056e-02 7.304239273e-02 -6.386506557e-02 1.568169333e-02 -8.386358619e-02 -3.535467386e-02 5.802252144e-02 -6.217377633e-02 1.980024204e-02 8.124419302e-02 6.227478012e-02 -4.885141924e-02 -7.433710247e-02 -2.220050432e-02 3.042786382e-02 3.771789744e-02 -2.201444656e-02 6.379656494e-02 4.105637223e-02 5.157057568e-02 9.203333408e-03 8.442420512e-02 -7.121977210e-02 1.604453661e-02 6.563226134e-02
-7.620225847e-02 1.647668891e-02 -5.121730268e-02 1.397937164e-02 3.043455537e-03 -7.930783927e-02 -4.256372154e-02 -2.921168506e-02 -1.495902240e-02 -7.256678492e-02 -2.072928473e-02 -3.421910852e-02 -8.556599170e-02 -5.549612269e-02 -6.039026007e-02 7.588614523e-02 1.420438290e-02 -5.817449465e-02 8.754163980e-02 -2.486771531e-02 -3.374231234e-02 6.479679793e-02 -5.373512395e-03 3.766663745e-02 -8.647236973e-03 -4.626880866e-03 6.970260292e-02 -2.779776417e-02 6.228967011e-02 7.568085194e-02 -7.219670713e-02 -6.088755094e-03 -7.503980398e-02 3.296798095e-02 -6.789585203e-02 -5.619713105e-03 -6.978853047e-02 5.616482720e-02 4.159563035e-02 3.310977295e-02 2.573611960e-02 -3.702779766e-03 -7.464434206e-02 -6.838152558e-02 -6.498786062e-02 5.009663850e-02 -5.589469522e-02 -5.198629200e-02 4.213420302e-02 -7.154480368e-02 6.607174128e-02 -6.980093569e-02 -5.611741170e-02 -1.252332423e-02 -1.212876663e-02 7.207363099e-02 -5.067452323e-03 2.864667587e-02 3.329345956e-02 -6.355287135e-02 3.595822677e-02 -6.962208450e-02 -6.324090064e-02 1.049147826e-02 5.872151814e-03 1.084880903e-03 6.721618026e-02 5.270536989e-03 -3.186508268e-02 8.209303766e-02 -7.098881900e-02 5.055693444e-03 8.786816150e-02 2.165419608e-02 1.472235750e-02 -7.124581933e-02 4.941659793e-02 -3.285840899e-02 -4.199117795e-02 5.619069561e-02 7.323683053e-02 7.748911530e-02 2.051033080e-02 1.400572434e-02 -4.576645046e-02 6.040794030e-02 -7.856499404e-03 -3.567772731e-02 3.878280148e-02 7.982799411e-02 -1.881327853e-02 -7.516953629e-03 2.403550548e-03 -7.829597592e-02 -6.154097244e-02 2.014001831e-02 -8.644903451e-02 9.098451119e-05 1.452764962e-02 5.193096399e-02 -3.195752949e-02 -2.848772891e-02 -1.419574302e-02 -3.391782194e-02 -6.878787186e-03 4.524464021e-05 7.152293622e-02 -7.341192663e-02 4.966479260e-03 5.634818599e-02 -1.101995725e-02 -4.417598620e-02 1.934126206e-02 8.237507939e-02 -6.569968909e-02 4.451678693e-02 -4.605362937e-02 -9.471987374e-03 -8.475271612e-02 -6.729004532e-02 6.067631021e-02 -5.274635740e-03 -2.655672841e-03 2.343958989e-02 8.053944260e-02 2.277879044e-03 -7.522741705e-02 5.991664529e-02
-6.176564842e-02 -4.977385700e-02 -2.546459902e-03 -4.935729876e-02 7.838551700e-02 6.426695734e-02 7.084634155e-02 9.986221790e-03 4.465930536e-02 -5.163266137e-02 -8.631518483e-02 7.943613082e-02 6.877111644e-02 6.316692382e-02 -5.985990167e-03 1.467516366e-02 7.128518820e-02 -7.278864831e-02 -3.740233555e-02 3.247597814e-02 7.534293085e-02 -5.455418304e-02 8.476924151e-02 -4.624806345e-02 5.370272323e-02 -2.844905853e-02 5.441700667e-02 6.956182420e-02 -6.010342762e-02 -3.838588297e-02 7.390010357e-02 8.161975443e-02 7.729700301e-03 3.351882845e-02 2.879188163e-03 1.668392494e-02 4.485912248e-02 -8.335034549e-02 -8.247505873e-03 4.096009769e-03 -6.461489946e-02 4.014759138e-02 -1.516597439e-02 -6.199356541e-02 3.147495165e-02 2.153807133e-02 -8.120619506e-02 7.370461710e-03 -2.510602400e-02 8.133524656e-02 -5.292101577e-02 6.123241410e-02 -2.701532841e-02 7.988729328e-02 -4.710498080e-02 -7.883657515e-02 -4.149187356e-02 -8.614154160e-02 1.463847514e-02 -4.536084086e-02 1.062993053e-02 -2.020929754e-02 -5.162647367e-02 7.271660119e-02 1.332492568e-02 6.310172379e-02 2.574573830e-02 4.287067801e-02 7.947018743e-02 7.703127712e-02 -3.410076350e-02 5.664108694e-02 -1.064637769e-02 7.454283535e-02 -3.927491978e-02 -7.392703742e-02 -1.432957035e-02 -5.255574826e-03 -5.538616329e-02 -5.401861295e-02 -2.734949067e-02 2.541349502e-03 -8.496321738e-02 2.904101089e-02 -7.905037701e-02 8.512701094e-02 -2.988782525e-02 -4.869481549e-02 -3.008286096e-02 7.674179971e-02 -6.623344123e-02 1.949809119e-02 3.384665772e-02 -3.934055194e-02 -9.600114077e-03 -3.848418221e-02 -3.103362955e-02 5.198268965e-02 6.529352069e-02 3.341116384e-02 -4.140744358e-02 3.403734043e-02 4.794725403e-02 -8.575524203e-03 9.304665029e-03 8.512876928e-02 -5.479894206e-02 -6.264003366e-02 7.673032582e-02 3.074559849e-03 -4.143285751e-02 -6.032123417e-02 -7.592636347e-02 -7.621744275e-02 -8.285486698e-02 -4.255603999e-02 1.800682954e-02 -6.242104992e-02 8.572545648e-02 2.928760275e-02 -2.023169957e-02 8.042768389e-02 3.620021045e-02 5.454010889e-02 -8.739100397e-02 1.410629693e-02 8.046839386e-02 -4.489023983e-02
5.708964542e-02 -1.199300122e-02 -6.770114601e-02 -8.129810914e-03 2.350495011e-02 6.696523726e-02 -3.368477151e-02 6.177232787e-02 8.437467366e-02 6.851518061e-03 1.738284528e-02 -4.473349452e-02 -1.490816195e-02 -4.475848749e-02 2.425752394e-02 3.350353986e-02 -9.282642975e-03 -4.059737176e-02 2.320858417e-03 4.167075828e-02 -7.511644810e-02 -5.680770427e-02 -2.368836105e-02 -8.176527172e-02 -6.427060068e-02 5.247633532e-02 -4.385291040e-02 -4.481766373e-02 -8.285512775e-02 2.201160230e-02 7.119666785e-03 -2.535134926e-02 -7.900151610e-02 -7.225076854e-02 -8.076136932e-03 -3.683432192e-02 1.456263196e-02 -4.609664902e-02 -1.236457843e-02 -2.824582718e-02 -7.772919536e-02 -5.501848459e-02 6.835136563e-02 1.299465261e-02 -5.019129068e-02 -4.124898463e-02 -8.504626155e-02 2.779245377e-02 7.956204563e-02 -8.678831160e-02 -8.700261265e-02 5.578939244e-02 7.060188800e-02 -2.070969716e-02 -8.090436459e-02 -7.866756618e-02 6.484015286e-02 2.502032928e-02 -5.248790234e-02 -3.239716589e-02 -5.473444611e-02 3.998291120e-02 4.049880058e-02 -5.622454733e-02 -1.254753768e-02 1.129179355e-02 6.992769241e-02 1.731455699e-02 2.511847764e-02 1.804666966e-02 -7.642245293e-02 8.213257045e-02 -7.554546744e-02 3.099030256e-02 -8.415716887e-02 -5.761821941e-02 1.169501222e-03 2.844603546e-02 7.476982474e-02 -4.549051449e-02 2.883514576e-02 6.735979021e-02 4.908230156e-02 1.486906037e-02 9.998454712e-03 -2.463453822e-02 1.882954687e-02 -8.177541895e-04 7.597444206e-02 -1.792351529e-02 -8.674874698e-05 6.480365247e-02 -6.786188483e-02 3.247627616e-02 -6.935761869e-02 -5.671822652e-02 -4.659854621e-02 6.484635174e-02 -4.690638743e-03 7.975859940e-02 5.427387729e-02 -2.229645103e-02 1.104353834e-02 -1.475716010e-02 -6.801100075e-02 7.410226017e-02 -8.396589756e-02 -8.466871083e-02 3.133367375e-02 3.614610434e-02 -3.518753871e-02 4.683275521e-02 4.995368794e-02 2.283626795e-02 7.624943554e-02 -2.287013270e-02 -1.335643046e-02 -4.656155035e-02 -6.368346512e-03 -3.298956156e-02 -2.130978368e-02 -4.583631828e-02 -4.518972337e-02 -7.383685093e-03 1.773138996e-03 -8.169764280e-02 4.573591426e-02 -2.634073608e-02
-8.686095476e-02 -5.157937482e-02 5.863146856e-02 -7.136915624e-02 -6.645622104e-02 -4.502395913e-02 -5.156114697e-02 -8.614886552e-02 -2.450666390e-02 -5.598249845e-03 7.693962008e-02 2.927059680e-02 -4.640236124e-02 -2.870564908e-02 -6.643851846e-02 3.980923444e-02 2.387717925e-02 5.640293658e-02 1.758701541e-02 4.853937775e-02 7.955098152e-02 -3.373854997e-05 2.047422156e-02 2.007087693e-02 -3.362689540e-02 6.411018968e-02 -5.674905702e-02 -2.627013018e-04 -1.285957266e-02 4.465014860e-02 -8.719328046e-02 -3.393187001e-02 8.244454116e-02 -1.539389417e-02 6.684727967e-02 -2.309431322e-02 -5.634516105e-02 -4.301146045e-02 9.066713974e-03 -2.725609206e-02 4.007635266e-02 -2.921256050e-02 -2.567903139e-02 -4.917149618e-02 -6.835625321e-02 5.388390273e-02 3.193125129e-02 -3.290142119e-02 5.979727209e-02 -9.175969288e-03 -3.904987499e-02 8.337932080e-02 -6.859770417e-02 8.596617728e-02 1.291832537e-03 5.098968744e-02 2.528862469e-02 4.629660398e-02 -5.343130976e-02 8.778930455e-02 9.734647349e-03 -2.618904971e-02 -8.519472182e-02 -4.987534508e-02 2.092838660e-02 3.523519635e-02 2.620025165e-02 2.478217706e-02 4.317621142e-02 5.100063514e-03 2.370977215e-02 8.420043439e-02 1.024477091e-02 -2.452655695e-02 5.970575288e-02 -2.433975227e-02 2.139701694e-02 -3.933141753e-02 3.584862128e-02 -3.070986830e-02 8.813907206e-02 1.743699424e-03 -4.404538497e-02 -4.011829942e-02 8.572217822e-02 -4.847920034e-03 3.247202933e-02 -3.150442988e-02 1.099787187e-02 8.414358646e-02 1.405503601e-02 7.904498279e-02 1.203690749e-02 3.311969712e-02 8.419371396e-02 7.987932861e-02 1.934110373e-02 3.843693435e-02 2.484467067e-02 4.764688388e-02 5.479431525e-02 7.168085128e-02 -7.740089670e-03 -2.370229177e-02 -8.322140574e-02 -7.048923522e-02 1.518127322e-02 6.168897077e-02 1.429979317e-02 7.993129641e-02 1.657547988e-02 4.048587382e-02 -8.664148860e-03 8.140972257e-02 6.924495101e-03 -1.890617982e-02 -5.191847682e-02 5.651798472e-02 8.070866019e-02 -8.031564206e-02 -7.748669386e-02 7.991004735e-02 -8.811058104e-02 9.954568930e-03 2.162375720e-03 4.924175516e-02 -3.387225047e-02 3.677617013e-02
8.711107820e-02 1.493746415e-02 6.819855422e-03 -7.878684998e-02 1.293027401e-02 2.388938144e-02 3.080839664e-02 3.904577717e-02 -4.101366550e-02 -5.429266393e-02 -1.156356744e-02 -1.880112849e-02 -4.633038491e-02 -7.268314809e-02 -6.332038343e-02 -1.017928589e-02 3.425379691e-04 3.543372825e-02 7.057097554e-02 -7.828882081e-04 1.817340404e-02 -7.791305333e-02 -6.060592458e-02 7.244154066e-02 1.365136355e-02 2.676089853e-02 1.889905706e-02 -4.883146286e-02 -1.764943451e-02 7.707444578e-02 -3.645098582e-02 4.511144757e-02 -3.277872130e-02 -4.362459108e-02 -2.700354904e-02 -5.518377572e-02 -2.395554073e-02 -3.242526576e-02 -4.332868755e-02 -6.989697367e-02 -2.673529461e-02 -4.191964492e-02 -3.329073265e-02 -5.543735996e-02 -1.610083319e-02 -3.037059680e-02 -2.370564267e-02 -5.458575208e-03 -6.873384118e-02 4.190716892e-02 -1.040629949e-02 -4.384770617e-02 3.605495393e-02 7.404189557e-02 1.323839836e-02 3.291647648e-03 -2.521849237e-02 1.943280548e-02 4.677512869e-02 4.289028794e-02 -3.661760362e-03 -5.793437362e-02 -8.121926337e-02 4.566112533e-02 4.985199869e-02 8.683197945e-02 3.694628552e-02 -7.775146514e-02 -6.874277256e-03 8.426872641e-02 3.504194319e-03 6.701830029e-02 -8.376417309e-02 -3.795778751e-02 4.647971317e-02 -5.052269250e-02 2.664418332e-02 -8.797037601e-02 5.438840017e-02 7.486808114e-03 2.491319180e-02 4.651431367e-02 -9.385786834e-04 -8.177086711e-02 8.060288429e-02 5.227307230e-02 -2.435588278e-02 -1.024043001e-02 1.277365629e-02 -4.318109900e-02 -9.981310926e-03 -8.427516371e-02 -1.947794482e-02 -1.444989908e-02 1.958837966e-03 4.265084863e-02 5.495941639e-02 5.732792988e-02 -8.587639034e-02 5.474160984e-02 7.138834894e-02 -7.119071484e-02 4.873918369e-02 -2.606049180e-02 -3.606963158e-02 5.247385800e-02 -3.087739274e-02 1.174109988e-02 4.028366134e-02 -1.323810406e-02 -6.542974710e-02 3.198819235e-03 1.910913922e-02 -6.718496978e-02 1.050721947e-02 3.904446959e-02 2.073018067e-02 4.327178746e-02 5.338880420e-02 7.518288493e-02 5.010399222e-02 -4.532689229e-02 -3.192839772e-02 3.229878470e-02 -1.098917983e-02 -7.598891109e-02 -8.816963434e-02 2.192068147e-03
-8.300340921e-02 -2.222337946e-02 6.788145751e-02 -1.328820549e-02 -7.388392836e-02 -8.353860676e-02 -4.782105610e-02 6.537317485e-02 -5.651526526e-02 3.727100417e-02 -8.666240424e-02 -7.165813446e-02 3.245389462e-02 -2.340894938e-02 5.906901881e-02 -5.864646286e-02 8.788193017e-02 1.910182647e-02 -6.333461404e-02 -1.413247082e-03 4.518222064e-02 -6.289499253e-02 -3.321223333e-02 1.877505146e-02 -2.143172547e-02 3.079500608e-02 -7.449811697e-02 1.320075057e-02 -1.375565678e-02 7.572071161e-03 3.552036360e-02 1.805895567e-02 6.608013809e-02 -2.124848031e-02 3.650145605e-02 2.957603335e-02 -6.496210396e-02 8.363754302e-02 -2.160976268e-02 3.208641708e-02 3.228900582e-02 1.511566155e-02 -8.155544847e-02 -4.417411110e-04 4.303648323e-02 -5.511490628e-02 3.373074532e-02 -8.509452641e-02 6.187709421e-02 7.316155732e-02 -2.863239869e-02 -4.864989780e-03 -3.286305582e-03 -4.774114490e-02 -8.029172570e-02 1.669225842e-02 2.027822845e-02 -1.387615409e-02 3.886937350e-02 -2.508581430e-02 -7.690966129e-02 6.851138920e-02 4.373810254e-03 6.082953513e-02 -7.825936377e-02 3.659519181e-02 8.030934632e-02 -4.349151254e-02 -3.467002884e-02 -7.638222724e-02 1.481340546e-02 3.748270869e-02 -4.785005376e-02 -8.557357639e-02 2.732919529e-02 -2.555068396e-02 6.110121310e-02 -6.997336447e-02 -6.882245094e-02 -5.584245548e-02 -2.780755237e-02 -3.114252724e-02 7.074140012e-02 3.071317635e-02 -9.584540501e-03 -5.855300277e-02 -3.559585661e-02 1.560757868e-02 -4.054569080e-02 -1.586133381e-03 -8.751017600e-02 3.627738357e-02 2.409282373e-03 -5.984192714e-02 -1.832846366e-02 4.520113394e-02 8.493639529e-02 7.373466343e-02 -4.603002593e-02 -2.020174265e-02 -8.137369156e-02 -5.101949722e-02 5.934582651e-02 -4.717492312e-02 -2.415845729e-02 7.483337075e-02 4.456337914e-02 -2.598282509e-02 -6.282461807e-03 2.566244639e-02 -5.463133380e-02 1.319811679e-02 2.133150026e-02 -4.397619888e-02 4.691939801e-02 -2.685047127e-02 -7.800477743e-02 5.154958740e-02 2.324196324e-02 -2.733929083e-02 -5.006651580e-02 -4.890803620e-02 5.262478441e-02 -8.285962045e-02 2.205056697e-02 -7.771863043e-02 7.708874345e-02 -2.630005358e-03
-1.144247968e-02 2.939011343e-02 3.203926608e-02 -3.487662226e-02 4.271899350e-03 -2.087081410e-02 5.661515519e-02 8.464266360e-02 -4.849579558e-02 -5.905061960e-02 5.957704410e-02 4.214045033e-02 -1.436334010e-02 2.014816366e-02 -6.478583813e-02 -2.902903035e-02 -3.397457302e-03 7.682063617e-03 6.177337095e-02 -4.621370230e-03 -1.329441182e-02 5.197218433e-02 -5.376726016e-02 -7.093818486e-02 6.909132935e-04 -6.556311995e-02 -1.428884547e-02 2.361770347e-02 -2.935058065e-02 7.991639525e-02 -1.681924798e-02 -7.162925601e-02 -1.079198532e-02 2.834118344e-02 5.910983682e-02 2.233584784e-02 -5.507589877e-02 3.778377548e-02 5.485633388e-03 -3.313513473e-02 -3.777165711e-02 -5.979766324e-02 -4.951944947e-02 4.816103354e-02 2.658939338e-04 7.483499497e-02 1.850989461e-02 -7.314948738e-02 -5.192174390e-02 8.101467043e-03 -5.457506701e-02 -5.592260882e-02 1.636986807e-02 -5.678830296e-02 5.813377909e-03 7.155507058e-02 -4.469596222e-02 -3.034798615e-02 4.931587726e-02 2.318544500e-02 -6.014623865e-02 6.486375630e-02 -2.023438551e-02 -1.460016333e-02 -3.606913611e-02 7.385423034e-02 6.327170879e-02 -5.877323076e-02 9.078030474e-03 -4.326203093e-02 3.456839174e-02 -5.929323845e-03 -1.676821895e-02 -5.929093063e-02 -4.488885775e-02 -6.956642866e-02 2.994075231e-02 -8.970240131e-03 2.036644146e-02 -2.693745121e-02 3.561440157e-03 -7.983256876e-02 -3.428611159e-02 8.091988415e-02 8.442965895e-02 -6.410497427e-02 3.894936666e-02 4.802304506e-02 -2.688124962e-02 4.455387592e-02 6.536790729e-02 -1.259697601e-02 -7.744013518e-02 -6.224779785e-02 5.016470701e-02 6.628385931e-02 -2.963623032e-02 -6.377593428e-02 3.266056255e-02 3.022148088e-02 -4.920797423e-02 4.193118215e-02 -3.468969092e-02 -8.494723588e-02 4.391084984e-02 1.530077029e-02 -6.166252494e-02 -3.019649908e-02 -1.284630690e-02 2.312985249e-02 -8.266648650e-02 -2.677800076e-04 3.174599633e-02 -7.429782301e-02 -1.473096572e-02 5.708878115e-02 7.773491740e-02 7.594650239e-02 -6.426635664e-03 -3.348926455e-02 1.202176698e-02 -4.088833183e-02 -7.641285658e-02 -2.333602495e-02 -8.264081925e-02 -5.429090187e-02 -4.301253334e-02 -4.591814801e-02
-3.829585761e-02 5.338508263e-02 3.680035099e-02 -5.720401928e-02 -7.476670295e-02 1.184109412e-02 -7.155583054e-02 -7.200462371e-02 5.950007588e-02 -4.268766567e-02 -7.521630079e-02 5.761695281e-02 -2.730968222e-02 -6.755497307e-02 -3.224619478e-02 -3.837083653e-02 2.478460222e-02 -5.704675987e-02 -3.156081215e-02 1.328112464e-02 -1.112419646e-02 -6.672430038e-02 -4.871519282e-02 -5.909423158e-02 -6.501579285e-02 8.041331917e-02 4.002035037e-02 2.003869787e-02 -3.913185373e-02 3.876417503e-02 -6.546811014e-02 4.584549740e-02 4.889445379e-02 5.311573297e-02 -4.357158020e-02 -8.144923300e-02 1.266758237e-02 -6.070275605e-02 -1.538431551e-02 -1.775621437e-02 -8.228103817e-02 1.516341418e-02 5.906846002e-02 6.038843468e-02 -4.785124585e-02 5.474899709e-02 -2.065757103e-02 1.871562330e-03 2.161050029e-02 -4.046454653e-02 -5.536136031e-02 4.352201521e-02 -6.222824007e-02 -5.318234488e-02 -2.639712952e-02 -8.083915710e-02 7.184240967e-02 7.031357288e-02 1.691653207e-02 3.199640289e-02 -8.477674425e-02 3.430338204e-02 4.781982303e-02 -5.018105730e-02 -7.156574726e-02 -3.116774186e-02 7.711854577e-02 8.525379002e-02 3.534961434e-04 -8.063208312e-03 -2.606416866e-02 -5.838391953e-04 -2.681487799e-02 4.802458361e-02 -8.434957266e-02 -1.324531063e-02 1.635308191e-02 5.045106262e-02 3.065049462e-02 -1.526868623e-02 2.082679048e-02 -4.015527293e-02 -7.779125124e-02 6.738001853e-02 8.816075325e-02 8.657768369e-02 -7.359655201e-02 8.744291030e-03 4.514976963e-02 5.777573213e-02 4.884019867e-02 -2.626430430e-02 -3.690584376e-02 4.744517058e-02 2.314919792e-02 8.654385060e-02 -6.672899326e-05 -2.201186493e-02 1.539397798e-02 5.254063010e-02 6.182652712e-02 3.673912212e-02 8.486965299e-02 -6.673863530e-02 -3.442480695e-03 -4.637157544e-02 1.156837214e-02 7.775145350e-04 1.098162495e-02 4.051990435e-02 3.639339283e-02 5.118913949e-03 -1.703197323e-02 3.435079753e-02 1.259320416e-02 4.161494225e-02 -1.452867128e-02 -1.509913988e-02 -4.395104945e-02 -5.324762315e-02 3.043829463e-02 -5.583278090e-02 -2.641817089e-03 -1.437621564e-02 -1.542740036e-02 2.786367014e-02 -3.697887436e-02 -1.863058284e-02
4.188048188e-03 -8.462463319e-02 3.924553096e-02 -1.067263540e-03 -5.051608384e-02 -1.847693510e-02 -6.669490784e-02 -1.989796944e-02 -1.106602326e-02 -7.025938481e-02 3.881950304e-02 -5.662365817e-03 5.109009333e-03 -2.810367569e-02 -4.822074622e-02 -2.403939329e-02 -2.211495675e-02 6.340245251e-03 -1.296534017e-02 6.765433121e-03 5.500192195e-02 2.076046169e-02 2.096957341e-02 -5.095350370e-02 1.534560416e-02 4.302081466e-02 -7.052538544e-02 2.859696373e-02 6.455667317e-02 6.546583772e-02 3.416876541e-03 -1.430057269e-02 7.627104060e-04 -7.935024798e-02 7.785578817e-02 -6.128855422e-02 -1.349712722e-02 -1.890049130e-02 9.416543879e-03 7.966201752e-02 8.445615321e-02 5.140305310e-02 5.274762399e-03 4.176878836e-03 -5.731126294e-02 6.188594550e-02 -5.983462557e-02 -1.893024705e-02 2.514685318e-02 5.120297149e-02 -6.023574620e-02 1.791076735e-02 7.673493028e-02 -1.251850929e-02 -1.102969330e-02 -1.385529153e-02 -3.246571869e-02 5.218938924e-03 -7.053782791e-02 1.658218168e-02 -6.423818320e-02 8.669688553e-02 4.655933753e-02 -1.671568304e-02 -4.365580156e-02 -3.970386833e-02 -7.090888917e-02 4.492474720e-02 -4.955728725e-02 -1.910701022e-02 -6.357801706e-02 -3.704125062e-02 -1.727210544e-02 7.315414399e-02 -1.462860219e-02 1.041090349e-03 -1.361688785e-02 -6.738817319e-03 1.978544705e-02 7.735250145e-02 -4.698664322e-02 -7.703274488e-02 3.481652960e-02 -4.620372504e-02 -4.584228247e-02 -9.530687705e-03 1.974737830e-02 2.354369313e-02 7.995428890e-02 -7.033339702e-03 1.068632305e-02 -2.261391282e-02 1.456768904e-02 7.712009363e-03 -6.518889964e-02 8.727066219e-02 5.241507292e-02 -7.381884754e-02 -8.060582727e-02 -8.557388186e-02 8.545938134e-02 -7.647587359e-02 -8.717808872e-02 -8.023579419e-02 -5.003421102e-03 8.181917667e-02 4.544834793e-02 4.760694131e-02 -1.968633942e-02 -7.793425024e-02 2.666514181e-02 1.526555698e-02 2.100097388e-02 2.425821871e-02 -4.807459190e-03 4.893875867e-02 6.153138354e-02 -6.428732723e-02 2.178552561e-02 4.257612303e-02 -2.508384362e-02 7.960141450e-02 5.040473118e-02 6.467960775e-02 5.831437651e-03 -2.849769546e-03 7.132323831e-02 -5.552624911e-02
prior.2.bias 1 32
-5.025912449e-02 5.988202989e-02 -3.696854785e-02 -5.175648630e-02 7.234561443e-02 6.877562404e-02 -5.887624994e-02 -1.181751210e-02 -4.211449996e-02 3.584879264e-02 -5.613699928e-02 -3.824315220e-02 -8.037576824e-02 4.179782048e-02 8.462341875e-02 -3.414589167e-02 6.946618110e-02 -2.857150696e-02 -2.237176895e-02 4.445155337e-02 -4.841358960e-02 2.645641938e-02 -5.851171911e-02 5.066767707e-02 8.612953871e-02 -7.938446105e-02 -5.500145629e-02 -1.388639584e-02 7.232873142e-02 2.422147663e-03 3.097683750e-02 6.878402084e-02
reward.0.weight 128 80
3.597332165e-02 2.764658444e-02 1.637198590e-02 -7.811726630e-02 -1.386512257e-02 9.102622420e-02 -6.791830808e-02 7.724392414e-02 -3.885458410e-02 -4.689120874e-02 1.390252076e-02 9.533190727e-02 -5.345210433e-02 7.955370843e-02 -8.471548557e-02 -4.567968100e-02 -4.602890089e-02 2.634747699e-02 4.116536677e-02 -1.296011079e-02 1.103031039e-01 5.916100927e-03 9.720498323e-02 1.162950974e-02 4.638343677e-02 4.731777310e-02 3.249002248e-02 -9.262402356e-02 -1.927274652e-02 -8.214292675e-02 -7.492599636e-02 -6.434325874e-02 -7.098788023e-02 -4.150000587e-02 9.260156751e-02 2.563028410e-02 8.593545854e-02 -2.046521567e-02 -7.135415822e-02 -1.474783570e-02 -4.928269237e-02 1.697858423e-02 4.512020946e-02 -5.415401235e-02 4.808570258e-03 4.804785177e-02 -7.212528959e-03 1.478676684e-02 3.790164366e-03 7.965481491e-04 7.395706326e-02 2.967173466e-03 -4.769625887e-02 -3.524563834e-02 -9.972044080e-02 6.431534886e-02 -8.987469971e-02 -2.885831334e-02 1.375632547e-02 -7.236931473e-02 -1.080669165e-01 -7.172930241e-02 -3.932841867e-02 8.030363172e-02 -8.771128207e-02 -6.713027507e-02 -1.001044512e-01 9.671097994e-02 3.296639025e-02 7.128865272e-02 1.208299492e-02 1.090728492e-01 -3.495915234e-02 -6.603787094e-02 4.662374407e-02 7.668480277e-03 1.922413893e-02 -7.807031274e-02 -8.309476078e-02 -5.918287858e-02
-2.850350924e-02 1.819692366e-02 -6.317277998e-02 -3.437237442e-02 -8.937425911e-02 3.920830786e-02 9.946665168e-02 -8.514252305e-02 8.649835736e-02 -6.215666234e-02 -3.128294274e-02 -1.582873636e-03 3.414695710e-02 -9.294743091e-02 8.727692813e-02 3.344231844e-02 -9.933199733e-02 -1.008443013e-01 4.892366379e-02 -9.423565120e-02 -3.777422709e-03 9.028870612e-02 8.116006851e-02 1.114385277e-01 5.854716152e-02 -8.295653015e-02 1.061411425e-01 -9.474631399e-02 -8.781304210e-02 8.025427908e-02 -7.333712280e-02 -1.032714471e-01 -2.682949789e-02 -6.494232267e-02 3.681827709e-02 -6.875975430e-02 7.848399878e-02 8.693818003e-02 4.967666790e-02 7.552395761e-02 9.246349335e-02 4.005894065e-02 2.681664936e-02 -1.096693948e-01 -9.920372814e-02 3.459797800e-02 -5.300310999e-02 5.157236382e-02 6.289326400e-02 6.996389013e-03 5.136168748e-02 5.310886726e-02 -6.807123125e-02 4.745731503e-02 -1.350074820e-02 -6.580236554e-02 -1.096429676e-01 3.181189299e-02 -5.144930631e-02 2.980064228e-02 7.237869501e-02 -2.090242878e-02 -6.005747616e-02 -1.882831007e-02 -6.149356812e-02 -1.508980617e-02 -2.770009637e-02 -1.072196588e-01 6.015117094e-02 6.350876391e-02 -8.827705681e-02 9.476409107e-02 -9.846512973e-02 -6.331129372e-02 3.325863183e-02 1.916800067e-02 6.836076826e-02 -2.990770712e-02 8.351717889e-02 -9.316278249e-02
6.104625389e-02 4.117278755e-02 3.835428879e-02 -6.587722898e-02 3.160789236e-02 -5.652735382e-02 -5.590396374e-02 5.769838020e-02 2.496736310e-02 9.167689830e-02 1.078666896e-01 1.086663753e-01 -1.048564389e-01 4.590289667e-02 5.285792984e-03 -6.185417250e-02 8.465614915e-02 -8.739835769e-02 -9.906412102e-03 -4.125337116e-03 -4.017566796e-03 -1.097001284e-01 1.979089901e-02 -3.251019865e-02 -6.915221363e-02 -3.968391567e-02 7.492269576e-02 1.062209234e-01 -2.368699387e-02 -1.101343613e-02 6.168321520e-02 -5.137372296e-03 1.110106707e-02 -1.019288376e-01 4.114629328e-02 -9.806840867e-02 5.719830096e-02 8.981338888e-02 5.473084748e-02 8.113444597e-02 -2.740780078e-02 2.046085708e-02 -4.270665720e-02 -4.362234101e-02 5.026054010e-02 -1.082038879e-01 1.687963679e-02 -5.124524236e-03 -4.842207581e-02 -1.744302455e-03 9.315412492e-02 7.103236765e-02 4.998879507e-02 2.888698131e-03 1.760030910e-02 -6.118749082e-02 9.846492112e-02 -6.841491163e-02 5.960682873e-03 5.620436370e-02 1.070557758e-01 -3.811503947e-02 4.142782092e-02 8.502165228e-02 9.272529185e-02 8.690015972e-02 -4.108287767e-02 9.757924825e-03 -7.067653816e-03 2.294543758e-02 -3.919683397e-02 -7.573266327e-02 9.562575817e-02 -1.050713733e-01 -1.099491641e-01 -7.339747250e-02 7.381781470e-03 1.108368486e-01 -5.712714046e-02 -3.380188346e-02
7.437089831e-02 7.699880749e-03 -2.314415760e-02 4.143117741e-02 -1.840971783e-02 1.091920584e-01 4.487362877e-02 -4.152794182e-02 -6.457184255e-02 1.194391679e-02 -1.477567758e-02 -7.369411737e-02 7.329662144e-02 -1.531311683e-02 -3.758719563e-02 9.448382072e-03 -1.008134335e-01 9.922918677e-02 7.512468845e-02 4.120765626e-02 8.028509468e-02 -3.485931456e-02 1.126065664e-02 -6.948329508e-02 7.076834142e-02 1.075595468e-01 -7.249182463e-02 -4.182939231e-02 5.181354657e-02 7.561475039e-02 -8.484721929e-02 1.122617722e-02 -6.927739084e-02 4.388615862e-02 -7.189965993e-02 6.938521564e-02 3.501449153e-02 4.522596672e-02 2.513219044e-02 1.068088338e-01 8.111117780e-02 5.225135759e-02 -7.181254774e-02 -1.110250950e-01 7.283050567e-02 5.047968123e-03 -8.558121324e-02 -9.345883876e-02 -8.679650724e-02 -3.880674765e-02 3.089087456e-02 -6.723131239e-02 1.039377451e-01 -4.941195995e-02 8.659350872e-02 5.203601718e-02 3.377911821e-02 -2.959102020e-02 2.410265431e-02 1.042369530e-01 -9.617705643e-02 -9.849350899e-02 8.766756952e-02 -4.852750152e-02 -6.589780748e-02 -7.166337222e-02 -4.096204787e-02 -3.728423640e-02 -8.607837372e-03 -6.731083244e-02 5.221590772e-02 -3.125299513e-02 -2.852452733e-02 -4.831802472e-02 -8.701577783e-02 -1.080940515e-01 -6.823980808e-02 6.523980200e-02 6.970256567e-02 2.699060738e-02
8.998925239e-02 1.106217802e-01 3.644687682e-02 1.055531204e-01 2.944721095e-02 -7.427527010e-02 8.465950191e-02 -4.012050107e-02 -4.090721533e-02 -1.777723804e-02 4.490845650e-02 7.260137051e-02 1.073505878e-01 -4.019254074e-02 7.704742998e-02 9.090607613e-02 2.668468840e-02 -5.218915641e-02 -6.863423437e-02 3.582191467e-02 -1.504245121e-02 -5.184515938e-02 6.734891981e-02 3.456455097e-02 1.725660637e-02 -5.792290345e-02 6.747015566e-02 4.584270716e-02 1.057417542e-01 9.525806457e-02 -6.003612652e-03 6.731666625e-02 8.188981563e-02 3.455338301e-03 -9.194969386e-02 7.937852293e-02 8.084477484e-02 -3.324605152e-02 8.469938487e-02 7.126354426e-02 3.500401601e-02 -9.037387371e-02 2.850566804e-02 -4.776060581e-02 7.813074440e-02 -1.066309735e-01 1.315813791e-02 7.174754888e-02 1.097061262e-01 -3.673651069e-02 -8.858253807e-02 1.286418876e-03 1.013283730e-01 4.719276726e-02 4.871198907e-03 8.521009982e-02 8.765643835e-02 -1.044596806e-01 7.847963274e-02 2.387946472e-02 -5.858678371e-02 2.595354058e-02 1.198307495e-03 4.605856910e-02 -1.004597321e-01 -9.636907279e-02 6.799574196e-02 -3.024457209e-02 4.964714497e-02 -1.549830940e-02 -4.975397140e-03 -9.344873577e-02 -3.249708563e-02 -1.076501533e-01 -9.561367333e-02 -7.540411316e-03 4.248219728e-02 -9.844321012e-02 6.906773895e-02 -2.365677990e-02
4.843420535e-02 -6.706360728e-02 -9.983341396e-02 -1.220160071e-02 -4.218097404e-02 5.315135792e-02 -4.342936724e-02 -4.897714779e-02 -1.001611445e-02 3.998373076e-02 -4.441149533e-02 -9.657110274e-02 -1.047822163e-01 6.368408352e-02 -9.829609096e-02 8.339450508e-02 -7.786331326e-02 9.237195551e-02 3.207382560e-02 5.859231576e-02 -8.588667959e-02 -1.001265869e-01 8.585134894e-02 -6.414462626e-02 7.646269351e-02 1.063074991e-01 -4.606479406e-02 -1.028150842e-01 2.491330355e-02 -9.202695638e-02 -6.247220561e-02 2.102725767e-02 7.017728686e-02 -6.298939884e-02 9.478852153e-02 -9.958968312e-02 1.033450067e-01 1.518686023e-02 8.047986031e-02 -2.263299003e-02 -4.033200443e-02 1.069458872e-01 5.075823516e-02 -7.323581725e-02 -4.044526815e-02 -7.658173889e-02 6.689436734e-02 5.146834999e-02 3.028767556e-02 -2.116380259e-03 5.369492806e-03 -4.483853653e-02 -2.957045473e-02 1.615709811e-02 -9.732382745e-02 7.932774723e-02 1.808744669e-02 -1.006698087e-01 1.700809225e-02 -2.102497965e-02 1.102093980e-02 2.450306900e-02 -6.207156554e-02 -1.087219790e-01 6.706439704e-02 3.454216197e-02 -4.288271815e-02 -9.084074199e-02 -6.816038489e-02 3.272976354e-02 6.621420383e-02 8.661545813e-02 8.284498006e-02 -7.069738209e-02 -5.727259070e-02 -4.072878044e-03 2.707280032e-02 -7.955215871e-02 -6.379862130e-02 -1.058020145e-01
8.053799719e-02 6.366626173e-02 -3.466964141e-02 6.095189136e-03 -7.018779870e-03 2.476876136e-03 7.073920220e-02 -5.461133644e-02 7.981114089e-02 -2.875925973e-02 5.319274217e-02 4.870656133e-02 7.170901448e-02 7.614687085e-02 -1.877891645e-02 -2.032337897e-02 -2.298963256e-02 1.184193097e-04 -1.423382759e-02 -2.250665240e-02 1.026590839e-01 5.066788569e-02 2.852811106e-02 -8.400120586e-02 5.786852539e-02 -7.615875453e-02 -4.855782166e-02 -5.596242100e-02 -1.759240404e-02 5.020172521e-02 -8.209770545e-03 -9.233162552e-02 3.534103930e-02 7.818693668e-02 2.792949788e-03 5.954029784e-02 8.639130741e-02 -5.665951595e-02 -9.604780376e-02 6.088288128e-02 -5.247440189e-02 3.632812575e-02 -9.419353306e-02 8.696410060e-02 1.105142757e-01 -2.302981727e-02 5.447019264e-02 -1.000335962e-01 2.679463103e-02 -8.359718323e-02 9.388445318e-02 5.794049799e-02 6.262173504e-02 -5.292950198e-02 -7.269591838e-02 2.458119765e-02 6.155999750e-02 3.593422845e-02 -1.802704483e-02 6.246981770e-02 6.767910719e-02 -2.777437307e-02 4.169270024e-02 4.293894768e-02 -3.868759610e-03 -4.748338461e-02 -7.203563303e-02 9.265361587e-04 -7.717267424e-02 5.562534183e-02 -6.982362270e-02 4.298006743e-02 6.844689697e-02 -1.618494093e-02 1.040910259e-01 -1.033389717e-01 -4.140457511e-02 8.924717456e-02 8.325990289e-02 -4.813087359e-02
-1.416047104e-03 5.231094733e-02 9.569902718e-02 6.451798975e-02 -9.656345099e-02 -6.793368608e-02 5.946128815e-02 -6.656519324e-02 -6.432960927e-02 -7.606528699e-02 -5.381103978e-02 6.070944294e-02 -1.113357991e-01 1.491930056e-02 1.497423835e-02 -1.017605364e-01 -9.258507937e-02 3.621635586e-02 -1.087817922e-01 -1.057779789e-01 -5.051979795e-02 1.626698859e-02 1.468519447e-03 -1.315060817e-02 8.666854352e-03 -2.624466456e-02 -9.910542518e-02 6.289692968e-02 -8.848741651e-02 8.080597967e-02 2.703185659e-03 3.850152344e-02 -6.377419084e-02 -8.443762362e-02 -6.000853609e-03 -2.827125415e-02 -1.105575785e-01 6.703746039e-03 -6.605659425e-02 4.912834242e-02 1.774624921e-02 -3.593696281e-03 6.513210386e-02 -6.309597939e-02 -2.756546997e-02 -4.268274456e-02 -2.024399862e-02 -9.394846112e-02 9.342538565e-02 -4.031129181e-02 -8.461257815e-02 8.419475704e-02 -1.096776575e-01 -6.904777139e-02 -2.660206892e-02 -9.651491046e-02 9.473486245e-02 9.043876827e-02 9.976711869e-02 -7.013238221e-02 1.031705812e-01 4.869879410e-02 -1.614820940e-04 1.055991873e-01 8.378389478e-02 -1.078204811e-02 -7.403843105e-02 2.163662761e-02 -1.059249640e-01 -1.547727734e-03 -9.148707986e-02 -4.231274500e-02 -4.502570257e-02 -6.461458653e-02 6.164896116e-02 7.165852934e-02 7.564481348e-02 1.005219370e-01 -6.630520523e-02 7.777264714e-02
-6.211044267e-02 -1.115767658e-01 3.098302335e-02 5.313801765e-02 -8.759823442e-02 -7.447645813e-02 4.332732782e-02 7.570417970e-02 -3.331591561e-02 -4.923391156e-03 -8.905476332e-02 6.428990513e-02 7.947443426e-02 7.389848679e-02 -3.053818829e-03 6.161317602e-02 -2.141018584e-02 -3.510596231e-03 1.912721805e-02 3.597461432e-02 1.528188866e-02 -3.276127204e-02 -6.381600350e-02 7.678442448e-02 -7.636107504e-02 5.661469186e-04 -2.860364132e-02 1.043455005e-01 6.454842538e-02 3.884028271e-02 2.328175679e-02 -9.260940552e-02 -4.947258905e-02 8.456221223e-02 2.884939779e-03 1.497110631e-02 7.090531290e-02 -5.490567163e-02 -3.269618005e-02 -1.702357829e-02 -1.578224823e-02 4.808357358e-02 -2.989316545e-02 3.830590844e-02 4.775103927e-02 -9.230554104e-02 -4.383753613e-02 3.378640860e-02 4.140267149e-02 -3.257016093e-02 -7.730559260e-02 6.018499844e-03 5.430435017e-02 -7.523516566e-02 8.547841758e-02 -9.170332924e-03 9.273020178e-02 7.488474995e-02 -9.229874611e-02 -6.754632341e-04 -5.598175898e-02 -1.115570813e-01 1.272180583e-02 -1.054084376e-01 -6.259940565e-02 6.329466403e-02 8.548013866e-02 -3.625920787e-02 -1.116841659e-01 -1.278444752e-02 7.311479002e-02 5.924462900e-02 -1.115910187e-01 -1.084511280e-01 -8.243866265e-02 -1.591594145e-02 1.683076285e-02 -5.863363296e-02 8.831625432e-02 2.506309748e-02
2.422436699e-02 4.440848157e-02 -2.702015452e-02 2.248907275e-02 -5.024341494e-02 -7.835998386e-02 -3.269980475e-02 4.756852612e-02 -9.301355481e-02 3.937689215e-02 -1.059152558e-01 -7.550404966e-02 -4.138118587e-03 -8.132892847e-02 -9.217713960e-03 -8.014408499e-02 6.417211145e-02 4.363060743e-02 5.333328620e-02 -4.540504422e-03 7.687053829e-02 -7.140468806e-02 9.263106436e-02 1.482463162e-02 6.200812384e-02 4.997187108e-02 -8.160009235e-02 9.417301044e-04 -1.036397293e-01 1.963141561e-02 -6.361947954e-02 -3.205795214e-02 -9.423122555e-02 -4.845355637e-03 6.234496087e-02 1.678359509e-02 2.967663854e-02 -8.112503588e-02 9.493652731e-02 -1.467542443e-02 8.240928501e-02 -1.125030126e-02 -5.759819224e-02 9.972771630e-03 1.212781644e-03 -9.054484218e-02 -5.844953284e-02 -2.696135081e-03 5.140424240e-03 -4.484734684e-02 -4.265968874e-02 -3.555828705e-02 4.956583306e-02 -3.914184123e-02 -9.817179292e-02 -1.068205610e-01 9.214574844e-02 -5.683528632e-02 6.650487427e-03 -2.026656177e-03 -7.243905962e-02 -5.541142821e-02 4.614192247e-02 -9.130503237e-02 4.721239954e-02 4.783894867e-02 -1.358288806e-02 5.164384097e-02 -9.294229560e-03 -3.507810645e-03 -9.239574522e-02 2.496172488e-02 -8.643087745e-02 7.530913502e-02 -9.087712318e-02 -1.666886732e-02 -8.977537602e-02 -9.010870010e-02 -1.912435144e-02 2.830124274e-02
-6.195538491e-02 1.097094119e-01 7.246898115e-02 -9.520043433e-02 -8.751534671e-02 2.801261097e-02 -4.144149646e-02 5.563756451e-02 -9.651500732e-02 -5.419784784e-02 1.653777249e-02 -6.387473643e-02 3.996806964e-02 4.707688093e-02 9.212300181e-02 -1.092246845e-01 -8.155113459e-02 6.981679052e-02 -8.470705710e-03 9.657932818e-02 -8.597279340e-02 -6.961543858e-02 -1.228599343e-02 -7.433281839e-02 3.563101962e-02 -2.081283741e-02 -3.600144386e-02 -1.065028608e-01 -9.510536492e-02 9.655626863e-02 1.251664851e-02 1.099888142e-02 2.245495468e-02 7.295943797e-02 3.377024084e-02 -7.216851413e-02 1.027611047e-01 1.845827140e-02 -2.917527966e-02 -1.104909927e-01 -4.859052971e-02 -5.070344359e-02 -1.337900944e-02 -1.009103954e-01 1.013992503e-01 -2.087453194e-02 1.943222887e-04 4.089040682e-02 -8.620932698e-02 7.581976056e-02 -1.446288265e-02 1.140389312e-02 -4.136785865e-02 8.133371174e-02 -6.283652782e-02 2.091061138e-02 -3.664400056e-02 -4.892136902e-03 -6.758014858e-02 -8.835197240e-02 -6.486438215e-02 -2.109623048e-03 -7.038395852e-02 -8.471857756e-02 -6.864780188e-02 9.612861276e-02 7.662542164e-02 3.219377995e-02 -6.209810264e-03 -3.093990684e-02 1.008396521e-01 -2.152928337e-02 -6.487620622e-02 7.065600157e-02 -3.587433323e-02 5.096802022e-03 -1.025615707e-01 5.016809702e-02 8.314011246e-02 -7.562071830e-02
-9.060312808e-02 -1.114322096e-01 4.299311340e-02 1.269481704e-02 -3.798197210e-02 -3.086548299e-02 -8.669830114e-02 -3.810721636e-02 -2.401842177e-02 -9.589777142e-02 -2.463065647e-02 -9.161069989e-03 3.664989024e-02 8.646980673e-02 7.550416887e-02 2.633492276e-02 2.444650419e-02 -3.293564171e-02 4.077144340e-02 -1.105328649e-02 3.820938757e-03 -1.112634391e-01 7.393822074e-02 -1.115429848e-01 1.221262291e-02 -8.231412619e-02 1.031711176e-01 4.973616451e-02 -4.804160073e-02 -8.196722047e-05 5.102149025e-02 -6.453793496e-02 7.734102011e-02 1.110680252e-01 -4.198089242e-02 6.935834140e-02 8.035882562e-02 -9.283187985e-02 -4.761457443e-02 -1.078771576e-01 -7.534080744e-02 -1.009098589e-01 -6.028069649e-03 7.556243986e-02 3.864541277e-02 -5.053592380e-03 1.030777171e-01 -9.175167233e-02 -8.432799578e-02 8.826006204e-02 -7.537373900e-02 1.064815372e-01 -3.791598603e-02 -9.805364162e-02 -8.295522630e-02 6.255383790e-02 -9.923778474e-03 -5.101449415e-02 -3.296948271e-03 5.417793524e-03 -7.292950060e-03 6.241662800e-02 -2.305560745e-02 -4.529020935e-02 7.656966150e-02 8.420895040e-02 -2.288252860e-02 -5.510264635e-02 3.447775915e-02 5.641682446e-02 -9.380408563e-03 -4.958475754e-02 -7.212793082e-02 -1.116020679e-01 -2.210705355e-02 -4.364096001e-02 -1.168391481e-02 -7.981391996e-02 -5.037049577e-02 8.440535516e-02
-1.040414199e-01 -5.780690908e-02 8.232642710e-02 4.063588381e-02 9.960731119e-02 7.893630303e-03 6.858610362e-02 7.463299483e-02 8.960704505e-02 -5.467586685e-03 -8.180288970e-02 -8.604973555e-02 -8.826766163e-02 6.492733210e-02 -1.096223742e-01 9.600680321e-03 3.054681048e-02 6.098973006e-02 2.149746940e-02 6.102206558e-02 3.430166841e-02 1.041611061e-01 3.852835298e-02 -2.217997052e-02 -4.157609493e-02 -9.624895453e-02 -2.106686868e-02 -1.237465185e-03 5.499701947e-02 -4.979304969e-02 -9.479212016e-02 -4.992024973e-02 -6.890223175e-02 6.826882064e-02 -1.013237908e-01 -1.095745787e-01 -9.210178256e-02 5.993476510e-02 -1.062672809e-01 1.033126842e-02 -7.257711142e-03 9.028444439e-02 -8.729931712e-02 1.011126563e-01 -3.160148114e-02 5.591429397e-02 -4.029762000e-02 2.911674231e-02 8.698249608e-02 -6.076852605e-02 -9.229987860e-02 1.094815554e-03 5.565206707e-02 3.523306921e-02 -3.709339350e-02 -1.075873747e-01 -9.952974319e-02 6.954099238e-02 7.682552189e-02 -5.664299056e-02 1.001999676e-01 -1.015290916e-01 1.002038792e-01 -5.977315083e-02 -4.503938928e-02 -9.915092587e-02 8.229309320e-02 -1.038863361e-01 2.548009157e-02 -5.496559292e-02 -7.325614244e-02 6.874202937e-02 7.265508920e-02 -3.016585670e-02 9.903208166e-02 -9.501694888e-02 -1.933638752e-02 -1.749725640e-02 1.745664515e-02 3.109024651e-02
9.857692569e-02 9.186749160e-02 -1.417064015e-02 -7.807010412e-02 1.045258790e-01 -3.034770489e-02 9.395755827e-02 -1.006716341e-01 9.109550714e-02 7.116173208e-02 -1.025667135e-02 -7.914803177e-02 -7.825984061e-02 -4.449807107e-03 6.707779318e-02 -2.987891808e-02 -8.364138007e-02 -4.417159036e-02 -9.280505776e-02 -9.137482196e-02 5.874966830e-02 -1.753418823e-03 -3.043702804e-02 -7.486657798e-02 2.277843840e-02 5.056471378e-02 -4.271924868e-02 7.513029128e-02 -6.947787106e-02 -1.789081842e-02 -4.288574308e-02 -1.081622541e-01 -1.117902845e-01 1.095712110e-01 -3.333823010e-02 -1.685527340e-02 7.415385544e-02 -1.062765047e-01 3.612352908e-02 4.452861845e-02 -1.072906554e-01 1.115638241e-01 4.189513996e-02 -2.733554877e-02 9.168665856e-02 -1.031296626e-01 8.218908310e-02 2.008036943e-03 -7.178715896e-03 -1.026246399e-01 7.433494087e-03 -5.263808370e-02 1.039394736e-01 -1.049823388e-01 -3.009225987e-02 4.073077813e-03 3.443876281e-02 8.572260290e-02 5.467526987e-02 3.105255589e-02 -5.828581378e-02 -9.295386821e-02 -9.101812541e-02 1.447523851e-02 7.677671313e-02 4.395652935e-02 1.890914515e-02 3.457629308e-02 1.025215462e-01 1.709489734e-03 1.723238826e-02 -4.961525276e-02 2.762533911e-02 -3.892310197e-03 -7.140639424e-02 7.158499956e-02 4.110529646e-02 1.055710614e-01 -5.781290680e-02 3.799170256e-02
-1.052318662e-01 5.175114423e-02 7.302119583e-02 -6.736454368e-02 4.533405975e-02 -4.260882735e-02 9.491120279e-02 -6.226254255e-02 -2.145003527e-02 9.181989729e-02 -1.710126735e-02 -8.233546466e-02 6.646212935e-02 -4.828317091e-02 -4.515872896e-02 -7.134106010e-02 1.036247462e-01 -8.403639495e-02 1.074818447e-01 -1.072404534e-02 -1.054286286e-01 9.278235957e-03 -1.762601733e-02 -8.256310225e-02 -1.118054241e-02 -4.410263151e-03 -2.904638462e-02 -7.946924865e-02 5.518330634e-02 -9.495480359e-02 2.660250850e-02 -8.423241228e-02 -3.325022385e-02 -1.003965288e-01 8.700028062e-03 7.363415509e-02 -4.694768041e-02 3.803467005e-02 -6.296513975e-02 -8.292750455e-03 4.534120206e-03 -7.353024930e-02 1.036469787e-01 -8.916342258e-02 -2.816227078e-02 -8.005341142e-02 8.680519462e-02 5.632871389e-02 9.265245497e-02 8.765881509e-02 8.595049381e-02 3.972773999e-02 9.518370777e-02 1.612092741e-02 6.369763613e-02 -3.685407713e-02 -8.665122837e-02 -1.005718112e-01 7.041806728e-02 9.884639084e-02 -6.957355142e-02 1.442863047e-02 2.332683094e-02 -2.502291277e-02 -5.235911533e-02 -3.623507172e-02 5.958743766e-02 2.958350256e-02 -7.543198019e-02 4.588839784e-02 1.096023992e-01 3.776285797e-02 6.554485764e-03 -8.783745766e-02 3.365970030e-02 6.278318912e-02 -5.073381960e-02 -4.287505522e-02 -1.075104717e-02 -8.940105326e-03
5.691663921e-02 7.794789970e-02 -2.670554817e-02 -6.343536824e-02 -1.098359600e-01 5.471294746e-02 -8.362965286e-02 8.024365455e-02 -8.161950856e-02 -2.751058526e-02 8.929280937e-02 9.889509529e-02 -8.279323578e-02 -1.110869497e-01 8.446972817e-02 -2.980883978e-02 6.559509039e-02 9.793422371e-02 -6.304799020e-02 7.305690646e-02 7.782826573e-02 -3.536885604e-02 7.342298329e-02 -8.026337251e-03 -5.693276599e-02 3.155506030e-02 3.876985610e-02 -9.566954523e-02 1.005685404e-01 -4.126744345e-02 8.164273947e-02 -7.459256053e-02 7.936867326e-02 1.027856991e-01 1.014501229e-01 4.031327739e-02 -2.333442867e-02 9.252237529e-02 9.276879579e-02 3.426595032e-02 8.644080907e-02 1.076297611e-01 8.323246241e-02 -2.960658818e-02 -5.221763998e-02 -8.072388917e-02 8.525759727e-02 9.293006361e-02 -5.062579364e-02 5.338406563e-02 2.276067063e-02 4.108391702e-02 -6.145903468e-02 9.298299998e-02 3.793666884e-02 -7.805571705e-02 -4.770860076e-02 9.868978709e-02 -2.505314164e-02 6.641361862e-02 -7.017489523e-02 -5.094248056e-02 5.168513209e-02 1.114080623e-01 -4.835118353e-02 5.934561417e-02 2.209651098e-02 -1.099536195e-01 -6.652471423e-02 -1.012387797e-01 1.098637879e-01 1.069057435e-01 1.031783968e-01 -1.116982661e-02 -4.084333405e-02 -9.725423157e-02 -5.100814998e-02 -8.670695126e-02 -4.435970262e-02 8.186136931e-02
-8.215659857e-02 9.317672253e-02 -9.783029556e-02 7.553147525e-02 -1.864742301e-02 1.058129147e-01 -1.093122885e-01 -6.820502877e-02 6.391846389e-02 -1.019032598e-01 1.445224695e-02 -9.044399112e-02 -1.392972283e-02 1.195844449e-02 7.226160914e-02 2.084458433e-02 6.205759570e-02 -9.007678926e-02 -1.103061661e-01 -5.403066054e-03 6.237289682e-02 -3.593834862e-02 -6.563948840e-02 -1.357859652e-02 -1.084327623e-01 -2.138694003e-02 -7.304958999e-02 7.641158998e-02 7.106042653e-02 -8.368022740e-02 -3.466757759e-02 3.558033332e-02 -1.858660765e-02 3.848804906e-02 -3.716537729e-02 -9.185530990e-02 -1.031000093e-01 8.126088977e-02 -1.073021963e-01 -9.067467600e-02 -5.590255186e-02 2.601824887e-02 1.081453115e-01 -4.738632962e-02 7.522115856e-02 -1.036280766e-01 -4.485331848e-02 -9.341989458e-02 -3.781354427e-02 2.973889373e-02 4.131224006e-02 -9.939777106e-02 9.208813310e-02 -8.261907846e-02 7.585228235e-02 4.871292040e-03 -7.502432913e-02 -8.178351074e-02 -4.925321043e-02 9.604500234e-02 -4.997881595e-03 -5.531766638e-02 9.574155509e-02 -2.120805206e-03 4.843854904e-02 9.785662591e-02 9.319722652e-02 5.155485123e-03 -1.586324349e-02 -1.871025190e-02 -7.465811819e-02 9.788279235e-02 7.204083353e-02 -1.084331572e-01 -4.780839011e-02 -6.869390607e-02 -9.807156771e-02 -1.034816355e-01 -4.938435927e-02 -2.041992731e-02
2.826960199e-02 -8.050194010e-03 2.903588302e-02 7.386295497e-02 -9.711875021e-02 -5.127178878e-02 -6.851277500e-02 -1.651431620e-02 1.087994222e-02 1.346044429e-02 3.650284186e-02 -9.289287776e-02 2.706236392e-02 4.506691359e-03 1.058532447e-01 3.341814131e-02 1.118016019e-01 9.464268573e-03 -2.569496445e-02 -2.810162865e-02 -6.467332691e-02 6.752532721e-02 7.211160660e-02 7.172194868e-02 9.350258112e-02 5.721381307e-02 -3.592415527e-02 -8.017387241e-02 8.029481024e-02 2.712515416e-04 -8.492630906e-03 6.318570673e-02 1.104184315e-01 3.115252964e-02 1.055183355e-02 -2.948712930e-02 7.203289866e-02 -3.863694845e-03 9.680618346e-02 -9.663532674e-02 -3.091710387e-03 1.060551926e-01 4.240962863e-02 5.559901893e-02 -8.665966243e-02 -1.054250523e-01 8.766742051e-02 8.872452192e-03 -5.031406507e-02 -8.259636909e-02 8.439118415e-02 2.188702114e-02 -7.535527647e-02 1.105681285e-01 -2.122853696e-02 9.478154033e-02 5.920404568e-02 -1.009852588e-01 -6.650468707e-02 -8.237973601e-02 1.016936302e-01 1.006506309e-01 -2.949481830e-02 2.985254303e-02 7.061229646e-02 9.295739979e-02 -1.295131445e-02 -1.093895063e-01 9.331588447e-02 -4.607372358e-02 6.573060900e-02 5.098137259e-02 2.279761620e-02 1.025042459e-01 -9.480988979e-02 -9.898202121e-02 -3.739055619e-02 -3.108571656e-02 -2.761133201e-02 8.899658173e-02
7.310543442e-04 2.533160336e-02 -1.091285571e-01 1.009310633e-01 2.845248953e-02 9.904105961e-02 -8.836136013e-02 -8.085881174e-02 4.232494161e-03 -1.654245146e-02 6.772398483e-03 3.609034047e-02 -1.043767780e-01 2.647134848e-02 -1.812828332e-02 -6.762640923e-02 1.063926518e-01 1.492900308e-02 7.599250227e-02 -6.985759735e-02 -5.884861201e-02 7.997401804e-02 7.903706282e-02 5.436709896e-02 8.464804292e-02 8.943134546e-02 -7.828821242e-02 3.626327217e-02 4.566627089e-03 6.689458154e-03 2.081054449e-02 6.821195036e-02 -9.221978486e-03 -2.100506797e-03 -8.635882288e-02 -7.114500552e-02 -9.574916214e-02 -2.415527357e-03 -8.047253639e-02 2.930028422e-04 -5.005582422e-02 -3.632950038e-02 1.023855358e-01 -9.522361308e-02 -4.638775811e-02 8.299641311e-03 -3.337305412e-02 4.138923436e-02 1.056514010e-01 5.664765462e-02 5.592244864e-02 -9.872372262e-03 -1.977817155e-02 3.060923889e-02 5.939235538e-02 7.137120515e-02 4.168678448e-02 5.892413110e-02 2.487782575e-02 -1.967919758e-03 -2.180596069e-02 -8.575957268e-02 -1.103292033e-01 -1.070820689e-01 8.676201105e-02 2.799347229e-02 1.014503911e-01 -8.396418393e-02 9.390126169e-02 -1.089816689e-01 -2.036366984e-02 5.000325665e-02 -1.033748463e-01 7.416000962e-02 -1.023327038e-01 7.354809344e-02 9.214694798e-02 8.521898836e-02 2.479781630e-03 6.503648311e-02
4.990033805e-02 8.886430413e-02 -1.055575386e-01 -1.067965180e-01 -7.426685095e-02 9.882295877e-02 3.690006956e-02 -8.829548955e-03 -2.563614771e-02 7.242961228e-02 7.797776163e-02 -8.458074927e-02 -1.697727852e-02 7.285935432e-02 -7.720239460e-02 7.512596995e-02 1.816381700e-02 -1.696357690e-02 -7.535266876e-02 5.433268473e-02 -8.354374021e-02 1.056855619e-01 6.922505051e-02 -1.939974912e-02 -3.538824851e-03 -1.005308777e-01 1.008992344e-01 2.859107405e-02 -3.561947495e-02 -1.116676778e-01 -3.126640245e-02 -1.562313922e-02 5.619364977e-02 -6.401941180e-02 -6.670577824e-02 6.158094853e-02 -3.963900357e-02 9.715510905e-02 -6.350561976e-02 4.209550098e-02 -3.237369284e-02 5.827788264e-02 8.507154137e-02 -1.667398587e-02 1.979168504e-02 -6.350664794e-02 4.653429985e-02 -8.698637784e-02 4.353189841e-02 1.034012139e-01 1.027590930e-01 1.153930556e-02 -5.005345214e-03 7.015889138e-02 2.597941086e-02 -2.396521624e-03 -1.072288901e-01 1.640301384e-02 -1.463641413e-02 -3.764021397e-02 -3.349015489e-02 -6.411995739e-02 6.825483590e-02 -9.317726828e-03 -3.607633337e-02 -8.581534773e-02 -1.005908400e-01 7.526141405e-02 1.605186053e-02 1.054538712e-01 -5.872201174e-02 -1.925300807e-02 9.277602285e-02 6.896432489e-02 -9.312091023e-02 2.865536697e-02 3.350561485e-02 -3.899899125e-02 6.706190109e-02 -9.847311676e-02
-8.600515127e-02 2.754383907e-02 -5.089301988e-02 7.796582580e-02 2.554519847e-02 3.817613423e-02 6.947378069e-02 -2.841145173e-02 -8.281813562e-02 -5.015198514e-02 3.635624796e-02 2.360330708e-02 -3.641431779e-02 -4.973660409e-02 -5.947692320e-02 -8.751139045e-02 1.303376164e-02 1.167423837e-02 6.617257744e-02 -3.234900907e-02 5.631266907e-02 -5.467533600e-03 3.528403863e-02 4.737994820e-02 -7.674713433e-02 3.557301313e-02 1.724892855e-02 3.516647220e-02 1.297694398e-03 9.291938692e-02 6.972594559e-02 7.915658504e-02 -5.845296010e-02 7.398016006e-02 6.217713654e-02 5.102516711e-02 -1.106855795e-01 -9.492373466e-02 3.219433874e-02 -4.559402168e-02 -2.093685418e-02 -2.341826260e-02 -5.667942762e-02 -5.275938287e-02 1.103245392e-01 -3.098041052e-03 8.380587399e-02 1.007690206e-01 5.914281681e-02 -8.377704769e-02 -3.902066126e-02 -9.881840646e-02 6.447830796e-02 5.330227315e-02 -5.588694289e-02 9.861720353e-02 3.897847980e-02 4.303231090e-02 -3.515785933e-02 3.148950264e-02 -9.097207338e-02 -4.107484221e-02 1.030031964e-01 6.963544339e-02 7.623118162e-02 2.933390997e-02 -1.664994098e-02 -4.682534188e-02 -5.098066479e-02 -1.350706536e-02 -6.149346381e-02 7.127133757e-02 1.304756943e-02 7.644729316e-02 4.044182599e-03 -8.800528944e-02 6.557179242e-02 1.037141383e-01 -1.339119207e-02 3.113036416e-02
4.683893546e-02 -2.464879677e-02 -8.149228990e-02 1.113716885e-01 8.115851879e-02 6.155394390e-02 9.735668451e-02 -4.635364935e-02 -7.440471649e-02 8.686322719e-02 -4.220131040e-02 -2.462428529e-03 4.265327752e-02 5.541674420e-02 -8.695695549e-03 -6.702798605e-02 -5.542634055e-02 1.061539501e-01 -8.277402073e-02 -2.962865867e-02 1.453937218e-02 2.157473192e-02 3.179487213e-02 6.297712028e-02 -2.825760655e-02 3.171646222e-02 -2.683642879e-02 6.211622804e-02 -1.332707121e-03 -9.092402458e-02 3.732843325e-02 -9.190937504e-03 -7.252311707e-02 -9.359791875e-02 1.699093846e-03 1.111269593e-01 -1.983677410e-02 -4.350765422e-02 -2.390264161e-02 2.655468695e-02 -6.408541650e-02 6.866376847e-02 3.103414923e-02 -2.135270089e-02 1.072129831e-01 7.826986164e-02 -9.254661947e-02 2.870668098e-02 4.163086042e-02 8.585829288e-02 -6.757210940e-02 8.219195902e-02 -7.294268161e-02 -2.556737512e-02 -7.326158136e-02 -3.088183701e-02 -4.876628518e-02 -4.378415644e-02 -7.718350738e-02 9.403128922e-02 8.806163818e-02 -7.093589753e-02 6.185198575e-02 1.083185524e-02 -2.241556998e-03 8.103234321e-02 1.986080408e-02 5.538791791e-02 -1.057897732e-01 -6.509490311e-03 5.934800021e-03 -1.033988148e-01 -9.908076376e-02 9.710577875e-02 4.243553802e-02 -9.041797370e-03 -3.428129107e-02 -6.125133112e-02 8.914302289e-02 -6.103656441e-02
9.006239474e-02 -2.179551125e-02 2.411866188e-02 -5.858870223e-03 -6.317611039e-02 8.075887710e-02 6.551022828e-02 -1.027118191e-01 -5.525205284e-02 -5.544333532e-02 -1.115612015e-01 -7.570551336e-02 -4.072207585e-02 -1.033847779e-01 5.259407312e-02 5.222728848e-02 9.534890950e-02 -6.403791159e-02 -2.188452892e-02 -9.273259342e-02 -5.618073419e-02 8.881194144e-02 2.873544209e-02 9.270896763e-02 -2.697698586e-02 -2.024542354e-02 -3.972651437e-02 -1.097792089e-01 7.808879763e-02 -6.691313535e-02 6.448393315e-02 5.129082128e-03 -2.569914982e-02 -4.877112433e-02 -8.695601672e-02 -6.155435741e-02 3.303328529e-02 -1.889950945e-03 -3.010093607e-02 9.998304397e-02 -6.691844203e-03 7.469413104e-04 -7.675734907e-02 4.713003337e-02 -1.282513840e-03 6.465891749e-02 -6.553322077e-02 9.069654346e-02 5.648405105e-02 1.867231913e-02 -5.232627504e-03 -3.064814489e-03 1.923360117e-02 -2.881748974e-02 -5.756194144e-02 -8.456892520e-02 -8.778833598e-02 1.297751721e-02 -5.176892504e-02 -7.984324545e-02 3.896209970e-02 3.735743463e-02 1.140915789e-02 -7.887740433e-02 3.168666363e-02 -5.903118104e-02 -9.340824932e-02 9.678983130e-03 4.898881074e-03 -5.513712391e-02 -5.234090984e-02 -7.700367272e-02 3.507930523e-05 8.601973206e-02 -2.020755969e-02 5.392130464e-02 1.329792198e-02 3.291333094e-02 -1.059792563e-01 1.464391779e-02
-8.473427594e-02 9.589591622e-02 4.295983538e-02 -9.157724679e-03 7.350375503e-02 -2.431999519e-02 9.009285271e-02 8.148874342e-02 -6.507179141e-02 -4.958108068e-02 -1.603810675e-02 1.001849398e-01 -5.981883779e-02 -3.240645304e-02 6.586482376e-02 -3.324120119e-02 9.792491049e-02 9.485244006e-02 7.693672925e-02 -1.260598563e-02 1.101805270e-01 -6.252175570e-02 3.074341267e-02 -5.184039101e-02 -9.856151789e-02 -3.122568689e-02 7.193560898e-02 -9.383739531e-02 1.044899505e-02 -4.639797844e-03 -8.405069262e-02 4.593415186e-02 -9.880883247e-02 8.679000288e-02 4.041731730e-02 1.361903362e-02 -3.613903001e-02 -3.172207624e-02 2.259028703e-02 2.528778091e-02 4.468799569e-03 1.287697069e-02 -8.520286530e-03 3.050759993e-02 -2.459417842e-02 -8.170206100e-02 -4.771898314e-02 -9.239687771e-02 -9.981839359e-02 1.078644767e-01 9.742132574e-02 -9.106723964e-02 -8.143451810e-02 -9.238629788e-02 8.709374815e-02 1.034270525e-01 -5.049028993e-02 1.169909537e-02 -5.351606756e-02 8.018092066e-02 -4.443928227e-02 -4.414333403e-02 6.360802799e-02 -7.915903628e-02 7.715266943e-02 1.105856597e-01 -6.741290540e-02 -2.455350198e-02 -5.695926398e-02 -8.478184044e-02 5.630676448e-02 -6.075812876e-02 -4.470041767e-02 5.468413234e-03 5.005531758e-02 2.384323813e-02 -9.444496781e-02 -6.377846748e-02 6.924591027e-03 -1.906812191e-02
-5.599098280e-02 -2.169181965e-02 -9.786632843e-03 8.602401614e-02 4.035869986e-02 7.441928238e-02 -6.274373829e-02 1.007946804e-01 -1.648892649e-02 -9.447793663e-02 -5.883676559e-02 -4.762554169e-02 2.468703501e-02 -5.859934166e-02 -2.549640462e-02 -4.516842961e-02 6.929962337e-02 8.091872185e-02 -2.745768614e-02 4.661883786e-02 -7.142736018e-02 -8.254059404e-02 -6.812109053e-02 4.155790061e-02 9.209154546e-02 3.788130358e-02 -3.330412135e-02 2.869687043e-02 -1.234775595e-02 -5.247141700e-03 2.582219429e-02 3.318546340e-02 1.735470071e-02 -1.013210565e-01 -9.809547663e-02 -6.085868925e-02 -8.435698599e-02 -3.661718220e-02 1.013377402e-02 -4.368379712e-02 6.659099460e-02 -9.658575058e-02 -4.690572247e-02 5.674717482e-03 -1.627503894e-02 9.367200546e-03 3.597438708e-02 -8.736874163e-02 -9.032825381e-02 6.595255807e-03 -2.910177596e-02 -8.452323824e-02 1.099061295e-01 -1.081951708e-01 6.602597982e-02 -1.012501791e-01 7.884851098e-02 1.082424074e-01 1.604691707e-02 -9.128732234e-02 1.090965867e-01 2.651082538e-02 -7.214499265e-02 -1.009030491e-01 -5.205283687e-02 7.098474354e-02 6.397555023e-02 8.091161400e-02 5.501519889e-02 6.208046898e-02 -2.238578163e-02 -5.420568213e-02 6.256427616e-02 1.032229215e-01 -1.103655621e-01 6.334099174e-02 -8.234155178e-02 -9.977477044e-02 -1.067974120e-01 7.483616471e-02
4.938632995e-02 -1.280342694e-02 3.007521294e-02 -3.887565434e-02 2.066714875e-02 -5.970120430e-02 -5.379571393e-02 7.835181803e-02 -1.041455939e-01 8.509948850e-02 2.794599719e-02 4.650696367e-02 -7.214029878e-02 -8.404807001e-02 -2.144283801e-02 -6.675862521e-02 2.797902562e-02 -1.520298771e-03 -4.972924665e-02 -9.621415287e-02 -3.390537575e-02 -3.137213364e-02 5.313764513e-02 -3.137901053e-02 -3.625424951e-02 9.902629256e-02 -6.192651764e-02 1.081210002e-01 -2.779091336e-02 -8.263250440e-02 1.955831237e-02 -1.778867282e-02 -1.001405567e-01 -7.697033882e-02 -7.961264253e-02 -2.718916722e-02 6.261347979e-02 1.158500742e-02 4.726559296e-02 2.751353197e-03 7.226630114e-03 7.597389817e-02 -7.672496885e-02 6.258198619e-02 -2.312997729e-02 -5.973835289e-02 -6.344142836e-03 -7.200773805e-03 5.252684653e-02 1.087290645e-01 7.038003206e-02 7.779716700e-02 -2.468286268e-02 -1.226636115e-02 5.399493966e-03 5.506131332e-03 1.931381039e-02 4.706095532e-02 1.086906567e-01 6.849299371e-02 8.749478310e-02 -9.520404786e-02 -6.666827481e-03 -7.237183303e-02 9.169385582e-02 5.572859570e-02 7.727508247e-02 7.020752411e-03 -6.657178048e-03 6.041688100e-02 -9.396322072e-03 -7.967308909e-02 3.505032882e-02 2.580618672e-02 -7.703556865e-02 3.181443736e-02 -4.090191051e-02 7.501152158e-02 -8.943831176e-02 -8.738874644e-02
1.039678678e-01 -9.725205600e-02 -4.622004926e-02 -7.544387132e-02 3.319379315e-02 4.789391533e-02 -1.081482843e-01 -5.294826627e-02 6.011381373e-02 1.149645634e-02 -3.452440724e-02 -8.410627395e-02 -9.268066846e-03 1.086529121e-01 -4.129839316e-02 -3.128698096e-02 -4.757861421e-02 3.638335690e-02 2.034578472e-02 -1.069583520e-01 7.943373919e-02 1.030000374e-01 9.803815186e-02 7.025165111e-02 4.244550690e-02 5.429064855e-02 -9.074021876e-02 -8.126451820e-02 6.084612012e-02 -6.519831717e-02 -1.114534307e-02 -6.010143086e-03 5.754879862e-02 3.993495181e-02 3.011662327e-02 1.012484431e-01 5.827349797e-02 -8.753293008e-02 9.516542405e-02 -3.497747937e-03 7.090938836e-02 -6.851192564e-02 -1.771464944e-02 4.867790639e-02 7.665766776e-02 -3.448794130e-03 -1.110409293e-02 -5.894254893e-02 6.080371141e-02 -5.468111858e-02 -2.270702645e-02 1.565541886e-02 3.031883575e-02 -8.495412022e-02 5.953556672e-02 -7.662202418e-02 -2.418768778e-02 9.509549290e-02 9.558243304e-02 -3.520557657e-02 -4.881185293e-02 4.188867658e-02 -1.099040546e-02 9.492152184e-02 6.499157101e-02 -1.190793142e-02 -9.183995426e-02 1.773674786e-02 -1.180687826e-02 7.919138670e-02 4.098423570e-02 -9.214302152e-02 -1.111049578e-01 7.042181492e-02 -5.270673707e-02 -2.907886542e-02 -5.210183188e-02 -7.954657823e-02 2.800349519e-02 -1.032706350e-01
5.433307495e-03 -4.899884760e-02 -5.002358183e-02 3.562195599e-02 -9.408336133e-02 4.785368964e-02 -2.022163384e-02 5.342392996e-02 -3.858700767e-02 9.298201650e-02 1.057145670e-01 3.070465475e-02 9.814377874e-02 1.040923446e-01 6.895367801e-02 2.240136266e-02 -1.185139362e-02 6.159108877e-02 2.575075626e-02 7.737998664e-02 -3.301551566e-02 1.062827259e-01 -2.017910406e-02 -6.693572551e-02 -1.029472575e-01 7.829383761e-02 -4.844268039e-02 -5.039724708e-02 2.053150907e-02 1.318789925e-02 -7.175877225e-03 -4.736644402e-02 8.313900977e-02 -1.012485921e-01 -4.273255169e-02 6.233583391e-02 6.328199804e-02 -9.842272103e-02 8.041101694e-02 -3.096088581e-02 -1.090225205e-01 -2.964534564e-03 9.300862253e-02 1.103773117e-01 -2.307730541e-02 -7.559021562e-02 -3.379214182e-02 9.544534236e-02 -8.415817469e-02 -1.082335487e-01 -1.059785932e-01 1.048693135e-01 2.995931357e-02 1.738346182e-02 1.007428989e-01 2.470902540e-02 -1.814167830e-03 -6.155502424e-02 2.706001885e-02 -2.312875167e-02 -8.983013034e-02 8.842612058e-02 -2.848808840e-02 5.573016778e-02 6.120248511e-02 -8.129363507e-02 -9.859919548e-02 4.597437382e-02 1.989820227e-02 -6.427747011e-02 5.420766771e-02 2.434770390e-02 -6.415498257e-02 9.894043207e-02 -1.556017809e-02 1.040053964e-01 5.556383356e-02 -5.776717886e-02 -4.949299619e-02 -3.986761719e-02
-3.284716979e-02 -1.993236318e-02 3.202100843e-02 -1.043886393e-01 -5.090092495e-02 6.687226146e-02 5.848430470e-02 -3.313221782e-02 3.807199001e-02 -8.244239539e-02 1.035986915e-01 5.896172673e-02 -1.858827285e-02 9.704305790e-03 3.949500620e-02 1.044480875e-01 -8.543308824e-02 4.989152774e-02 -1.046586931e-01 1.111970916e-01 -1.060838848e-01 -2.420238778e-02 5.313349888e-02 -7.947916538e-02 7.373198401e-03 1.705568656e-02 -7.060275227e-02 2.622252703e-02 -6.944889668e-03 9.652455896e-02 -4.144335911e-02 -1.018848717e-01 5.025270581e-02 -1.391151734e-02 -7.975596189e-02 -3.981302679e-02 -5.150848255e-02 1.617044024e-02 -7.674143463e-02 3.458984941e-02 -4.701637104e-02 5.695955455e-02 -3.102216870e-02 7.371706516e-02 -1.334003918e-02 -6.125390530e-02 6.732387934e-03 -8.140976727e-02 -9.803792834e-02 -5.391553417e-02 3.024291992e-02 -3.647376224e-02 4.026727006e-02 -1.373392157e-02 8.405499905e-02 3.636021912e-02 -9.956286848e-02 9.543235600e-02 1.090622917e-01 5.972774327e-02 1.850534603e-02 -4.232187755e-03 -6.237504259e-02 1.662668510e-04 8.185293525e-02 6.222278252e-02 -1.053681746e-01 5.218201131e-02 -3.122286126e-02 -7.005192339e-02 -6.665223837e-02 2.969784476e-02 3.200565279e-02 -4.595620930e-02 -9.924459457e-02 9.649387747e-02 -5.483267456e-02 -1.081622168e-01 -2.533229627e-02 -9.721307456e-02
-5.727213621e-02 4.723644257e-02 -1.539571024e-02 4.147811979e-02 3.974237479e-03 6.364828348e-02 2.196535002e-03 -9.624923021e-02 5.878821015e-02 -6.667913496e-02 -1.038375199e-01 -1.081139147e-01 7.466831058e-02 6.071398966e-03 8.721992373e-03 -4.802788794e-02 4.654835910e-02 9.062569588e-02 1.119123120e-02 -3.144302638e-03 -4.374938458e-02 -1.048029959e-01 -9.661550820e-02 -3.074108064e-02 8.160540462e-02 4.054814577e-02 1.416653488e-02 -3.618912771e-03 6.272591650e-02 -2.156646922e-02 2.675775252e-02 6.852793042e-03 -5.127792060e-02 -5.536251515e-02 8.412346989e-02 -3.543376550e-02 -2.780733258e-02 -7.858455926e-02 -2.739624353e-03 -7.073096931e-02 -1.098796055e-01 -9.459527582e-02 8.794812113e-02 -8.565720171e-02 -8.561729640e-02 -3.104785085e-02 1.241195668e-02 -7.832230628e-02 -8.834924549e-02 -1.028912812e-01 -1.067704260e-01 -7.389594615e-02 1.833206974e-02 9.262028337e-02 8.751852065e-02 8.672326803e-02 3.650638834e-02 -1.027951613e-01 5.652055889e-02 -7.818422467e-02 3.793151304e-02 -8.300539106e-02 -2.572272718e-02 3.932631388e-02 1.105693728e-01 -5.053629726e-02 -3.344009398e-03 3.969767317e-02 2.687619999e-02 9.835349768e-02 -1.870116219e-02 -3.095937893e-02 9.967519343e-02 -3.988407925e-02 8.741489798e-02 1.477453206e-02 1.829015277e-02 -1.001332887e-03 -9.033729881e-02 -4.337121546e-02
8.756413311e-02 8.960008621e-02 1.050099134e-01 -9.844112396e-02 -4.321494699e-02 -2.311366424e-02 6.263135374e-02 6.988926232e-02 7.701145858e-02 -7.772225421e-03 6.473626941e-02 -2.096171118e-02 8.050005883e-02 8.629959822e-02 6.161832064e-02 1.001590118e-02 7.283154409e-03 7.921791077e-02 -1.033287868e-01 9.522513300e-02 5.671760067e-02 6.616938114e-02 -1.610475942e-03 -2.655739337e-02 4.955267906e-02 2.802265994e-02 -4.561583698e-02 9.475532174e-02 -9.843231738e-02 -6.715686619e-02 -7.829879224e-02 6.729919463e-02 7.590972632e-02 -9.987898171e-02 -4.783935100e-02 -8.331601508e-03 -4.467206821e-02 -3.546478972e-02 -2.897157520e-02 2.541105077e-02 5.795258656e-02 2.717506699e-02 -2.282303385e-02 1.816568151e-02 5.517647043e-02 5.138752982e-02 9.941517562e-02 -6.710696220e-02 1.044215485e-01 -3.646696359e-02 -1.515824534e-02 6.579141319e-02 9.453886002e-02 6.121629477e-02 9.445316344e-02 5.877172574e-02 1.047806740e-01 -1.069248915e-01 1.097820997e-01 -4.698349163e-02 -3.540153801e-02 -3.061067872e-02 -8.632033318e-02 1.059251502e-01 6.774450839e-02 4.926492646e-02 -2.990569361e-02 9.855974466e-02 -5.981276184e-02 4.648862407e-02 -1.106151417e-01 5.920435116e-02 -4.514622688e-02 2.012911066e-02 -4.547008500e-02 9.670450538e-02 8.070587367e-02 -1.739539020e-02 1.723662764e-02 -8.343593031e-02
-4.275117069e-03 -5.385399610e-02 -5.140153691e-02 -1.018078178e-01 -3.135941923e-02 1.816120371e-02 -1.639822870e-02 1.673456095e-02 -5.680945516e-02 -2.686069906e-02 -8.478604257e-02 -6.205694377e-02 -4.812450334e-02 7.769943774e-02 5.041377246e-02 -5.434061587e-02 -9.797887504e-02 1.636959985e-02 2.972740494e-02 -9.810968488e-02 -8.386170119e-02 -1.027674749e-01 7.170772646e-03 9.322718531e-02 1.090890840e-01 -3.488503769e-02 -5.142555386e-02 -6.283708662e-02 -5.874309689e-02 -1.016371548e-01 -8.469876647e-02 -5.313261878e-03 -1.211523544e-02 1.366521511e-02 8.229821175e-02 -6.935418397e-02 -2.115788497e-02 -8.083973825e-02 1.069361418e-01 -3.399705887e-02 1.079040486e-02 5.464642867e-02 1.068908945e-01 9.327783436e-02 -1.638051681e-02 -8.058433235e-02 1.467743702e-02 -5.697735026e-02 9.706088156e-02 -1.489091199e-02 7.766102254e-02 6.442594528e-02 -5.300179124e-02 1.026040241e-01 3.060806729e-02 -8.367113769e-02 -8.524107188e-02 9.429149330e-02 -2.241577022e-02 -4.329936579e-02 -6.782080978e-02 7.489155978e-02 -2.636243217e-02 -5.676266178e-02 -3.556028754e-02 -3.065012954e-02 -5.307809636e-02 2.726137824e-02 -8.101892471e-02 -5.125150457e-02 9.642778337e-02 -7.867666893e-03 8.052461594e-02 -1.037041172e-01 -1.045368612e-03 1.092054620e-01 8.770418167e-02 -6.401509792e-02 -3.958820924e-02 -9.405641258e-02
-2.793534845e-02 1.049904302e-01 -4.280301556e-02 3.031747648e-03 8.761716634e-02 8.511155099e-02 -5.500907078e-03 -3.120618640e-04 8.923069388e-02 8.832436055e-02 -4.903862998e-02 -4.324841127e-02 -8.175884187e-02 6.333394349e-02 -8.610172570e-02 9.559601545e-02 8.622930199e-02 7.922516018e-02 1.111796871e-01 1.766077802e-02 -1.597606391e-02 -5.061829090e-02 -9.874173999e-02 6.729362532e-03 -8.639587462e-02 1.946816221e-02 -8.633077145e-02 1.063511670e-01 3.294590488e-02 -5.823779106e-02 -1.738717966e-02 -2.928055823e-03 6.120712310e-02 5.538451951e-04 -7.821966708e-02 -1.002753302e-01 2.520818636e-02 -7.148822397e-02 -4.107645527e-02 -4.316221923e-02 4.776481912e-02 5.348368082e-03 6.256794930e-02 5.207622796e-02 -1.915860549e-02 -4.368547723e-02 -9.295842610e-03 -6.445987523e-02 -2.546105906e-02 7.609359920e-02 8.616622537e-02 5.064686760e-02 -7.364541292e-02 4.762502015e-02 2.194389142e-02 -2.419015393e-02 -9.750767640e-05 -5.072358251e-02 -9.544779360e-02 2.896741591e-02 -5.594554916e-02 -8.350799233e-02 -5.448610336e-02 -6.271418929e-02 -6.620023400e-02 -8.294852078e-02 -3.192653880e-02 5.176975206e-02 9.081974626e-02 -6.739984732e-03 -6.754089892e-02 2.409928292e-02 1.015174463e-01 9.631280601e-02 -6.821116060e-02 7.461825758e-02 -4.677278921e-02 6.274122000e-02 -4.002553970e-02 6.670609862e-02
-6.423427165e-02 -7.500869781e-02 2.783478983e-02 7.506975532e-02 1.850124076e-02 7.290604524e-03 -5.731987953e-02 -3.012259491e-02 -2.705052868e-02 -5.490620434e-02 4.541151971e-02 1.702548563e-02 2.053257637e-02 4.972486198e-02 1.123630628e-02 -7.779822499e-02 3.510580212e-02 -7.307957858e-02 -3.811971471e-02 -9.873548895e-02 -2.070092224e-02 -8.790548891e-02 9.288081527e-02 3.814224154e-02 5.018094555e-02 1.026419252e-01 -8.027441800e-02 4.890609533e-02 1.104418486e-01 1.015838161e-01 -2.912188694e-02 2.798520960e-02 -8.480670303e-02 -8.419370651e-02 4.240861535e-02 -2.207763866e-02 3.947144374e-02 4.165120889e-03 1.501966082e-02 -5.076457933e-02 -4.619234055e-02 1.793102920e-02 6.729247421e-02 -9.890614450e-02 -1.091945767e-01 8.865721524e-03 8.753492683e-02 6.125678495e-02 -2.698042430e-02 2.751646331e-03 1.781887375e-02 4.073060676e-02 4.323873669e-02 3.836037964e-02 9.492356330e-02 8.190031350e-02 8.037999272e-02 -4.921833053e-02 1.525897812e-02 3.474847600e-02 2.512229979e-02 -6.038811803e-02 1.043553352e-01 8.364974521e-03 2.402839018e-03 -6.159899384e-02 1.018108893e-02 -2.117877081e-02 -6.991498917e-02 6.474610884e-03 -6.135410443e-02 -3.680473566e-02 -4.549139366e-02 8.750101924e-02 6.820059381e-03 1.660479978e-02 3.295215720e-04 -4.424604028e-02 1.602784358e-02 -9.966998547e-02
-6.787970662e-02 -4.250217602e-02 5.785177276e-02 1.601971313e-02 -2.979681827e-02 -7.400904596e-02 -8.463815786e-03 5.091318861e-02 -3.489240631e-02 1.107383869e-03 8.321303129e-02 -7.406736910e-02 5.501546431e-03 -5.313767120e-02 -8.052632958e-02 2.574913017e-02 -3.508846089e-02 -1.083171219e-01 9.768871218e-02 -9.949462861e-02 5.905912817e-02 -6.165041123e-03 -1.837523840e-02 -3.293834999e-02 -3.484221175e-02 -1.665263437e-02 6.049439684e-02 -1.336973347e-02 8.850715309e-02 -4.852595553e-02 1.804783568e-02 1.036039963e-01 -9.082141519e-02 3.790176287e-02 4.629486054e-02 8.341184258e-02 5.197466910e-02 -7.575185597e-02 6.801854819e-02 -9.433440864e-02 4.042184725e-02 6.104665343e-03 1.010797098e-01 5.111242831e-02 5.082082376e-02 -9.986200929e-02 6.608877331e-02 -6.119215488e-02 9.385253489e-02 6.851674616e-02 -6.163668586e-04 -6.521563977e-02 -2.499933541e-02 2.710166946e-02 -3.812520579e-02 -8.521165699e-02 -7.973065972e-02 5.367290974e-02 5.550785735e-02 5.940652266e-02 -5.601286888e-02 -2.975763381e-02 -1.088937372e-01 4.514341429e-02 2.210410684e-02 -1.099628434e-01 6.111232191e-02 3.178301081e-02 -2.573753521e-02 7.911389321e-02 5.104569346e-02 1.058402210e-01 -5.048915744e-02 -7.151081413e-02 6.095082685e-02 6.248842552e-02 3.162264824e-02 -8.608884364e-02 -1.000315547e-01 7.036667317e-02
5.725985020e-02 9.923224896e-02 6.721189618e-02 -2.636412391e-04 -1.856962778e-02 -9.503706358e-03 -6.156717986e-02 2.070496045e-02 5.212490261e-02 -9.667720646e-02 7.362940907e-02 5.118318647e-02 -9.604488313e-02 1.028868854e-01 -7.732693106e-02 1.067032516e-01 -9.648436308e-02 -6.653437763e-02 4.466564581e-02 7.675157487e-02 5.718963593e-02 -3.493424505e-02 7.035528123e-02 6.127149798e-03 3.726457804e-02 -2.147225291e-02 -3.787373379e-02 -2.233093604e-03 1.817214675e-02 -8.763989061e-02 6.284744292e-02 -8.183932304e-02 -1.105247885e-01 -6.845337152e-02 4.467624053e-02 -6.432947703e-03 -6.142755598e-02 6.976002455e-02 7.514835149e-02 3.687052429e-02 -7.850874960e-02 -6.729397178e-02 3.042128868e-02 5.680724233e-02 -9.562749416e-03 4.996335134e-03 -5.228358507e-02 -9.991149604e-02 -3.552637994e-02 -2.921562269e-02 7.222207636e-02 -8.725199103e-02 -6.878289394e-03 7.063314319e-02 -8.025082946e-02 6.516297907e-02 3.027962521e-03 -5.207546800e-02 -3.420338966e-03 5.183000863e-02 8.571972139e-03 5.511790514e-02 7.333647460e-02 3.423745558e-02 -3.378161043e-02 1.910121553e-02 8.916674182e-03 1.328167506e-02 4.034890607e-02 1.083854958e-01 -4.157626629e-02 -9.750374407e-02 1.921634190e-02 6.463281810e-02 9.475516528e-02 -3.704946488e-02 -1.111637056e-01 7.836923748e-02 -8.898892254e-02 -5.357352272e-02
3.724187985e-02 -9.863622487e-02 2.858890034e-02 -1.595443301e-02 8.638189733e-02 1.613849215e-02 -5.531366542e-02 3.689156845e-02 -1.553973276e-02 -6.360339373e-02 -8.607767522e-02 -1.830679923e-02 1.014175341e-01 2.975929994e-03 2.403665520e-02 6.197420508e-02 -9.345635772e-02 2.054277249e-02 5.176575109e-02 -4.418738186e-02 -4.473064560e-03 3.768307716e-02 5.265903473e-02 -5.917550996e-02 4.915856943e-02 -7.245355844e-02 -2.942103520e-02 -4.714659974e-02 -3.972888738e-02 -3.789299354e-02 7.143227756e-02 -1.027582139e-01 -5.398377404e-02 8.058676124e-02 3.891134635e-02 -5.124621466e-02 1.042091288e-02 6.608157419e-04 9.074699134e-02 4.987512249e-03 4.310862720e-02 1.618570089e-02 -1.077399030e-01 2.987538651e-02 7.118276507e-02 7.150952518e-02 -6.835620850e-02 -6.391814351e-02 3.511570394e-02 -9.855288267e-02 -8.492098749e-02 -2.168642171e-02 -2.293989249e-02 6.172302365e-02 -1.100384071e-01 9.100914001e-02 -7.570087165e-02 5.089832470e-02 1.039658953e-02 -5.493186042e-02 -8.838641644e-02 6.788570434e-02 3.105692752e-02 -5.080284551e-02 -5.176649895e-03 -4.568278417e-02 -1.661899500e-02 -1.069200858e-01 -9.341784567e-02 -1.898820698e-02 1.287581120e-02 -9.375397116e-03 -9.391494840e-02 5.485479906e-02 -4.832566157e-02 8.522008359e-02 -1.455737860e-03 -1.013467759e-01 -3.396188468e-02 4.883937538e-02
-1.084179357e-01 5.837079138e-02 -1.097612828e-01 5.220307037e-02 7.515680045e-02 2.284863591e-02 8.504518121e-02 6.415200979e-02 4.107881337e-02 8.245381713e-02 1.298736688e-02 5.140929669e-02 -4.918950424e-02 -8.832337707e-02 -8.242055774e-02 5.058661103e-02 -6.746990234e-02 4.556555301e-02 6.934428215e-02 -6.289751083e-02 -8.751183003e-02 2.575734071e-02 5.345832929e-02 1.046769023e-01 2.676796168e-03 -5.567187071e-02 -4.308510572e-02 -1.070912555e-01 8.550749719e-02 -3.983143345e-02 -3.061811626e-02 1.036609039e-01 -5.434272066e-02 9.013471752e-02 -4.244197533e-02 1.072545350e-01 -1.005376354e-01 -5.542027950e-02 -7.193579525e-02 -8.350323141e-02 7.300969958e-02 -8.586101234e-02 -3.152039647e-02 4.820077866e-02 1.003020331e-01 3.579665720e-02 8.896138519e-02 7.841008157e-02 -9.639903903e-02 -7.000144571e-02 1.183098927e-02 -8.645394444e-02 -9.401540458e-02 -5.897235125e-02 4.375836626e-02 4.714626819e-02 2.851486439e-03 3.284698352e-02 -8.447408676e-02 -2.869119344e-04 4.660442844e-02 -1.042068601e-01 9.507824481e-02 -5.058911815e-02 1.291772723e-02 -1.022450849e-01 -2.478102455e-03 9.608490765e-02 -7.011006773e-02 -4.578474537e-02 -2.966783009e-02 -1.596067101e-02 -7.898993045e-02 -2.016027085e-02 5.575550348e-02 -2.623578906e-02 -9.793954343e-02 -3.179753944e-02 -9.463434666e-02 -9.564041975e-04
-7.267989963e-02 -9.228672087e-02 -5.269965902e-02 -2.971291728e-02 -1.016527936e-01 -6.679134071e-02 3.498523682e-02 1.117268801e-01 4.492555559e-02 -1.099198461e-01 6.690645963e-02 -1.459905505e-02 -5.324744061e-02 4.515866190e-02 5.037582666e-02 9.965041652e-03 1.092779562e-01 7.901360095e-02 -7.130949944e-02 -9.408529848e-02 -1.012533903e-01 -7.135540247e-02 4.369140789e-02 -1.015588045e-01 1.076450571e-01 7.343573868e-02 5.136304721e-02 -4.019286018e-03 -3.876847029e-02 -5.008094758e-02 -4.671346769e-02 -1.007756367e-01 -5.653269961e-02 -9.064328671e-02 4.357598722e-02 5.367877334e-02 -3.157446533e-02 -1.250357367e-02 3.706864314e-03 1.923326962e-02 5.039837956e-02 9.306691587e-02 5.134854466e-02 -5.190489814e-02 -7.422735542e-02 -5.407048389e-02 9.856065363e-02 1.063059196e-01 -1.236145664e-02 -1.104748994e-01 1.101705581e-01 1.766577549e-02 7.307485491e-02 6.348451972e-02 -9.272994846e-02 4.274842516e-02 -2.597841062e-02 -5.887084454e-02 5.814285576e-02 8.226710488e-04 -6.450978667e-02 -1.040441021e-01 -8.020623028e-02 1.797334664e-02 2.799060754e-02 6.811292470e-02 1.273186877e-02 -8.260444552e-02 -8.212001622e-02 8.593779057e-02 -2.879168652e-02 -1.443128195e-02 -2.897986397e-02 -1.091481671e-01 -5.413081869e-02 -3.840789571e-02 -8.816143870e-02 -8.121722937e-02 1.029382795e-01 6.060736254e-02
6.440490950e-03 -6.430944055e-02 7.165847719e-02 7.510032505e-02 -4.501853138e-02 -5.252762139e-02 -8.576149493e-02 1.115428060e-01 -1.406917349e-03 -5.734480172e-02 -7.315061241e-02 3.955578431e-03 8.366346359e-02 -6.500788033e-02 -1.533358824e-02 -8.322414756e-02 -8.455152623e-03 -6.794434786e-02 2.593453601e-02 -3.099172749e-02 -8.354276419e-02 -2.873164415e-02 3.235728666e-02 -9.519215673e-02 5.137006938e-02 2.877098881e-02 -2.194123901e-02 4.008657113e-02 7.354614884e-02 8.403580636e-02 1.298622042e-02 6.135206670e-02 7.851482928e-02 8.109118789e-02 -5.000932142e-02 -7.268362492e-02 4.516087472e-03 -1.110642254e-01 -8.469089121e-02 6.442236155e-02 5.533365905e-02 2.553944103e-02 5.175130791e-04 4.184433445e-02 -1.899221912e-02 8.318044245e-02 6.787789613e-02 2.969469875e-02 3.397970647e-02 1.056798846e-01 5.791863799e-02 -8.779286593e-02 -5.365041271e-02 -5.408575758e-02 4.884858429e-02 -8.236361295e-02 -1.021081954e-01 3.843093663e-02 -5.448002741e-02 9.037010372e-02 -9.451819956e-02 -1.127566397e-02 6.114714965e-02 -5.804729462e-02 -3.005133010e-02 -3.295903280e-02 -3.493513539e-02 -1.009025797e-01 -1.517418493e-02 2.649825625e-02 -7.276287675e-02 5.888544023e-02 7.286059856e-02 7.735297084e-02 1.181431580e-02 1.083444878e-01 -3.881591931e-02 9.789215773e-02 -7.354228199e-02 2.515439503e-02
8.211087435e-02 1.039541736e-01 -2.320951782e-03 -3.593345731e-02 -3.844958544e-02 -7.161141932e-02 -1.932440512e-02 1.998440921e-02 1.108896583e-01 3.436229751e-02 -7.750678062e-02 5.385342613e-02 -1.265075430e-02 2.881241217e-02 9.519486874e-02 7.206342369e-02 8.251167089e-02 -1.098127812e-01 9.136475623e-02 5.020662770e-02 -3.611974418e-02 5.214314908e-02 1.009482294e-01 -6.513494253e-02 -8.944483101e-02 -9.147475474e-03 -4.229591414e-02 6.930965930e-02 1.070642564e-02 6.042802334e-02 1.812313870e-02 -1.683713403e-03 -6.578340381e-02 7.567033917e-02 -8.756057173e-02 -4.880920053e-02 -4.520588368e-02 -4.499783367e-02 4.561905190e-02 6.945369393e-02 9.028388560e-02 -5.724906549e-02 1.076880172e-01 -9.670072049e-02 2.316140383e-02 -6.348118931e-02 1.020835638e-01 4.140861332e-02 -5.841457471e-02 5.036123469e-02 -2.060616016e-02 -1.929400489e-02 -8.189992607e-02 1.592048630e-02 -7.492124103e-03 -1.605632529e-02 -4.534336179e-02 7.592442632e-02 8.649843931e-02 -8.407675475e-02 5.006098002e-02 2.523597516e-02 3.610465676e-02 -3.036400490e-02 -1.979424432e-02 -7.007191330e-02 8.675396442e-02 -2.289986983e-02 -3.594217449e-02 -3.872511536e-02 9.905861318e-02 6.793522090e-02 2.459953539e-02 -9.661670029e-02 -1.069572289e-02 -5.646228790e-02 4.411138594e-02 -2.834716998e-02 6.981405616e-02 1.065263227e-01
-2.126603015e-02 -2.295066230e-02 1.025156081e-01 8.492458612e-02 -8.879374713e-02 8.741839230e-02 2.679120563e-02 -6.414080411e-02 -8.638949692e-02 -4.560784250e-02 9.325874597e-02 -6.937645376e-02 -6.872697175e-02 8.138641715e-02 -5.504450947e-02 8.038222790e-02 7.200912386e-02 7.105135918e-02 -1.415012777e-02 -1.168656629e-02 6.375957280e-02 6.698078662e-02 7.105098665e-02 5.472700670e-02 4.222439602e-02 -5.536992475e-02 7.279158384e-02 -1.069270670e-01 4.683365673e-02 1.089292914e-01 4.512516782e-02 -3.319059312e-02 1.358276792e-02 7.951325923e-02 7.616062462e-02 6.311552227e-02 9.394997358e-02 -6.606640667e-02 -9.524885565e-02 -7.875699550e-02 9.419939667e-02 -2.776492387e-02 -9.351515025e-02 4.923857749e-02 5.682234466e-02 -7.280422002e-02 -6.129518151e-02 -4.405600950e-02 -2.136730962e-02 -2.041389048e-02 1.213585399e-02 1.284427661e-02 -1.121770125e-02 3.423900157e-02 2.312427200e-02 5.811475962e-02 -7.648762316e-02 -8.739717305e-02 9.775810689e-02 1.045477949e-02 -2.363844030e-02 4.373780265e-02 -2.347342670e-02 7.257984579e-02 -5.608225241e-02 7.937162369e-02 -2.652321942e-02 -4.941874370e-02 -1.007457003e-01 -5.247218907e-02 7.510881871e-02 7.314858586e-02 8.194989711e-02 -9.502775967e-02 -2.521379665e-02 -8.013447374e-02 1.379507035e-02 1.072451100e-01 -6.152723730e-02 8.436712623e-02
-4.661114886e-02 5.194177479e-02 -1.037599444e-01 7.626688480e-02 -2.253205702e-02 -5.817496404e-02 1.058578026e-02 -1.064658258e-02 -5.879002437e-02 -1.026144996e-01 -9.144492447e-02 -7.672546804e-02 1.993109658e-02 1.342050033e-03 1.684307866e-02 -7.402400021e-03 -4.748110473e-02 -5.629226193e-02 -5.900645629e-02 1.456694771e-02 -5.023626983e-02 -6.912746280e-02 -2.249957621e-02 8.033512533e-02 -7.054872345e-03 -6.675183028e-02 -5.130239204e-02 -5.419003591e-02 2.787381411e-02 -9.535556287e-02 5.728590488e-02 2.759657800e-02 -7.856135815e-02 8.111232519e-02 -5.504714698e-02 2.585147507e-02 2.904741094e-02 2.219765680e-03 4.978639632e-02 -2.994629089e-03 -7.978858799e-02 -2.839204669e-02 -9.314755350e-02 2.064947598e-02 9.333303571e-02 6.086611375e-02 6.551517546e-02 -3.714017570e-02 -1.728210226e-02 4.646556452e-02 1.493350789e-02 -3.790837526e-02 9.028363042e-03 -7.050055265e-02 9.482293576e-02 5.922111683e-03 -4.671746492e-02 -3.737441450e-02 -7.813848555e-03 -2.985207550e-02 1.056902558e-01 -9.927149862e-03 -2.850250900e-02 7.370540500e-02 1.062726602e-01 4.999495298e-02 7.213128731e-03 -7.942305505e-02 1.018114835e-01 6.115740910e-02 3.190878779e-02 -1.091136709e-01 -1.148114214e-03 6.623920798e-02 -2.226048522e-02 -2.570212120e-03 2.389905602e-02 -8.315237612e-02 1.923132315e-02 -6.947524101e-02
-5.118754506e-02 7.099560648e-02 -1.139008533e-02 8.272967488e-02 7.899671793e-02 -1.108156070e-01 -3.271109238e-02 -4.232719541e-02 5.024056137e-02 1.247887686e-02 3.372416645e-02 8.337765932e-02 2.483580261e-02 -3.651557118e-02 1.093647033e-01 7.157094032e-02 -3.905569017e-02 -1.116552278e-01 5.319340900e-02 9.215834551e-03 2.481808886e-02 5.885230377e-02 -1.091248393e-01 -9.950794280e-03 5.289955437e-02 8.000145853e-02 -5.559869856e-02 -9.522516280e-02 1.453899965e-02 -1.095374674e-01 6.452066451e-02 2.792725898e-02 9.207063168e-02 -3.565147752e-03 9.670079499e-02 -1.097782627e-01 -5.234369636e-02 6.736382097e-02 2.493629418e-02 7.076325268e-02 -4.355815426e-02 -7.041380554e-02 -2.123588137e-02 8.092337288e-03 -3.312615305e-02 9.756845981e-02 8.322362602e-02 6.803093012e-03 -5.024234951e-02 6.965161115e-02 1.079378873e-01 1.574842259e-02 -1.282589789e-02 9.900031984e-02 -6.086653844e-02 1.018545777e-01 -4.120129719e-02 -1.066156477e-01 4.721874371e-02 -6.176964566e-02 7.434280217e-02 -3.872371512e-03 -3.703505732e-03 -5.260363221e-03 4.447337613e-02 2.780418843e-02 -1.652192697e-02 3.069948405e-02 -5.012128968e-04 7.051053643e-02 -8.322714269e-02 9.037079290e-03 -7.539359480e-02 -4.416843131e-02 -1.659321785e-02 -9.801333770e-03 3.966775164e-02 -8.824735135e-02 7.787675411e-02 -2.038335614e-02
1.992995106e-02 6.322941184e-02 3.313564137e-02 1.046828553e-01 5.888481066e-02 9.139438160e-03 -3.419337794e-02 9.913275950e-03 9.964349866e-02 1.072287187e-02 4.975375906e-02 1.110531092e-01 -1.531634200e-02 -1.679200493e-02 -1.767795719e-02 9.571670741e-02 -5.031731725e-02 6.234779954e-02 1.101156995e-01 -6.151222810e-02 -9.096720815e-02 1.070393398e-01 -7.368510962e-02 1.207591780e-02 -2.710396051e-02 -1.116048619e-01 -9.588581324e-02 -3.105651401e-02 1.059535220e-01 1.053055450e-01 6.036588550e-02 -1.056750119e-01 1.972671226e-02 -1.086268649e-01 -3.371743485e-02 1.098900586e-01 -1.263014972e-03 -5.323303118e-02 -5.220009759e-02 4.764651880e-02 -1.063577235e-01 -1.082858071e-01 3.371613100e-02 6.087815017e-02 1.160217356e-02 -1.046961695e-01 8.250663429e-02 -9.103137255e-02 -5.706784432e-04 1.594859548e-02 4.710442945e-02 2.533932030e-02 -3.706695139e-02 1.040118709e-01 -4.931995645e-02 -1.566684246e-02 -6.258935481e-02 -1.308650058e-02 -5.202938244e-02 1.535913814e-02 1.111602262e-01 7.669253275e-03 5.185336992e-02 -2.769407257e-02 4.918647930e-02 -8.765830845e-02 8.103849739e-02 7.886779308e-02 -6.505281478e-02 4.680531099e-02 -5.182233080e-02 -5.862956867e-02 3.119624406e-02 7.971161604e-02 -6.734822690e-02 4.156071227e-03 5.489378050e-02 -1.755018160e-02 1.729990914e-02 -4.156851023e-02
-9.086316079e-02 -7.690868527e-02 9.155141562e-02 -6.599245220e-02 2.717757225e-02 8.212135732e-02 2.987441421e-02 -5.807812139e-02 -1.083859205e-01 5.169226322e-03 -2.857245505e-02 6.694601476e-02 8.446795866e-03 -3.598960815e-03 8.057057858e-03 1.005721837e-01 -1.067394763e-01 7.325273007e-02 -1.781354309e-03 -7.601517439e-02 -4.483027384e-02 -5.252630264e-02 -9.818873554e-02 8.835441619e-02 -2.847128082e-03 8.002009243e-02 -9.090796858e-02 9.088244289e-02 -6.820812076e-02 6.880795211e-02 -1.070513874e-01 -3.454894572e-02 -8.768735081e-02 -8.318498731e-02 -7.257290184e-02 6.731519103e-02 -5.019979086e-03 3.108352982e-02 -9.156054258e-02 -5.606219545e-02 -4.449096695e-02 9.864815325e-02 1.065288782e-01 6.509086490e-02 3.560593352e-02 8.484813571e-02 3.942741826e-02 7.329934090e-02 -7.123567164e-02 3.446341725e-03 4.827232286e-02 1.045694798e-01 2.882323414e-02 -8.287049830e-02 2.886972204e-02 -1.033745036e-01 -6.513715256e-03 1.060848162e-01 -9.099616110e-02 -6.780151278e-02 -5.274290964e-02 -9.923204035e-02 4.295520857e-02 9.617791325e-02 -6.896462291e-02 -7.649767399e-02 7.008689642e-02 -6.542553008e-02 -7.633391768e-02 -7.696574181e-02 -1.051349416e-01 -1.065528467e-01 9.096220136e-02 1.765187480e-03 -9.995119274e-02 4.839131609e-02 -6.646531075e-02 7.626397908e-02 6.289882213e-02 5.117860064e-02
4.973252490e-02 -9.650394320e-02 9.447055310e-02 -1.076067053e-02 7.650969923e-02 3.666977584e-02 7.366259396e-02 3.399776295e-02 -4.180798680e-02 4.641581327e-02 -7.358848304e-02 -1.404010504e-02 -5.835778266e-02 4.130022973e-02 -4.552158341e-02 8.209783584e-02 -1.010363847e-01 8.385260403e-02 -2.023284324e-02 2.975054272e-02 -3.351827711e-02 1.116977185e-01 7.861493528e-02 2.029993571e-02 -8.869490772e-02 1.150478609e-02 -2.741624974e-02 6.155691668e-02 1.469749585e-02 3.680035099e-02 1.224071812e-02 -5.572998151e-02 -3.472166136e-02 8.270444721e-02 1.753005572e-02 -3.957617446e-04 2.166573657e-03 -2.998218313e-02 -1.012559608e-01 6.259658188e-02 1.243029628e-02 -8.485794812e-02 2.439516410e-02 -8.345117420e-02 -2.874038741e-02 -5.353974923e-02 9.302905202e-02 6.598402560e-02 1.095649302e-01 6.898305565e-02 7.704707235e-02 -8.342731744e-02 6.528366357e-02 5.271564052e-02 6.602440774e-02 -9.321799129e-02 1.758378185e-02 -1.107524186e-01 -7.258081436e-02 -2.342803217e-02 -3.759806976e-02 -4.807052389e-02 9.088744223e-02 5.546408705e-03 8.691538870e-02 7.898075134e-02 2.741530305e-03 -1.737603731e-02 1.108171418e-01 -4.792604968e-02 -9.605585597e-03 1.047281325e-01 6.539715827e-02 1.010211855e-01 2.021014504e-02 9.974639118e-02 -5.444093794e-02 -5.565771461e-02 1.012344211e-01 1.425940450e-02
7.620969415e-02 7.635406405e-02 9.879862517e-02 -1.101761386e-01 -1.117666662e-01 -5.029045045e-02 -9.774938971e-02 2.138614096e-02 -1.913454756e-02 -8.045536280e-02 -5.095944926e-02 -1.442946959e-02 -9.383390099e-02 4.380556196e-02 -8.392951638e-02 -1.050879657e-01 2.866064571e-02 1.102210730e-01 -4.539358243e-02 3.290043026e-02 -6.042209268e-02 -4.688282683e-02 -3.942736611e-02 -8.251713589e-03 -3.610950708e-02 2.159982920e-02 -6.621675938e-02 1.011682115e-02 -7.481618971e-02 -2.016520314e-02 -1.036682501e-01 6.105414405e-02 3.760229796e-02 -3.779424727e-02 -6.266243756e-02 -9.926991910e-02 9.911047667e-02 6.275565177e-02 7.716365159e-02 5.881664157e-02 -2.492876537e-02 -5.189324729e-03 4.469973966e-02 4.049144685e-02 4.406384751e-02 -3.323144466e-02 9.250668436e-02 4.292603582e-03 -2.245311439e-02 5.801769346e-02 3.175650164e-02 -3.225510195e-02 3.913371265e-02 7.262562215e-02 7.915870845e-02 -1.091013029e-01 -8.328387141e-02 8.469151706e-02 -2.746860310e-02 7.951282710e-02 6.639078259e-03 -7.426320761e-02 -3.231943399e-02 9.355738759e-02 2.520685317e-03 -8.562986553e-02 7.146427780e-02 5.542005226e-02 8.173380792e-02 6.101927906e-02 -7.756708562e-02 -5.479051545e-02 -2.472767234e-02 9.819285572e-02 9.375677258e-02 -1.827933080e-02 -9.979560971e-02 4.757123068e-02 -5.673318170e-03 8.731232584e-02
7.843151689e-02 5.524026975e-02 1.647778414e-02 2.077036072e-03 -3.132835031e-02 1.972080767e-02 1.085781530e-01 -2.544650435e-02 9.935955703e-02 8.507104591e-03 -8.592917025e-02 -7.341796160e-02 8.498649299e-02 -6.588124484e-02 8.664762974e-02 -7.797028869e-02 4.253857583e-02 4.152977839e-02 -6.784220459e-04 5.221750587e-02 8.728024364e-02 -3.364910558e-02 -9.099382907e-02 -1.297541149e-02 2.434952930e-02 6.769108772e-02 5.739340931e-02 -3.002092941e-03 5.172482133e-02 -6.567890942e-02 7.633897662e-02 3.738310561e-02 -6.556060910e-02 9.143301100e-02 -3.273531049e-02 2.040221542e-02 3.533876315e-02 -5.446923152e-02 -4.675045237e-02 -3.950385749e-02 -2.026578970e-02 -1.164042484e-02 -6.534287333e-02 -6.731360406e-02 -8.302263916e-02 4.701555893e-02 -4.590986669e-02 9.441430867e-02 9.253586084e-02 -3.802997991e-02 -8.571341634e-02 -4.295839369e-02 7.514385879e-02 8.789060265e-02 6.853941828e-02 1.075609103e-01 -1.756028458e-02 -9.639598429e-02 -6.377845258e-02 1.993628033e-02 5.688397214e-02 -8.304671198e-02 -7.368095964e-02 6.467764080e-02 8.967027813e-02 4.924613237e-02 1.600966416e-02 4.231107980e-02 -3.075303510e-03 -4.382760823e-02 -4.587930813e-02 -1.043561772e-01 6.757035106e-02 -1.035934165e-01 5.126092955e-02 -3.673283011e-02 -5.267292261e-02 -4.025768861e-02 -1.117340773e-01 1.014452726e-01
3.872632608e-02 1.501811482e-02 1.076002270e-01 -6.823999435e-02 -1.198783331e-02 -5.129855126e-02 8.690896630e-02 -1.070382074e-01 -6.779635698e-02 -1.053976119e-01 -2.680950612e-02 1.084221900e-01 1.638692617e-02 -7.970818877e-02 9.826596826e-02 8.640918136e-02 8.891624212e-02 -1.035795659e-01 1.089596450e-01 -1.083272919e-01 3.948967531e-02 6.035203859e-02 -1.103216559e-01 -6.059892848e-02 1.806301624e-02 -1.726203016e-03 3.973099217e-02 6.490736455e-02 -1.916276291e-02 1.288558077e-02 8.483100682e-03 -1.092942283e-01 -4.787043110e-02 -5.078419670e-02 -1.110830083e-01 -2.933654934e-02 4.294006899e-02 -7.453579456e-02 1.204153150e-02 -2.093037590e-02 -7.204502821e-02 -8.111712337e-02 7.996095717e-02 2.069825679e-02 -1.100145951e-01 2.199340425e-02 5.428791791e-02 -9.033232927e-02 6.472415477e-02 -7.975906879e-02 -6.955097616e-02 8.063643426e-02 -8.232814260e-03 2.469793707e-02 8.983635157e-02 7.671437413e-02 -3.393597528e-02 -4.763387144e-02 4.268576950e-02 -3.882047720e-03 7.537540793e-02 -3.011910245e-02 -1.045362130e-01 5.912087858e-02 2.757831849e-02 4.746224731e-02 7.108698785e-02 6.573669612e-02 4.372486100e-02 -8.153042197e-02 6.339663267e-02 8.954390883e-02 -2.400142886e-02 -8.124919236e-02 -1.911089057e-03 -5.902359728e-03 -8.758962899e-02 -1.078200564e-01 -7.280235738e-02 -5.500865728e-02
1.057866439e-01 -7.944998890e-02 -5.758410692e-02 1.140866429e-02 -9.262280166e-02 1.091981456e-01 -1.035247445e-01 2.593103051e-02 -7.954475284e-02 -7.971588522e-02 1.380184107e-02 -1.511009131e-02 -9.345037490e-02 7.572039962e-02 9.838252515e-02 -2.583464235e-02 -5.559137091e-03 -6.807070225e-02 -3.260484338e-02 3.289497923e-03 -5.668555945e-02 -1.019546837e-01 -4.310600087e-02 -9.951537848e-02 2.489799075e-02 7.737391442e-02 6.080275401e-02 1.033180282e-01 3.907248378e-02 -2.977822442e-03 3.194689006e-02 9.014005959e-02 -1.280093472e-02 -7.780006528e-02 6.682779640e-02 1.060843747e-02 4.209046066e-02 -1.042612568e-01 -8.947657794e-02 -9.754512459e-03 -8.226575702e-02 1.134458371e-02 5.243156571e-03 6.728745252e-02 -8.127558976e-02 -9.407895058e-02 2.852139436e-02 2.878058515e-02 -9.482905269e-02 -4.108956829e-02 6.261060387e-02 -1.099526063e-01 -6.358923856e-04 -1.025964692e-01 7.449410111e-02 1.412579138e-02 -1.000972018e-01 -9.884896129e-02 -5.789548904e-02 -7.077832520e-02 8.175264229e-04 -3.689477965e-02 1.049673036e-01 -2.825464867e-02 6.995376945e-02 -8.730215579e-02 3.028755449e-02 5.372708663e-02 6.808317453e-02 2.305215411e-02 -8.802121133e-02 9.712103009e-02 8.542536944e-02 -5.600921437e-02 -5.420752335e-03 5.413472652e-02 -7.250320911e-02 -8.520752937e-02 -8.608276397e-02 -9.582675062e-03
1.906135119e-02 -2.186706848e-02 3.167882562e-02 1.444462407e-02 -2.619448490e-02 -2.116486939e-05 2.199000679e-03 -2.478959411e-02 -4.648047965e-03 -2.710110880e-02 -5.354322866e-02 -2.621976845e-02 -2.200374752e-02 -2.571676858e-02 2.548144944e-02 -3.315261006e-02 3.526980430e-02 1.073343083e-01 -3.121217154e-02 4.748558253e-02 2.587687783e-02 4.737734795e-02 3.506561741e-02 -2.840161510e-02 5.002104864e-02 9.625375271e-02 1.083786339e-01 1.815868542e-02 5.663605779e-02 4.304934666e-02 7.890622318e-02 -8.657854050e-02 1.535172807e-03 -5.777961388e-02 -1.022701263e-01 8.928968012e-02 -7.190214097e-02 1.103242710e-01 5.138106644e-02 -7.221621275e-02 8.497599512e-02 7.913199812e-02 -6.037531048e-02 -8.103780448e-02 1.095985994e-01 -6.529901922e-02 2.337218635e-02 1.381847396e-04 -9.037122130e-02 8.116662502e-02 1.058145538e-01 -4.389805719e-02 7.539611310e-02 -1.007452980e-01 3.860360384e-02 -1.670601219e-02 -6.062775385e-03 6.438044459e-02 -4.250390828e-02 3.242663294e-02 -6.873604655e-02 5.233836547e-02 8.095389232e-03 4.384572059e-02 4.846595228e-02 5.067169666e-02 7.395806164e-02 -6.045329198e-02 -7.453919202e-02 -1.489910856e-02 -7.716350257e-02 6.265353411e-02 1.054476053e-01 -5.054483935e-02 7.836089283e-02 3.872687370e-02 9.039039910e-02 -2.771398425e-02 -3.040272184e-02 -8.470427245e-02
-9.689753503e-02 9.565125406e-02 -1.645244658e-02 2.027138695e-02 -5.648125336e-02 -3.983537853e-02 -6.758476049e-02 -3.808579594e-02 8.107309788e-02 5.578726530e-02 2.140561305e-02 2.598062344e-02 -5.864156410e-02 -3.965159878e-02 -2.174107917e-02 -1.850910485e-02 -5.401369557e-02 -1.970446669e-02 -1.143841259e-02 1.236601453e-02 1.111744717e-02 -5.950727034e-03 6.766763330e-02 3.370912001e-02 -1.026481390e-01 6.375195831e-02 -5.372440815e-02 7.468393445e-02 -9.475101531e-02 7.525517046e-02 -9.783504903e-02 4.712348804e-02 -7.668085396e-02 -3.795186430e-02 6.060283165e-03 -6.815599650e-02 4.932835326e-02 -9.359729290e-02 -8.023684472e-02 -8.427071571e-02 -1.012895107e-01 1.082762182e-01 -9.712155163e-02 -7.596945018e-02 -2.029440366e-02 -4.600081965e-02 -1.114600673e-01 -2.456312440e-02 -3.153336421e-02 1.083878055e-01 -1.016405970e-01 7.236492820e-03 -8.230892569e-02 4.767518863e-02 -5.747000501e-02 -9.166373312e-02 -3.108266369e-02 -8.691345900e-02 9.930899739e-02 8.094107360e-02 -8.811916411e-02 1.920101419e-02 4.886939190e-03 -1.126917358e-02 -5.059074238e-02 -3.675165027e-02 4.914898425e-02 -1.138728671e-02 -7.699608803e-02 -2.622693963e-02 -9.755802900e-02 5.194793269e-02 -3.219359368e-02 -3.307428211e-02 8.976364136e-02 6.254307926e-02 2.991039865e-02 1.488388795e-02 -1.897257380e-02 -3.986397758e-02
-5.762014538e-02 3.907830641e-02 -2.022585832e-02 -8.003640920e-02 1.822324586e-03 1.751506329e-02 5.436373875e-02 6.919587404e-02 -5.066042021e-02 1.078922004e-01 -8.119278401e-02 1.836001873e-02 1.093373820e-01 -9.603109211e-02 -8.255417645e-02 4.328375682e-02 -5.795750394e-02 -4.454606771e-02 3.479717672e-02 8.719674498e-02 7.150191069e-02 -2.732226066e-02 4.678487778e-02 -8.680832386e-02 -5.771818385e-02 2.177461237e-02 5.333864316e-02 -8.769860864e-02 -8.886457235e-02 -1.200890448e-02 -8.706910163e-02 -4.558017477e-03 1.715220744e-03 1.017547622e-01 -8.515980840e-02 6.610236596e-03 3.878822178e-02 1.033321992e-01 -5.570984259e-02 -6.223047525e-02 5.966801941e-02 1.791274361e-02 -5.830003321e-02 4.347505420e-02 8.092945069e-02 9.749025106e-02 -5.678598583e-02 6.217940245e-03 -1.108246148e-01 5.690600350e-02 -6.795978546e-02 -3.706135228e-02 1.525235362e-02 -3.284593299e-02 -5.950505659e-02 8.450487256e-02 -1.092522964e-01 3.249907121e-02 -1.102823690e-01 -1.764992811e-02 -6.302803755e-02 -9.474052489e-02 -4.160053656e-02 7.934677601e-02 -3.380113840e-02 6.751739886e-03 1.365849841e-02 -6.860665977e-02 7.096713781e-02 -4.935626313e-02 1.092721447e-01 -7.219801098e-02 -2.135514095e-02 8.468180150e-02 -4.379839078e-02 3.043418936e-02 -3.101533046e-03 5.204305518e-03 7.342579961e-02 -7.918349653e-02
1.503398835e-05 -7.932391763e-02 -5.450769514e-02 -5.115887523e-02 8.190590888e-03 -5.642560869e-02 8.120191842e-02 7.476943545e-03 3.711848985e-03 -6.514794659e-03 -4.513181746e-03 6.964000314e-02 -8.672357351e-02 5.980058014e-02 5.556527153e-02 -1.439613663e-02 -1.791534200e-02 3.577964008e-02 -6.140857562e-02 3.235772601e-04 7.206151634e-02 -6.259147823e-02 4.787245765e-03 -1.082344949e-01 -9.015440196e-02 3.321750462e-02 -4.426775128e-02 -7.477468252e-02 6.983175129e-02 -9.404145926e-02 -9.046208858e-02 -2.880458720e-02 -1.131552830e-02 1.066682767e-02 2.293549478e-02 -5.599270388e-02 -5.686175451e-02 -6.178425252e-02 -9.510688484e-02 -4.759545997e-02 7.615829259e-02 -7.054200768e-02 1.329001854e-03 8.749182522e-02 4.328935407e-03 1.050060913e-01 -1.044737399e-01 -1.885672566e-03 3.555972502e-02 1.026051939e-01 -1.138725970e-02 -8.689490706e-02 -1.264406368e-02 -5.664255004e-03 -6.695422530e-02 5.824457388e-03 -4.384585470e-02 -9.240403771e-02 -5.225547776e-02 -2.421503700e-02 -6.256502122e-02 5.836120993e-02 -6.392775476e-02 3.589509800e-02 -8.560737967e-02 7.282740902e-03 -1.057977080e-01 3.668931499e-02 -4.922659323e-02 -4.573015124e-02 -3.092230065e-03 -8.462464064e-02 5.279706046e-02 2.246257663e-02 5.821138620e-03 3.329604492e-02 2.298394218e-02 -4.404841363e-02 -4.854333401e-02 -4.765038565e-02
2.296241745e-02 -7.768879831e-02 -1.147847623e-03 7.310231030e-02 -2.756817499e-03 9.266532958e-02 6.326030195e-02 -1.020308286e-01 -9.100998938e-02 1.056061164e-01 5.119563267e-02 -1.063106880e-01 1.911546290e-02 4.907160252e-02 4.337264225e-02 3.218546137e-02 2.504490502e-02 -7.299385220e-02 4.843036830e-02 2.309612371e-02 -9.571139514e-02 -6.211253628e-02 7.555828989e-02 -3.798974212e-03 1.064151824e-01 5.954780057e-02 -6.021666527e-02 8.028162643e-03 -1.003050655e-01 -6.468407810e-02 -1.073133126e-01 -8.969297260e-02 -3.528735600e-03 -7.494625449e-02 -1.010218561e-01 -8.600457758e-02 -9.455729276e-02 3.563724086e-02 -4.373928159e-02 3.028111719e-02 -3.649460524e-02 -4.415896907e-02 -7.846169174e-03 -1.945152879e-02 6.562095881e-02 -6.135498360e-02 4.775161296e-02 -7.958608121e-02 -3.155568615e-02 -5.011673272e-02 1.462601777e-02 5.299074203e-02 4.714156315e-02 -1.619428396e-02 7.067535073e-02 -1.918845996e-02 -6.358935684e-02 8.054288477e-02 5.584734678e-02 1.534948871e-02 1.842796430e-02 7.779256999e-02 -8.995136246e-03 3.244595975e-02 5.808477290e-03 -9.587568790e-02 -7.976402342e-02 -1.105219871e-01 -1.438276842e-02 -9.100986272e-02 -9.928087145e-02 -7.894529402e-02 -9.519998729e-02 2.524210513e-02 -2.003233507e-02 3.910733387e-02 4.133008420e-02 2.313834615e-03 -5.058114603e-02 -5.874501541e-02
9.804640710e-02 -1.083343476e-01 -4.685766250e-02 9.308009595e-02 2.127933130e-02 9.589581192e-02 -1.018669456e-01 -5.151217431e-02 3.193343058e-02 -1.093319580e-01 1.113741696e-01 1.153008267e-02 2.117180033e-03 -3.136552498e-02 6.445161253e-02 8.405932225e-03 -8.517459035e-02 5.307598785e-02 1.032542810e-01 9.787211567e-02 4.880757630e-02 -9.935455024e-02 5.615483597e-02 3.343886882e-02 -1.079729125e-01 -3.965199739e-02 -1.049883738e-01 -5.008546636e-02 -3.758931533e-02 -7.359614223e-02 4.057041556e-02 -3.791544959e-02 -9.210813046e-02 -9.014685452e-02 -4.053012654e-02 3.606412560e-02 -1.909785718e-02 7.513422053e-03 5.570401624e-02 9.813576937e-02 -6.313312799e-02 1.109683290e-01 1.025737450e-01 7.618689537e-02 7.161255926e-02 5.357540399e-02 -1.019187793e-01 7.258664072e-02 6.904439069e-04 2.712263353e-02 -5.910065770e-02 -8.996397257e-02 -8.358801156e-02 -2.715692669e-02 9.248892218e-02 -5.895917118e-02 -1.899317838e-02 9.501666762e-03 -7.432522625e-02 -7.079099864e-02 3.020185605e-02 8.555741608e-02 -1.076584309e-01 -2.670041658e-02 -2.754642442e-02 -1.752751134e-02 9.695870429e-02 1.255435310e-02 -4.299557954e-02 -1.020343974e-02 -1.176088396e-02 -1.070530191e-01 -1.143786591e-02 2.291391604e-02 1.136641484e-02 1.857967675e-02 -8.557735384e-02 -2.144892886e-02 4.091043957e-03 -5.418157205e-02
-4.414413497e-02 5.171037465e-02 7.606209069e-02 -7.437604666e-02 -1.120525226e-02 -5.379568785e-02 -1.112378761e-01 -8.129022270e-02 5.444293469e-02 -6.072137132e-02 5.932231620e-02 -5.740941688e-02 -5.966083705e-02 6.273491308e-04 6.320868433e-02 8.480057865e-02 9.798173606e-02 -2.984194644e-02 6.077616289e-02 -1.094284803e-01 -3.143342910e-03 8.707731031e-03 8.514048532e-03 3.274577111e-02 6.112382561e-02 7.730878145e-02 -3.332200926e-03 -6.208721176e-02 -6.491509080e-02 -1.814906299e-02 6.667916477e-02 4.249833897e-02 -8.645145595e-02 5.913131312e-02 5.553893745e-02 -9.638252109e-02 1.350160129e-02 -7.397256792e-02 -9.378065914e-02 1.922743022e-02 -4.190250859e-02 9.417391568e-02 -5.612342432e-02 2.619693801e-02 -2.494294569e-02 -7.195695490e-02 -3.225660697e-02 3.572432697e-02 3.657959774e-02 -1.874529012e-02 -1.054221392e-01 -1.826854795e-02 4.535339773e-02 -6.197495013e-02 4.733300582e-02 1.023387313e-01 -8.154312521e-02 7.881445438e-02 -8.328963816e-02 1.613958552e-02 -5.797828082e-03 8.637591451e-02 2.751840837e-02 -2.582130022e-02 -4.913514946e-03 1.947773062e-02 -4.023197666e-02 1.429304481e-02 -6.747978926e-02 -1.934984885e-02 -2.338584745e-03 3.693108633e-02 -6.865897030e-02 8.900416642e-02 3.104554489e-02 -3.841853142e-02 -6.831177324e-02 -3.518261015e-02 -4.451269284e-02 4.001823813e-02
3.348994069e-03 2.089305781e-02 -7.989957929e-02 2.089279145e-02 7.768101245e-02 9.656738490e-02 -6.192822382e-02 1.851127669e-02 2.222408541e-02 8.969586343e-02 -2.363155037e-02 1.033783033e-01 -2.282289974e-02 -1.045270637e-01 1.008650213e-01 -1.114043873e-02 -5.106767267e-02 -8.135021478e-02 1.064200327e-01 -3.988169134e-02 -6.419833750e-02 1.073913351e-01 -1.183118857e-02 3.940765560e-02 5.011995672e-04 7.043002546e-02 -7.869011909e-02 6.613709778e-02 1.063703001e-01 -6.870426983e-02 7.944949716e-02 -3.472058102e-02 7.033418119e-02 1.006858945e-01 -6.658825278e-02 -7.099131495e-02 -8.138675988e-02 7.132415473e-02 -8.010318130e-02 -6.638371851e-03 1.028665975e-01 -2.630113624e-02 7.501232624e-02 -1.077367142e-01 9.610161185e-02 -6.046707183e-02 5.240830779e-02 -7.905330509e-02 -1.116737276e-01 -2.299387241e-03 -1.034235768e-02 1.415433962e-05 6.426652521e-02 1.102906540e-01 6.665857136e-02 -6.363605708e-02 -2.631942183e-02 9.570010006e-02 3.676901758e-02 -1.354534365e-02 7.046263665e-02 -4.666240886e-03 1.739631034e-02 -4.035837948e-02 -3.344982490e-02 1.087773666e-01 -3.777604178e-02 7.296466082e-02 -6.994456518e-03 9.243791550e-02 -3.817537427e-02 -4.752486199e-02 1.040030345e-01 1.792014018e-02 -8.603294194e-02 7.310160995e-02 6.867957860e-02 8.881673962e-02 -2.494823746e-02 -8.991437405e-02
-2.317555808e-02 -5.251694471e-02 -9.604227543e-02 9.331172705e-02 6.093696691e-03 7.249084115e-02 -4.817993194e-02 -1.645195484e-02 1.030391157e-01 -1.804158464e-02 5.267788097e-02 5.436762050e-02 5.300321802e-02 -1.109108776e-01 -1.095549613e-01 4.716454074e-02 6.876731664e-02 1.040100455e-01 2.575872652e-02 -9.162391722e-02 4.699710011e-02 5.941818655e-02 1.939950883e-02 3.004224040e-02 4.066675156e-02 -5.096536502e-02 -7.950148731e-02 -7.623271551e-03 -9.097164869e-02 5.404521525e-02 2.041570283e-02 -7.929958403e-02 -3.634655848e-02 3.743095323e-02 -9.107298404e-02 8.282661438e-03 7.927291095e-02 -9.173998237e-02 -5.061032251e-02 -1.089213863e-01 7.011815906e-02 3.553129733e-02 2.907158807e-02 3.961070627e-02 -3.145125136e-02 -8.465994895e-02 9.698243439e-02 7.820621878e-02 -5.010049790e-03 -4.182057083e-02 9.765670449e-02 3.301286697e-02 2.740176208e-02 -8.928364515e-02 1.172811026e-03 9.543615580e-02 -7.263135631e-03 9.700799733e-02 2.143449616e-03 -5.276797712e-02 -1.054332256e-01 -1.247101318e-04 5.008300021e-02 1.009549871e-01 -5.074858665e-02 -9.274317883e-03 -9.363722056e-04 1.163468044e-02 -9.372778237e-02 -1.878292859e-02 -2.025857940e-02 2.771283872e-02 1.783198863e-02 -4.090516269e-02 -4.576265812e-02 -3.170918673e-02 -7.034257799e-02 1.062961644e-03 4.195673019e-02 -8.455408365e-02
-1.007527485e-01 -5.392117053e-02 5.367488414e-02 -9.346194565e-02 -8.299891651e-02 -8.700655401e-02 -6.853234023e-02 -1.215948444e-02 -8.624500781e-02 1.106987298e-01 -6.595075876e-02 1.019919440e-01 9.527365863e-02 -6.938274950e-02 -1.092633903e-01 6.909164041e-02 9.606155753e-02 -5.230425671e-02 5.120255053e-02 -3.815541044e-02 -2.988904715e-02 5.663247406e-02 8.969995379e-02 -7.634280482e-04 5.016408488e-02 1.114039198e-01 -8.638998494e-03 -7.746715564e-03 8.814875036e-02 -7.001083344e-02 5.180012435e-02 3.973834962e-02 4.972619563e-02 7.233759016e-02 6.161572039e-02 -1.513637416e-02 -6.447263062e-02 3.571961075e-02 -8.322095871e-02 -1.180097461e-02 -3.272328898e-02 8.589643985e-02 6.776743382e-02 -1.145568583e-02 -8.614789695e-02 -9.124828130e-02 8.785882592e-02 -4.169992357e-02 1.098883525e-01 -9.837634116e-02 9.525895864e-02 8.248747885e-02 -8.440826088e-02 -5.611829087e-02 1.954996958e-02 -9.112289548e-02 4.839176685e-02 3.567855805e-02 3.723049909e-02 9.400621057e-02 -1.721019857e-02 -1.162780356e-02 -6.412371993e-02 7.155702263e-02 8.472098410e-02 9.792089462e-02 1.174600981e-02 -1.125776488e-02 5.170736089e-02 7.689406723e-02 1.020067930e-01 9.194969386e-02 -7.067656517e-02 -2.514847554e-03 6.366957724e-02 -1.607703790e-02 1.069695726e-01 1.101781651e-01 3.962231427e-02 -6.837786734e-02
-3.845078498e-02 4.601107910e-02 -5.487409607e-02 -9.148132056e-02 -1.854014583e-02 -8.838472515e-02 -9.983471781e-02 7.377462834e-02 -5.148751661e-02 -6.409614533e-02 -7.762912661e-02 9.052413702e-02 -2.229583077e-02 -5.915237218e-02 4.210902844e-03 -7.327634841e-02 8.371998556e-03 -8.068341762e-02 -5.691630766e-03 6.703499705e-02 8.175707608e-02 8.744370937e-02 1.064583361e-01 -6.544869393e-02 -6.376484782e-02 5.679603294e-02 3.264397383e-02 6.390906870e-02 6.556512415e-02 2.703496255e-02 1.082236990e-01 -8.050461859e-02 -5.398803577e-02 1.097511649e-01 -1.599227078e-02 9.392096102e-02 -4.592219740e-02 4.489018116e-03 -3.301181272e-02 8.991026133e-02 4.925876856e-02 1.513180230e-02 2.810754627e-02 2.433704026e-02 -1.096018925e-01 -7.415385544e-02 -4.092901945e-02 2.424125373e-02 9.627117962e-02 -6.183458120e-02 2.429523133e-02 2.591403760e-02 -2.697073482e-02 -7.485339884e-03 -8.838897198e-02 9.131807089e-02 -2.095908485e-02 -3.469265997e-02 1.217877027e-02 -5.989560857e-02 -7.066661119e-02 -3.189979121e-02 4.891246557e-02 -6.562327594e-02 1.072405837e-02 -1.008692663e-02 6.709560752e-02 -6.545835640e-03 -1.509463042e-02 8.275876194e-02 -1.038746908e-01 -1.596287079e-02 5.805683881e-02 -1.025971174e-01 8.260417730e-02 1.095156297e-01 2.310449444e-02 -5.235295743e-02 4.343720153e-02 -3.625416756e-02
-2.319932356e-02 -6.927620620e-02 -7.611848414e-02 5.801861361e-02 8.729568869e-02 2.645626105e-02 1.117551774e-01 -2.231838182e-02 -9.807055444e-02 -6.444679201e-02 7.807014138e-02 1.611289009e-02 4.877313599e-02 -7.586174458e-02 -9.748500586e-02 -7.999331504e-02 -6.518577039e-02 1.022854447e-01 8.966723830e-02 -3.947106749e-02 6.347624213e-02 9.309170395e-02 7.481741160e-02 4.247721285e-02 6.113701966e-03 -3.927206993e-02 7.379182614e-03 3.311189264e-02 1.024767682e-01 1.058877110e-01 1.759323105e-02 2.493410930e-02 5.148356035e-02 1.362216566e-02 5.548540968e-03 7.924804091e-02 -1.464067842e-03 7.236223668e-02 8.848293871e-02 1.817099936e-02 -2.146221697e-02 4.845226556e-02 -6.577604264e-02 -3.597664088e-02 -7.154247165e-02 5.300537869e-02 -3.087357432e-02 1.926817559e-02 -1.208961848e-02 -1.674141176e-02 2.630014904e-02 9.960426390e-02 -3.583969548e-02 8.160796762e-02 -7.796172798e-02 9.789913148e-02 -9.039573371e-02 -6.990247220e-02 -8.320502192e-02 4.627224430e-02 -8.556982130e-02 -4.559664801e-02 -6.939974427e-02 -1.469585695e-03 8.129976690e-02 9.844192863e-02 1.087247860e-02 8.285991848e-02 -9.771221876e-02 3.297910467e-02 5.733163282e-02 -8.356016129e-02 -3.568403795e-02 5.218449235e-02 -5.764646828e-02 -7.450633682e-03 7.260763086e-03 8.356843144e-02 1.025717705e-01 3.224503994e-02
-1.666764170e-02 -8.379734308e-02 6.976863369e-03 3.031299822e-02 -5.654020235e-02 1.644662395e-02 6.757394969e-02 -8.523488790e-02 1.017009467e-01 4.722618312e-02 -6.832454354e-03 -2.820340171e-02 3.645027801e-02 -8.459115773e-02 9.375877678e-03 -4.967085645e-02 -7.526863366e-02 4.960061982e-02 6.598140299e-02 9.163556993e-02 3.702370077e-02 -4.522254318e-02 -8.247191459e-02 1.033023670e-01 -5.106692389e-02 1.094545498e-01 3.538747504e-02 -1.021378208e-02 -8.001863956e-02 -1.529734954e-02 8.101452142e-02 -5.226821825e-02 6.804887950e-02 -5.185465142e-02 -9.980577976e-02 7.634414732e-02 4.091838375e-02 -4.548735544e-02 6.537240744e-02 8.038965613e-02 4.534468055e-02 8.978404105e-02 9.068012238e-02 -9.697727114e-02 -1.090549603e-01 7.118846476e-02 -1.031618118e-01 -2.159461752e-02 -5.165047944e-02 -3.610109538e-02 -3.414965048e-02 -1.062240154e-01 4.273463041e-02 6.182011962e-02 5.489359424e-02 8.565048128e-02 -8.976081014e-02 6.933767349e-02 -5.935186520e-02 3.360637277e-02 -2.560522640e-03 -6.825363729e-03 -5.527702719e-02 -6.630466878e-02 3.731427947e-03 3.936218098e-02 6.970886886e-02 -4.925990105e-02 -9.449287900e-04 -9.649125487e-02 6.142110378e-02 -6.796108931e-02 4.393848404e-02 -7.909649983e-03 8.449514396e-03 1.865955070e-02 1.092844158e-01 -1.025355980e-01 7.786735147e-02 -5.287356302e-02
7.639273256e-02 8.610102534e-02 -1.332837716e-02 9.170124680e-02 9.475471079e-02 4.117113538e-03 1.042848453e-01 -3.316725791e-02 -1.020393670e-01 -9.099525213e-02 3.700730950e-02 7.179245353e-02 9.207828343e-02 6.212724745e-02 7.638233900e-02 -1.520883851e-02 3.314008063e-04 9.291304648e-02 -2.710588090e-02 4.650926962e-02 -3.084902465e-02 -5.540535226e-02 5.743332580e-02 -1.113809794e-01 5.406598002e-02 -4.168199957e-04 -8.223298006e-03 -6.789758056e-02 1.070240662e-01 1.884862222e-02 1.403405424e-02 9.259729087e-02 -6.559910253e-03 6.731898338e-02 1.017956361e-01 -4.723836482e-02 1.061788760e-03 1.094467118e-01 -6.671522558e-02 7.229499519e-02 -6.892561167e-02 -8.767912537e-02 -1.114987731e-01 1.704764925e-02 8.810197003e-03 4.763694946e-03 1.155515295e-02 -1.105013341e-01 -2.402235381e-02 -6.556138396e-03 -5.752361193e-02 3.200199082e-02 8.349265158e-02 6.422410160e-02 -1.068692654e-03 1.037675440e-01 -9.969659895e-02 7.042185217e-02 5.070181936e-02 3.594129533e-02 7.724372298e-02 1.098048910e-01 1.052597463e-01 -1.060255319e-01 9.120801836e-02 -7.974755019e-02 -1.182779018e-02 2.845442109e-02 -2.335721999e-02 -6.730575114e-03 2.863868140e-02 -2.011297084e-02 -5.011378601e-02 2.586383000e-02 3.036349826e-02 -3.066212498e-02 -9.904575348e-02 6.206437945e-03 -7.039786130e-02 9.870599210e-02
1.362616476e-02 4.089589790e-02 7.161814719e-02 3.008651547e-02 9.900972992e-02 -4.743688554e-02 -4.729324952e-02 -9.459559619e-02 8.648957312e-02 5.001310632e-02 -6.217860151e-03 2.417669259e-02 5.259576812e-02 -9.913998097e-02 1.213834621e-03 -1.063572690e-01 7.704626024e-02 -2.437594533e-02 2.940306813e-02 -6.243621930e-02 3.100560047e-02 -1.180041488e-02 -5.371317267e-02 -6.596866250e-02 8.563675731e-02 -6.762210280e-02 -8.223304898e-02 -7.270717621e-02 2.325368859e-02 -8.058140427e-02 -4.752460867e-02 5.625469238e-02 8.514802903e-02 4.117213562e-02 1.868692786e-02 -1.008598655e-01 2.087578550e-02 3.125433996e-02 -1.423549373e-02 -5.135435611e-02 6.050759181e-02 -1.463726629e-02 -9.290454537e-02 8.752647787e-02 9.508461505e-02 9.640956670e-02 2.346937545e-02 1.762763038e-02 -3.563360497e-02 6.590632349e-02 -1.605164818e-02 5.817418918e-02 4.244381562e-02 5.747464299e-02 -8.209819347e-02 6.029487401e-02 2.247851714e-02 1.113830209e-01 -1.998599432e-02 6.709688902e-02 -6.019614264e-02 -4.347568005e-02 -3.628880903e-02 2.263486944e-02 -1.429499034e-02 -8.250599355e-02 -5.730716512e-02 -1.040943488e-01 5.984132364e-02 3.249226138e-02 6.977564096e-02 1.679674909e-02 5.957140401e-02 7.490183413e-02 5.943286046e-02 -9.628833830e-02 -9.534408897e-02 7.332313061e-02 -4.859536886e-02 4.947889224e-02
-5.124938488e-02 6.641532481e-02 7.379870117e-02 7.598631829e-02 -2.733533643e-02 -8.231816441e-02 9.172362834e-02 8.682629466e-02 -1.096678525e-01 2.669443190e-02 -9.257230163e-02 -7.844256610e-02 1.529100537e-02 6.852377206e-02 -5.475676735e-04 -3.234173404e-03 6.793113798e-02 -9.395109490e-03 -3.567997366e-02 7.915365696e-02 1.002805531e-01 7.862578332e-02 7.344981283e-02 -1.685474068e-02 -7.446984947e-02 7.851552218e-02 -1.079070866e-01 -1.226500235e-02 -8.347865939e-02 2.288764808e-03 8.855346590e-02 -5.719865859e-02 -9.530511498e-02 -9.811262041e-02 -5.436440557e-02 7.089446485e-02 5.475339666e-02 -3.406317905e-02 5.718617141e-02 -7.663202123e-04 -6.112387776e-02 7.891012728e-02 -1.235700492e-02 4.168887436e-02 1.461202395e-03 7.307383418e-02 -5.142533034e-02 1.474636956e-03 8.758016676e-02 -3.982447460e-02 -1.110799164e-01 -3.406064585e-03 -6.788939983e-02 -1.096865535e-01 -4.437686875e-02 1.014936417e-01 -3.160394728e-02 -1.088489518e-01 7.502734661e-02 1.584415697e-02 6.718432158e-02 -4.797374830e-03 6.957219541e-02 2.302753739e-02 -1.064919494e-02 8.010863513e-02 -1.009473354e-01 5.625198409e-02 8.102934062e-02 -8.062339574e-02 9.817437083e-02 -9.060218185e-02 -3.135959432e-02 8.277112991e-02 -7.301615924e-02 1.060159355e-01 -8.783567697e-03 2.429632470e-02 5.900371075e-02 3.425803501e-03
-5.949943513e-02 7.360190153e-02 7.182447705e-03 8.428455889e-02 1.010579243e-01 4.471882433e-02 -8.060763590e-03 4.682612792e-02 -7.622791920e-03 -3.930480406e-02 1.002150849e-01 -3.481746465e-02 6.593371183e-02 1.110106632e-01 -7.613516599e-02 -8.915424347e-02 -7.644205540e-02 8.140470088e-02 1.036825404e-01 -6.383367628e-02 4.335434362e-02 -2.757324139e-03 -5.319027603e-02 -5.370179191e-02 -2.866551094e-02 8.319497108e-02 -9.676329046e-02 -4.995852709e-02 1.045649424e-01 -2.356366999e-02 -5.686635152e-02 1.099060997e-01 6.141729280e-02 6.491021812e-02 -1.047886536e-01 -6.200860441e-02 5.595895462e-03 -4.022219405e-02 7.978772372e-02 -8.425194770e-02 -1.292524487e-02 -3.580861539e-02 7.844729698e-04 -1.745541929e-03 -3.113269620e-02 7.910133898e-02 -1.479223184e-02 -6.971655041e-02 -4.976721853e-02 4.096095264e-02 1.095416471e-01 6.842991710e-02 -7.438305300e-03 5.657521635e-02 1.035814956e-01 -3.579095379e-02 -6.863582134e-02 8.043418080e-02 -6.748354435e-02 -6.440293789e-02 4.439360648e-02 9.132453054e-02 -8.655752987e-02 5.653339322e-04 -4.797654692e-03 -4.086028785e-02 -1.055594161e-01 1.079064514e-02 -5.769712850e-02 -6.083871052e-02 -4.169084877e-02 -2.751899511e-02 -1.521392912e-02 -6.927921623e-02 -9.106820822e-02 1.509762928e-02 -9.901977330e-02 6.468451768e-02 -9.272646904e-02 6.390905380e-02
4.639104754e-02 9.292220324e-02 3.255089000e-02 3.693853691e-02 -1.487313211e-02 1.303779986e-02 6.272278726e-02 8.480130136e-02 5.506756529e-02 8.813560754e-02 1.258945931e-02 4.553251341e-02 -4.628942162e-02 -3.442391381e-02 4.196208715e-02 3.067490645e-02 -5.556006357e-02 5.655623600e-02 6.137628108e-02 -7.445577532e-02 -4.608887434e-02 3.518386185e-02 4.344164208e-02 1.006389931e-01 -2.882663161e-02 3.636797518e-02 -2.897953056e-02 -9.430959076e-02 -1.028397158e-01 -6.743160635e-02 -8.909823745e-02 5.158770457e-02 3.137261420e-02 1.037345603e-01 5.910419300e-02 8.673851378e-03 -7.281894982e-02 -1.004727557e-02 3.465384990e-02 -7.294481993e-02 -1.026563719e-01 1.584275812e-02 6.810408831e-02 -6.218887866e-02 2.340433374e-02 -6.431629509e-02 -4.139147326e-02 1.761183701e-02 5.614261609e-03 3.707166761e-02 -3.727818653e-02 2.031197026e-02 -9.378577769e-02 -4.270998761e-03 4.202581942e-02 -5.121245235e-02 4.184689373e-02 -3.006271087e-02 7.055950165e-02 -7.771763951e-02 2.780440077e-02 -6.788430363e-02 -9.299698472e-02 8.107564598e-02 8.789391816e-02 -2.755891345e-02 4.454184324e-02 4.443849623e-02 8.685969561e-02 -4.621898383e-02 -2.864663862e-02 -4.283788428e-02 1.050247326e-01 3.710096329e-02 -7.753795385e-02 4.649131373e-02 -6.224393472e-02 8.732226491e-02 -3.729687259e-02 -2.593349665e-02
9.009121358e-02 -6.851246953e-02 1.719107293e-02 -1.191863418e-02 -6.784143299e-02 -4.119246081e-02 6.405422837e-02 1.063553765e-01 7.535804063e-02 -8.230292797e-02 7.028281689e-02 8.217235655e-02 -8.320699446e-03 -1.525696600e-03 5.276320875e-02 -3.534493223e-02 -7.667002082e-02 -6.015888974e-02 1.446517557e-02 -9.162694961e-02 -1.072302386e-01 4.465258494e-02 -3.943371028e-02 -8.823123574e-02 7.246751338e-02 2.079307102e-02 8.404220641e-02 6.732011586e-02 4.481922463e-02 5.896176770e-02 2.611211874e-02 1.006192714e-01 -7.521156222e-02 -1.036387160e-01 -2.645442076e-02 -1.056324393e-01 -9.995821118e-02 9.524385631e-02 -6.641279161e-02 -3.331887722e-02 -1.052646786e-01 -2.176580206e-02 1.153032295e-03 4.456933588e-02 -9.365075082e-02 9.950970113e-02 -3.643649630e-03 5.475446582e-02 -9.974823147e-02 -1.020489633e-01 -1.038355157e-01 -5.007317662e-02 -4.972149059e-02 -5.819109082e-02 -2.873378992e-02 2.166072465e-02 -6.368105114e-02 1.336357649e-02 -9.899780899e-02 -5.749482289e-02 4.909564555e-02 8.300285041e-02 2.027907781e-02 -6.068162620e-02 8.419661224e-02 9.532465041e-02 6.514168531e-02 3.347871825e-02 -3.254489228e-02 5.796242133e-02 -1.712265983e-02 -4.842754081e-02 -4.856753722e-02 -6.363435090e-02 1.340895798e-02 -6.841801107e-02 -1.334459707e-02 1.052998006e-01 -9.026949853e-02 6.591983885e-02
-5.754125491e-02 -1.876011118e-02 7.613548636e-02 7.440245897e-02 -7.270749658e-02 -4.913688451e-02 -3.358421102e-02 3.522505984e-02 -4.860673472e-02 1.098868176e-01 -9.604240954e-02 9.277161956e-02 -9.852661192e-02 9.343511611e-02 -9.653621912e-02 -6.323262304e-02 -5.802290514e-02 -8.770842105e-02 -4.770225845e-03 9.710672498e-02 -2.705318038e-04 -8.607521653e-02 3.703569621e-02 1.097732112e-01 4.691160098e-02 7.836944610e-02 -6.120238081e-02 2.458325028e-02 -9.013915434e-03 -9.409704246e-03 8.907254040e-02 8.134056628e-02 1.401851419e-02 -4.531870410e-02 -6.321596354e-02 -5.007157568e-03 -8.007423580e-02 -3.038034402e-02 -3.740481660e-02 5.082388967e-02 -2.387469262e-02 -4.287254810e-02 -4.091839865e-02 1.008403674e-01 1.301323622e-02 6.598719954e-02 -5.356458016e-03 3.246341646e-02 -9.472362697e-02 -3.778500855e-02 -4.764739797e-02 7.926040888e-02 6.553300470e-02 9.290919453e-02 -3.706181794e-02 -4.095992818e-02 -3.191455826e-02 1.008956358e-01 -1.112803370e-01 -9.949684888e-02 6.855077296e-02 2.141413093e-02 -3.407960013e-02 -8.460091799e-02 -1.057208404e-01 8.749781176e-03 1.729179174e-02 -5.188489333e-02 1.020103917e-01 2.233345620e-02 -7.179534435e-02 1.682872325e-02 5.926159397e-02 4.098455608e-02 9.586273134e-02 -5.790076777e-02 -5.816007499e-03 -8.634405583e-02 2.711381018e-02 9.475620091e-02
3.234855831e-02 1.440782472e-02 2.712339349e-02 8.619365096e-02 -1.054756492e-01 -4.699483514e-02 -4.121301323e-02 1.098014936e-01 -5.303305760e-02 -1.087077335e-02 1.004984677e-01 -5.871621147e-02 -4.595104977e-02 -6.912018359e-02 4.799679294e-02 -2.749632485e-02 -3.589051589e-02 8.197259158e-02 -3.211483732e-02 -3.970003128e-02 3.849119321e-02 5.825696979e-03 5.866632611e-02 4.358494282e-02 -9.311150014e-02 7.372633368e-02 5.554218963e-02 -2.558672801e-02 5.538426712e-02 8.454484493e-02 -1.061684787e-01 2.712482028e-02 7.402337343e-02 -5.793542042e-02 3.975819424e-02 3.553638980e-02 -9.373877943e-02 5.285069346e-02 -1.011626944e-01 3.645768762e-02 5.923687294e-02 -6.599755585e-02 -4.740730859e-03 -6.393043441e-04 -6.140063331e-02 -1.062843017e-02 -8.763415366e-02 -7.071971893e-03 5.484322831e-02 3.517669439e-02 5.276822951e-03 -4.370697588e-02 -6.726384908e-02 6.977526098e-02 3.370139003e-02 -6.388762593e-02 6.117740180e-03 -5.843247473e-02 8.783194423e-02 -2.619228512e-02 1.841879450e-02 -3.960753605e-02 -9.696365148e-02 1.946802810e-02 6.674168259e-02 -4.615526274e-02 -3.644667938e-02 -1.042255200e-02 -6.618075073e-02 3.715583682e-02 -1.089520007e-01 2.408188954e-02 1.761396974e-02 1.967479911e-04 -1.077811699e-02 -1.841142401e-02 -9.373276681e-02 1.079687178e-01 2.345422097e-02 -8.211097866e-02
-3.256369755e-02 -1.512775011e-02 -1.002423186e-02 3.763641696e-03 1.130415965e-02 3.575325012e-02 8.003436774e-02 -1.966216415e-02 2.371291816e-02 -6.457758695e-02 1.402705791e-03 4.898955673e-02 -2.173845284e-02 6.303816289e-02 4.074534774e-02 -6.306955218e-02 3.328889981e-02 -6.269822270e-02 -1.373410784e-02 3.267310932e-02 1.071386263e-01 6.848378479e-02 6.493195146e-02 -5.969247594e-02 -8.954612166e-02 4.749147594e-02 2.989373915e-02 -9.684769809e-02 -7.797257602e-02 1.021225601e-01 9.660218656e-02 -2.864242531e-02 -9.771831334e-02 -1.076230556e-01 5.760046095e-02 1.083228178e-02 -4.835446179e-02 -3.214212134e-02 -8.507771417e-03 -9.878188372e-02 -9.893538058e-02 -3.839228675e-02 -5.369999446e-03 -7.445587963e-02 -8.201795071e-02 1.078057811e-01 2.533227019e-02 -6.773690134e-02 4.384773225e-02 -1.039576381e-01 -7.007405907e-02 9.249147773e-02 -7.423975319e-02 3.404930234e-02 -4.667385668e-02 3.637355939e-02 5.290177651e-03 -8.362226933e-02 1.827749051e-02 -6.689431611e-03 -1.815873897e-03 -4.605491646e-03 -7.955864072e-02 -1.024701148e-01 2.069631033e-02 -3.702825867e-03 -3.371054679e-02 -7.665192336e-02 7.471261919e-02 1.114818174e-02 -5.113708228e-02 6.161687896e-02 4.893869627e-03 8.463518322e-02 -8.851016313e-02 6.326835603e-02 -5.854328349e-02 -1.025530696e-01 -9.589713067e-02 4.270108417e-02
-1.299865544e-02 8.001000434e-02 -8.664592355e-02 2.864330634e-02 -3.423181921e-02 -3.079391271e-02 6.068041548e-02 1.740326732e-02 8.853499591e-02 -3.331042454e-02 4.637040198e-02 -6.004444137e-02 3.874502704e-02 -5.395709071e-03 -2.034611627e-02 -1.095639989e-01 9.692605585e-02 -8.034384251e-02 5.106581748e-02 -8.000294119e-02 4.131005332e-02 4.436387122e-02 2.701609023e-02 -3.658051789e-02 -5.093777552e-02 -1.083182823e-02 6.327336654e-03 -1.032825485e-01 -2.099818923e-02 -9.020680934e-02 -6.267168373e-02 -4.369440675e-02 7.557298057e-03 -7.995697111e-02 -3.536725789e-02 3.853029758e-02 -6.894989405e-03 -2.900293469e-02 -8.808469772e-02 1.686429605e-02 4.412587360e-02 -2.719280496e-02 1.907646470e-02 3.948573023e-02 4.503836110e-02 -5.016928539e-02 7.110018283e-02 7.229798287e-02 6.622844841e-03 -7.125011086e-02 -8.956377208e-02 -1.082367674e-01 -9.221089631e-02 1.113754213e-01 -1.001768038e-01 -4.672567546e-02 7.620462030e-02 4.107000306e-02 -2.785474062e-02 3.778098524e-02 4.572803527e-02 1.051622108e-01 -7.255806774e-02 -8.085730672e-02 -6.620617956e-02 7.239050418e-02 -7.952971756e-02 9.957578033e-02 -1.047549918e-01 6.704953313e-02 1.300933072e-03 -1.324286405e-02 2.637703903e-02 -2.281481028e-02 3.803064674e-02 -7.698762417e-02 -9.368878603e-02 5.152009055e-02 6.535124034e-02 -1.022207271e-02
-8.072702587e-02 -7.451333851e-02 1.813450828e-02 -8.291643113e-02 -4.839383438e-02 -4.863405973e-02 -5.773857608e-02 7.428273559e-02 -2.019072510e-02 7.313151658e-02 -1.092710868e-01 -1.027945727e-01 1.014829502e-01 1.886901446e-02 8.048834279e-03 6.214240193e-02 9.500506520e-02 -4.578233138e-02 4.604545422e-03 2.490365505e-02 -4.930372536e-02 -6.826800853e-02 -6.390099227e-02 1.045665145e-01 1.054890156e-01 1.018127128e-01 -9.037503600e-02 -1.805521920e-02 -4.267790541e-02 -6.712646037e-02 1.014302000e-01 4.397048429e-02 -1.069532409e-01 9.463387728e-02 -1.344703604e-02 -2.714563720e-02 6.718143076e-02 6.283027679e-02 7.953391224e-02 7.605089247e-02 -2.404421195e-02 1.102162078e-01 -1.052678004e-01 8.761472255e-02 1.050204039e-01 5.844285712e-02 -2.541163750e-02 -4.066060856e-02 5.128791556e-02 -6.700740755e-02 3.537204117e-02 1.684366493e-03 4.630612209e-02 -2.836956270e-02 8.166994154e-02 -9.200192988e-02 -7.141742855e-02 -8.382944018e-02 6.689868867e-02 -6.438274682e-02 -7.813360542e-02 -8.748020232e-02 -4.893603176e-02 -9.186654538e-02 7.471735030e-02 -2.181970142e-02 9.585807100e-03 9.866566211e-02 -6.553637981e-02 -5.366716534e-02 -2.408090280e-03 -3.428461030e-02 1.190995704e-02 1.933346852e-03 -9.310423397e-03 1.051448733e-01 -9.482219815e-02 3.347766772e-02 3.062701970e-02 3.916447237e-02
5.569812655e-02 -3.845054284e-02 2.818582207e-02 -5.833880510e-03 -7.852499932e-02 4.284148291e-02 6.473300606e-02 -2.036678838e-03 -7.683058083e-02 3.842467442e-02 -6.119883433e-02 1.218394097e-02 5.703281984e-02 2.314301208e-03 9.935650975e-02 -5.911913142e-02 8.091993630e-02 -8.067737520e-02 1.100939214e-01 1.082640812e-01 -9.705200046e-02 -5.501014739e-02 -3.760833293e-02 -1.025239229e-01 6.490714103e-02 -4.746905714e-02 8.270488679e-02 -9.467667341e-02 -5.477315187e-02 1.033536866e-01 2.120755985e-02 1.075702384e-01 -3.606869653e-02 2.654490434e-02 7.511329837e-03 -6.762883812e-02 -7.891080528e-02 8.013595361e-04 1.104310676e-01 6.607566774e-02 4.401514679e-02 -1.104813367e-01 1.033162884e-02 1.001060233e-01 -2.740104217e-03 9.669913352e-02 -8.236201108e-02 3.480552137e-02 1.085357815e-01 6.814817339e-02 9.448634833e-02 9.790972620e-02 -1.069217622e-01 -5.449491367e-02 -4.705027863e-02 9.381289780e-02 5.505847558e-02 7.823404670e-02 -5.212834105e-02 1.011688728e-03 -1.107460335e-01 -3.680997342e-02 -1.518864650e-02 -5.300905555e-02 -1.029018909e-01 8.209871501e-02 -2.091043862e-03 -1.088246927e-01 -6.737364829e-02 5.312692747e-02 -2.999865636e-02 2.337515913e-02 -4.565551504e-02 -1.048685983e-01 -1.684800908e-02 -9.730269015e-02 -5.398033559e-02 2.514718473e-02 -5.664637312e-02 -7.720886171e-02
-1.167862304e-02 -2.692119405e-02 -1.714341110e-03 4.836153984e-02 -8.653400838e-02 3.444022732e-03 -1.066842079e-01 3.583897650e-02 5.018633325e-03 4.088454321e-02 -5.795802455e-03 3.244477138e-02 4.775370285e-02 -4.487958550e-02 4.649744555e-02 -1.260535908e-03 8.050247096e-03 2.410360053e-02 -9.748048335e-02 3.072972409e-02 4.086509719e-02 9.310173243e-02 3.061651625e-02 2.587917075e-02 -2.923224308e-02 -9.588229656e-02 -9.033414535e-03 -2.572382055e-02 6.652590632e-02 7.675157487e-02 8.008471876e-02 -5.632366240e-02 1.462412532e-02 3.781546280e-02 -1.105760504e-02 -1.555268746e-02 -7.907237858e-02 1.019442603e-01 8.095715940e-02 9.145942749e-04 -8.323964663e-03 -5.673680454e-02 2.777004242e-02 -2.501531690e-02 2.002488635e-02 -1.350330655e-02 7.318033371e-03 -4.508149251e-02 2.496371046e-02 3.353484347e-02 -4.710960016e-02 -9.110385925e-02 -3.113661427e-03 4.383891076e-02 -2.258710098e-03 1.608296856e-02 7.925092429e-02 3.092800640e-02 9.034336358e-02 4.949940369e-03 3.191553056e-02 7.393163629e-03 -3.748992831e-02 2.643985301e-02 -2.651075833e-02 6.370794773e-02 8.715410531e-02 1.104165018e-01 -1.705374010e-02 -6.062662229e-02 -6.528949365e-03 3.596822917e-02 9.219162911e-02 -8.053338528e-02 5.268803611e-02 -9.522043914e-02 8.666720986e-02 1.037851349e-01 9.055320174e-02 3.143292293e-02
-1.051113680e-01 -9.565005451e-02 -6.401076168e-02 -1.297305245e-02 -1.121976692e-02 5.187267065e-02 1.874605007e-02 1.290134713e-02 -4.072992504e-02 1.420213375e-02 1.066902578e-01 7.645621151e-02 -9.234897792e-02 -6.866993755e-02 9.855203331e-02 -7.919429243e-02 8.615137637e-02 -4.013705626e-02 -2.008816786e-02 8.792781085e-02 2.367014810e-02 -3.859120607e-02 -6.147065759e-02 1.041220427e-01 -9.012688883e-03 2.289799042e-02 -7.814931124e-02 -1.644527726e-02 -8.430873603e-02 8.534789830e-02 1.354638301e-02 5.828439817e-02 -2.180122770e-02 9.001144767e-02 -9.955638647e-02 1.581037045e-02 -7.597695291e-02 -2.730789408e-02 3.178466111e-02 -1.758486219e-02 6.389308721e-02 -4.835962132e-02 -3.523299098e-02 -3.355859220e-02 -4.174987972e-02 -2.647601254e-02 1.244413015e-02 4.228878394e-02 -9.544184804e-02 8.936922252e-02 -2.989604371e-03 5.498106778e-02 -8.701653779e-02 4.398483783e-02 6.688582897e-02 1.268895250e-02 -1.068649739e-01 -1.058557630e-01 8.195663989e-02 7.465350628e-02 -2.906502970e-02 4.888883606e-02 1.112548709e-01 -9.803120047e-03 8.931508660e-02 9.538765252e-02 6.525747478e-02 1.007829905e-01 -4.127236083e-02 -3.984976932e-02 -3.612370044e-02 7.241676003e-02 -2.422162145e-02 1.664681011e-03 4.702626169e-02 7.733196765e-02 -1.063335016e-01 3.172263503e-02 1.152865682e-02 7.650531083e-02
-6.739749014e-02 8.724532276e-02 7.482368033e-03 6.177163124e-02 6.473283470e-02 -1.207029354e-02 -8.707486093e-02 -1.812111400e-02 9.453552775e-04 -3.971168026e-02 4.995109048e-03 4.181581084e-03 4.121734574e-02 -1.116981059e-01 9.200710058e-02 5.372133106e-02 -3.703277931e-02 6.052190438e-02 5.360992253e-02 3.819680586e-02 -1.103540957e-01 3.855570033e-02 -6.777944416e-02 8.731082827e-02 9.396979213e-02 9.854257852e-02 3.876524419e-02 -5.587810650e-02 8.594043553e-02 8.755653352e-02 -1.634493005e-03 -6.193083525e-02 9.613222210e-04 -2.869187295e-02 2.857937105e-02 -5.155615509e-02 -6.141810678e-03 9.347395599e-02 -4.758867621e-02 -9.155518562e-02 1.068499088e-01 1.057703942e-01 3.124199994e-02 -1.111691967e-01 1.369517669e-02 2.031939477e-02 3.482506052e-02 7.621325552e-02 -5.459959432e-02 9.072435647e-02 7.993493974e-02 -8.761173487e-02 -7.066536695e-02 -6.781345606e-02 1.516926684e-03 -4.929335322e-03 -5.295721069e-02 7.304391265e-02 -7.793787122e-02 5.090279132e-02 4.609989747e-02 8.684121817e-02 1.578923315e-02 2.715327591e-02 -5.919202417e-02 5.191516131e-02 8.733642101e-02 -6.518203020e-02 -3.168882057e-02 8.394816518e-02 5.075731501e-02 1.106830165e-01 -1.549323089e-02 3.500508144e-02 -7.884625345e-02 -4.646839201e-02 3.850060282e-03 -9.151353501e-03 8.236943185e-02 7.507607341e-02
-1.112393960e-01 7.335649431e-02 1.207610476e-03 9.668093920e-02 5.423593894e-02 2.197105438e-02 2.707933076e-02 -7.892823964e-02 6.694557518e-02 -2.073336206e-02 -8.031290770e-02 -3.107053600e-02 -1.054412201e-01 -2.781990170e-02 4.264122993e-02 -7.351516187e-02 -1.778118312e-02 9.193343669e-02 7.415232062e-02 -7.258256525e-02 1.010160744e-01 1.439131214e-03 -1.366025768e-02 -1.069744080e-01 9.889428318e-02 -4.868065193e-02 8.557955176e-02 8.978922665e-02 4.068237171e-02 9.398241527e-04 3.609158099e-02 -1.252941601e-02 -7.773923129e-02 -4.822027683e-02 9.530957788e-02 9.195901453e-02 -8.959028125e-02 8.379022777e-02 -1.011024117e-01 -2.386977524e-02 -5.163192749e-02 -3.006676398e-02 1.175314002e-02 5.855414644e-02 5.612146482e-02 2.838123776e-02 5.471722409e-02 3.520910814e-02 5.041766539e-02 3.804377466e-02 -6.246452779e-02 3.766389936e-02 -8.517720550e-02 1.113081425e-01 8.800821751e-02 1.336025726e-02 7.581288461e-03 4.770414904e-02 -1.053138226e-01 -7.679162174e-02 -9.449670464e-02 -4.499196634e-02 -3.785089031e-02 7.272294909e-02 -1.107566059e-01 -9.832220525e-02 -7.022229582e-02 -3.912183642e-02 7.056333125e-02 8.371489495e-02 -5.813194066e-02 7.814862579e-02 1.463477407e-02 1.112518460e-01 -2.021878213e-02 -9.842730651e-05 -1.086770445e-01 2.168684825e-02 9.279721230e-02 -7.245174795e-02
1.033310145e-01 -9.444589913e-02 -1.106256023e-01 2.371446416e-02 -1.019620672e-01 -5.011851713e-02 9.648705274e-02 9.286153363e-04 -5.998847634e-02 4.043692350e-02 -9.078691155e-02 -1.080682501e-01 1.026298944e-02 4.429220781e-02 6.719823182e-02 -1.024906412e-01 -1.096396223e-01 2.202741802e-02 2.360950597e-02 3.460951895e-02 2.443116345e-02 -2.011936717e-02 -5.206475407e-02 1.638612710e-02 -9.981372207e-02 7.898465544e-02 3.597569466e-02 2.477603965e-02 -5.929419398e-02 -1.578370109e-02 9.861951321e-02 -4.296191409e-02 -2.423408255e-02 -3.830941394e-02 -4.605587572e-02 7.218269259e-02 -5.233107135e-03 9.929909371e-03 -7.639614493e-02 3.392611444e-02 6.735976040e-02 -7.870917767e-02 5.870792270e-02 4.731297493e-02 -8.138969541e-02 -2.712127380e-02 2.843976021e-02 1.860873215e-02 -1.155689824e-02 6.686027348e-02 -3.104447946e-02 -4.251939710e-03 -4.781811684e-02 6.301219016e-02 -4.562643543e-02 -4.061193392e-02 -8.223100007e-02 -2.311368939e-03 6.579442322e-02 -7.964561693e-03 -4.705215618e-02 1.074832976e-01 -2.919832477e-03 -3.449377790e-02 9.757968783e-02 5.681979656e-02 1.085012406e-01 -6.671287864e-02 -1.114792079e-01 2.104878193e-03 7.600928098e-02 1.020575874e-02 1.001387537e-01 1.615027525e-02 -1.786513627e-02 -1.370817143e-02 -9.312282503e-02 4.413323104e-02 6.912264973e-02 -5.945190415e-02
9.424462914e-02 -3.630908206e-02 -9.187884629e-02 1.021554321e-01 -7.341986895e-02 1.985003613e-02 3.380057588e-02 1.075119674e-01 1.109284442e-02 8.104231209e-02 6.302486360e-02 -7.190575451e-02 -6.073095277e-02 -4.951458797e-02 -9.713082761e-02 8.344013989e-02 7.812645286e-02 3.072836623e-02 -6.200828403e-02 7.289262116e-02 9.650377184e-02 -5.874317512e-02 -5.592042580e-02 -8.727224916e-02 -2.430943958e-02 8.183123916e-02 -3.583365679e-02 2.271940745e-02 -8.497846127e-02 -5.681919679e-02 1.114537641e-01 -5.546680465e-02 -5.435521156e-02 -1.023025289e-01 -1.361147687e-02 -9.875050746e-03 -2.202396654e-02 -5.121205468e-03 6.954506785e-02 -1.596841495e-03 9.263700992e-02 1.049605981e-01 -9.952116013e-02 5.827681720e-02 6.878086925e-02 -1.459517702e-02 3.895843402e-02 -4.260003101e-03 9.730711579e-02 -4.813571274e-02 -8.269015700e-02 -6.975770742e-02 8.344076574e-02 1.283610705e-02 -9.720309079e-02 9.308987856e-02 1.048788503e-01 1.109881923e-01 -7.049699873e-02 -6.345363706e-02 7.193816826e-03 9.826214612e-02 2.909555100e-02 3.622282296e-02 4.301761091e-02 -8.663409203e-02 -4.204323888e-02 1.800229400e-02 1.009354889e-01 4.484217614e-02 2.861765027e-02 -9.938646853e-02 -3.104803711e-02 8.466911316e-02 9.092824906e-02 -8.878391236e-02 9.667158127e-02 3.577440232e-02 -1.117525920e-01 5.481821019e-03
2.584730461e-02 4.106251057e-03 2.227327973e-02 2.861924842e-02 -2.580208145e-02 1.114073694e-01 6.135929003e-02 1.089290679e-01 3.811490536e-02 5.992980674e-02 -4.275172949e-02 4.372799397e-02 4.717265442e-02 -5.465900898e-02 -6.554894894e-02 -5.205996707e-02 -4.629540816e-02 -1.057175547e-01 -9.827309102e-02 -1.373264194e-02 5.667566881e-02 7.387320697e-02 8.518541604e-02 -3.586724401e-02 -1.507957000e-03 9.005255997e-02 -9.436642379e-02 -3.490582854e-02 -1.783589460e-02 -1.040951237e-01 3.726483136e-02 -4.277501628e-02 9.371463209e-02 -7.160391659e-02 -6.337177753e-02 -4.608235881e-02 -3.619372472e-02 7.624568045e-02 3.619037941e-02 1.887940988e-02 1.788943261e-02 -2.140754648e-02 -3.098401055e-02 -9.543095529e-02 -1.893565431e-02 -3.717829287e-02 6.766474247e-02 -8.570221066e-02 -3.984126728e-03 -6.384687126e-02 4.141129181e-02 7.233434170e-02 -1.051421538e-01 -1.978195505e-03 6.098557264e-02 6.542602181e-02 -8.185273036e-03 -5.139491521e-03 1.929790899e-02 -2.941299789e-02 -1.088815778e-01 -1.113623753e-01 -6.902106851e-02 -1.404233091e-02 2.049420495e-03 -1.476716157e-02 -4.008886218e-02 -9.614419192e-02 1.022581458e-01 5.358473212e-02 5.595322326e-02 -6.240408495e-02 -9.559681267e-02 4.606861621e-02 3.360153735e-02 -9.845396271e-04 -8.829984814e-02 2.038875408e-02 -7.290417794e-03 -3.681680933e-02
-7.744058967e-02 -1.073153540e-01 1.699287072e-02 3.531156108e-02 4.306032881e-02 -4.936859012e-02 -8.922585100e-02 -6.691603921e-03 -6.537188590e-02 -6.426027417e-02 -1.413421473e-03 -4.986993596e-02 6.613621861e-02 1.011120602e-01 8.623595536e-02 -1.810080186e-02 8.892630786e-02 -9.234527498e-02 1.022661030e-01 -9.523273259e-02 6.159754097e-02 -1.090068072e-01 -2.040686645e-02 3.757284256e-03 -2.981387824e-02 -5.457578972e-02 2.335999161e-03 -1.261002384e-02 6.284938753e-02 4.010946676e-02 2.802288719e-02 -5.358513072e-02 8.129055798e-02 1.026910394e-01 -1.041384339e-01 8.148980141e-02 -1.004864275e-01 -2.226525545e-02 -2.078103647e-02 -2.039507031e-02 -1.349243149e-02 5.197801627e-03 -1.306381635e-02 7.892710716e-02 9.632829577e-02 -5.984875932e-02 5.324725434e-02 -7.605693489e-02 5.838491954e-03 -1.087442711e-01 6.306504458e-02 5.847186968e-02 -1.530981064e-02 -6.830293685e-02 -2.665222250e-02 -8.072670549e-02 1.078276113e-01 -4.186647013e-02 -8.602566272e-02 -2.128046378e-02 2.738316916e-02 8.353234082e-02 9.312584996e-02 -5.716378242e-02 9.828093648e-02 -6.456097215e-02 1.790102758e-02 6.524111331e-02 2.365403436e-02 -8.256036788e-02 1.662543230e-02 7.895490527e-02 7.601225376e-02 -3.302867338e-02 -3.532864526e-02 -4.259460792e-02 4.371181503e-02 6.580689549e-02 3.374642506e-02 8.656428754e-02
7.611698657e-02 2.970321476e-02 -3.480574861e-02 -9.673224762e-03 -2.909256704e-02 -3.766906913e-03 1.454915572e-02 1.441099681e-02 -1.057557911e-01 7.075188309e-02 1.013834700e-01 -9.169457108e-02 -9.004466236e-03 1.039146185e-01 -5.430865660e-02 -5.097365752e-02 7.483910024e-02 -4.395348951e-02 9.695638716e-02 -2.491573058e-02 9.893618524e-02 4.926393926e-02 7.926843315e-02 -3.297774494e-02 9.646777064e-02 1.504351757e-02 8.497446030e-02 -4.170994833e-02 2.778675593e-02 -7.294809818e-02 1.349367108e-02 3.626665846e-02 8.481685817e-02 -1.003748998e-01 3.618547693e-02 -5.519795418e-02 -9.511850774e-02 8.144656569e-02 8.722643554e-02 1.042181924e-01 6.575109065e-02 -6.329684705e-02 -2.764326520e-02 1.003008336e-01 -2.652883157e-02 6.190204620e-02 -4.860652238e-02 7.212554663e-02 -8.506859839e-02 -4.876255244e-02 4.401649162e-02 -6.159647554e-02 1.038198173e-01 4.325121269e-02 4.385915399e-02 1.039910689e-01 3.361026570e-02 -1.869369857e-02 1.026659608e-01 -1.115493104e-01 -3.907344304e-03 -5.142526329e-02 -2.160645276e-02 -1.045520306e-01 2.501738258e-02 5.454587936e-02 -1.085524559e-01 4.896194115e-02 5.704141781e-02 9.772360325e-02 4.948021378e-04 -1.047118604e-01 -1.839307137e-02 1.010399684e-01 1.329872198e-02 2.278894000e-02 -7.995890826e-02 7.750877738e-02 -1.014791131e-01 -1.104484964e-02
-3.344156081e-03 1.117924303e-01 1.037716120e-01 -6.677205861e-02 -4.840467125e-02 -4.629236832e-02 3.662186116e-02 -1.053640395e-01 9.046247602e-02 -6.048458442e-02 7.798417658e-02 1.777971722e-02 -6.233312562e-02 -8.744468540e-02 -4.199655354e-02 2.526810952e-02 -9.047002345e-02 7.598460466e-02 -8.227844536e-02 9.648109972e-02 3.340766579e-02 5.358122662e-02 -6.069711596e-02 3.641289100e-02 -3.368554264e-02 4.666797817e-02 -7.722697407e-02 -1.351983380e-02 9.422470629e-02 2.781263739e-02 -9.673049301e-02 7.693989901e-04 7.727216464e-03 9.253471345e-02 1.848239638e-02 6.756495684e-02 -8.700398356e-02 8.133005351e-02 8.629948646e-02 1.039515510e-01 -1.059686765e-01 4.985883459e-02 -1.083764881e-01 8.162946254e-02 -9.710021317e-02 -9.436628968e-02 6.057464331e-02 -1.021702215e-01 -6.003759336e-03 7.833267446e-04 9.840881824e-02 -2.431571670e-02 1.003203616e-01 -7.245440036e-02 6.767150015e-02 7.312955707e-02 -6.081994623e-03 1.286740135e-02 -5.903739110e-02 -4.244445264e-02 -3.818570450e-02 9.166787565e-02 -9.260111302e-02 6.484120339e-02 6.742086262e-02 4.918222502e-02 3.620792180e-03 -8.930324763e-02 -8.564908057e-03 4.625679553e-02 9.674578905e-02 -7.650713623e-02 -1.619177870e-02 -8.936054260e-02 1.766304299e-02 -1.108655185e-01 5.174790695e-02 1.030942276e-01 -9.955126792e-02 4.299196973e-02
-1.891568862e-02 -4.308650270e-03 2.877045423e-02 1.064176038e-01 -4.930852354e-02 -3.829837963e-02 4.301677272e-02 -5.302456766e-02 -2.059283201e-03 -2.033120254e-03 6.797904521e-02 8.048187941e-02 6.038977206e-02 9.595362842e-02 1.099770591e-01 -1.054634675e-01 -3.952512983e-03 -1.110427007e-01 -6.650546938e-02 -6.206255406e-02 -7.624390721e-02 -7.271033525e-02 6.391963921e-03 3.666453762e-03 -1.833962649e-02 9.482587874e-02 -2.167320065e-02 7.202442735e-02 -1.414501015e-02 4.963042215e-03 -6.560692191e-02 8.334515244e-02 7.577235252e-02 -8.230175590e-04 -3.097897209e-02 4.668418318e-02 1.814696938e-02 9.267248958e-02 -9.868446738e-02 6.899756938e-02 6.652966142e-02 4.888163880e-02 1.244515646e-03 8.936390281e-02 5.235102400e-02 3.137101606e-02 4.756549746e-02 -8.664223552e-02 -1.093812883e-01 5.720377713e-02 1.985412650e-02 -6.366389990e-02 -6.723187119e-02 4.675330222e-02 4.418222606e-02 1.109129749e-03 -3.337865346e-04 6.353042275e-02 -8.368782699e-02 -2.410150878e-02 1.442132611e-02 -7.306890190e-02 -1.026707962e-01 -7.105989009e-02 -1.050746515e-01 -6.243024766e-02 -1.015977561e-01 2.365283482e-02 4.179656506e-02 5.119508877e-02 -9.209245443e-02 2.096621506e-02 4.400207102e-02 9.862656146e-02 -8.652458340e-02 7.246404886e-02 -2.289990894e-03 8.438201994e-02 2.115779184e-02 -1.077675726e-03
-3.959624469e-02 -6.574819982e-02 -4.863525927e-02 6.009984761e-02 -5.332730338e-02 -9.141706675e-02 -1.042418331e-01 -9.263826162e-02 4.885431752e-02 4.563813657e-02 -5.795647576e-02 4.208766297e-02 -5.777517706e-02 -6.384937465e-02 1.298031583e-02 8.631532639e-02 -2.086588182e-02 5.501774698e-02 9.044596925e-03 -5.357465521e-02 9.202666581e-03 3.806044534e-02 -9.699258953e-02 6.465281360e-03 -4.431513324e-02 4.501298815e-02 1.033388078e-02 -6.067289785e-02 -7.989978418e-03 -3.275592625e-02 3.894725069e-02 -1.302840374e-02 1.112000272e-01 9.937697649e-02 -1.054196805e-01 -7.730160654e-02 -4.591881111e-02 -3.302392736e-02 -9.258303046e-02 -6.020752247e-03 3.743636189e-03 -1.061497107e-01 1.727264002e-02 -1.113105118e-01 -7.202664018e-02 8.973398060e-02 4.854991857e-04 1.096704602e-01 -3.508277005e-03 -3.989575431e-02 -7.224689424e-02 5.298066512e-02 1.304995455e-02 5.631525442e-02 8.711142838e-02 -5.531935766e-02 -2.381872758e-02 7.051100582e-02 -8.695490658e-02 -7.259138674e-02 -2.404301241e-02 -2.468386199e-03 3.227766603e-02 -3.449572623e-02 7.043727487e-02 -1.650146767e-02 -2.589589730e-02 7.726163417e-02 7.558224350e-02 2.877281420e-02 5.160701647e-02 4.709555209e-02 -8.794859052e-02 1.112559065e-02 -9.185627848e-02 -3.856833652e-02 -1.226091012e-02 -9.721169621e-02 7.931163162e-02 5.334043130e-02
-5.635082722e-02 1.079674661e-01 -5.308318511e-02 5.790356547e-02 -9.266738594e-02 6.169115752e-02 9.424923360e-02 1.003622785e-01 -2.035403438e-02 1.205796469e-02 -1.293746661e-02 -8.508817106e-02 -4.315400869e-02 -7.185913157e-03 -9.986815602e-02 1.056645885e-01 2.473286912e-02 -8.414248936e-03 -1.003739834e-01 8.996679634e-02 6.789271533e-02 -1.014884561e-01 6.305558607e-03 -4.107649252e-02 2.448926121e-02 -4.221529141e-02 1.568002254e-02 4.646941554e-03 9.549381584e-02 2.440098859e-02 -6.134716049e-02 8.517411351e-02 -3.043446876e-02 -9.541738778e-02 -4.878807813e-02 -1.874972880e-02 -1.117586792e-01 3.930393606e-02 -7.574908435e-02 9.747128934e-02 2.351241186e-02 -6.186187640e-02 -1.065346077e-01 -6.723507494e-02 -1.052165870e-03 -2.084034681e-02 -8.686285466e-02 3.319368511e-02 1.496441569e-02 -2.309563011e-02 -5.033436418e-02 -2.230805345e-02 -3.100656159e-02 -2.163146995e-02 -3.413581522e-03 7.205024362e-02 1.127738319e-02 9.349739552e-02 -6.264302880e-02 -7.396103442e-02 9.882768244e-02 -7.003731281e-02 7.222685218e-02 7.552128285e-02 2.476212382e-02 9.578488022e-02 8.877299726e-02 -6.585377455e-02 9.141490795e-03 -2.299776301e-02 -8.252317458e-02 8.058116585e-02 1.029488742e-01 8.613303304e-02 -1.012963429e-01 4.089597985e-02 -1.752761751e-02 4.811621085e-02 9.679920971e-02 3.196084499e-02
-1.112168580e-01 -4.115772992e-02 -1.848815382e-02 -2.710969187e-03 -4.945449159e-02 -1.043587178e-01 1.094771028e-01 -4.046103358e-02 -7.664156705e-02 -7.572502643e-02 2.554111881e-03 7.747618109e-02 4.497385398e-02 -8.117116988e-02 2.890864015e-02 6.721841544e-02 -8.796355873e-02 7.368022949e-02 -8.422151953e-02 1.103684027e-02 3.537332173e-03 2.407002822e-02 7.504660636e-02 -8.473224938e-03 6.922685355e-02 8.397584409e-02 -6.173631176e-02 7.200805843e-02 8.102643490e-02 8.620404452e-02 3.930281848e-03 1.088168845e-02 1.577531919e-02 1.044677198e-01 -9.982354939e-02 5.202259496e-02 -4.064635932e-02 3.912644833e-02 2.527402714e-02 -1.765947090e-03 -1.109536272e-02 -7.256722450e-02 1.100925505e-01 1.082286164e-01 -6.804545224e-02 2.132836357e-02 -9.456428140e-02 -6.218430772e-02 7.868582755e-02 9.276598692e-02 6.820661575e-02 9.590432793e-02 -2.050990425e-02 2.147074789e-02 4.194725305e-02 -8.090039343e-02 -9.734709561e-02 -5.854805466e-03 -3.006408364e-02 -8.245458454e-02 -2.320465446e-02 4.367763922e-02 -9.326901287e-02 2.834679792e-03 1.887881011e-02 2.559669688e-02 8.353706449e-02 4.604686797e-02 -5.127948150e-02 -4.650720209e-02 -8.949453384e-02 7.274760306e-02 9.451150894e-02 -1.073274910e-01 -9.191939235e-02 -1.289870823e-03 -1.428292878e-02 1.051431671e-01 -1.035082489e-01 6.739845127e-02
-1.074621454e-01 1.489742938e-02 6.994771957e-02 -5.000133812e-02 2.059683017e-02 7.864987105e-02 -2.051598206e-02 4.970228299e-02 -6.842883676e-02 -9.587055445e-02 7.883165032e-02 -1.067250445e-01 -4.560892284e-02 2.111338452e-02 3.150974587e-02 6.724438816e-02 5.944462866e-02 -8.759902418e-02 -6.737100333e-02 7.408557087e-02 -6.364835054e-02 2.709596418e-02 -6.870972365e-02 -1.020416468e-01 9.816586226e-02 -8.925335109e-02 -4.069866985e-02 1.492736395e-02 4.879384860e-02 -7.151996344e-02 -3.643618897e-02 -1.032345295e-01 2.687539905e-02 9.665948339e-03 -6.916272640e-02 8.065392077e-02 1.913810708e-02 -1.085171625e-01 -2.485208772e-02 -9.420952760e-03 -1.012977213e-01 -3.559376637e-04 1.030216292e-01 5.893861875e-02 4.946996272e-02 -3.161547706e-02 -2.479786985e-02 -7.639639825e-02 -8.213701099e-02 -8.053345233e-02 3.170796111e-02 5.438890308e-02 3.884950280e-02 -1.412139274e-02 7.870415598e-02 -4.396912456e-02 -5.108422413e-02 -6.966071576e-02 1.532000676e-02 -9.948145598e-02 -1.748176850e-02 -8.168937266e-02 -8.766422421e-02 7.487187535e-02 5.625475943e-02 7.426237315e-02 7.914179564e-02 7.815551758e-02 1.715457998e-02 -1.020665318e-01 5.193375051e-02 -7.047505677e-02 -2.718150429e-02 -2.635186305e-03 -8.053590357e-02 1.072155386e-01 8.578929305e-02 -3.173328191e-02 -3.028439544e-02 -9.667251259e-02
3.213877603e-02 -2.305638045e-02 -2.274623839e-03 8.591764607e-03 5.984541401e-02 8.623908460e-02 8.907171898e-03 5.562921986e-02 -2.687025443e-02 4.107833281e-02 4.547150806e-02 -4.845856875e-02 -4.231368005e-02 8.259546757e-02 -9.540107846e-02 -7.535545528e-02 -2.160990424e-02 4.431037232e-02 -9.063702077e-02 -8.338066936e-02 -1.871338300e-02 8.322389424e-02 -4.202688858e-02 -8.359977044e-03 3.250858560e-02 8.878808469e-02 -3.794123977e-02 9.364781529e-02 1.089067459e-01 4.680545628e-02 7.047434151e-02 1.020972654e-01 4.775137082e-02 1.000168324e-01 8.276393265e-02 -3.519279510e-02 2.884317189e-02 1.050086915e-01 9.876723588e-02 -1.715291478e-02 2.918010391e-02 1.057374403e-01 -7.946883142e-02 8.863303810e-02 4.797641654e-03 2.189187147e-02 4.322874174e-02 9.640166163e-02 -5.354239047e-02 6.844181567e-02 9.736797214e-02 8.625317365e-02 6.197340414e-02 8.221637458e-02 6.519117206e-02 -6.462977082e-02 5.611329526e-02 -8.073557913e-02 6.545210630e-02 -1.034650281e-01 1.630969159e-02 4.597081617e-02 1.213625353e-02 -6.876862049e-02 -2.616550960e-02 9.864655323e-03 -3.138230368e-02 1.073718518e-01 4.027504101e-02 -4.142496735e-02 2.138283662e-02 -2.591386437e-02 7.921899855e-02 1.555972453e-02 6.616556644e-02 -4.223226011e-02 1.054278016e-01 1.001186445e-01 5.468018726e-02 -5.160060525e-02
-1.051481813e-01 -8.071678877e-02 -3.520128503e-02 6.311579794e-02 1.094780043e-01 -1.474683639e-02 1.039532274e-01 -7.102850080e-02 -6.777861714e-02 4.951060191e-02 2.787349373e-02 8.721213788e-02 -9.770341218e-02 9.099761397e-02 -1.086291745e-01 5.559387431e-02 -1.082594693e-01 2.121103741e-02 -2.095304802e-02 -2.515948564e-02 2.916594967e-02 -9.343185276e-02 5.540985614e-02 8.968285471e-02 8.083360642e-02 1.081404388e-01 6.833436340e-02 -1.020007730e-01 2.527726442e-02 -6.593652815e-02 8.733458072e-02 -1.594830304e-02 -7.690123469e-02 -4.086416587e-02 1.109117940e-01 -9.633566439e-02 -5.398509279e-02 -6.845382601e-02 5.118335783e-02 8.404383063e-02 -4.651050642e-02 5.231917277e-02 3.719188645e-02 -3.187615797e-02 5.456856638e-02 1.072324514e-01 2.378989942e-02 1.854270510e-02 -9.448494762e-02 -4.213277996e-02 -5.355118588e-02 -4.622761905e-02 2.522981726e-02 9.897788987e-03 -1.084765792e-01 -5.928501114e-02 4.417345673e-02 9.458599985e-02 1.584731601e-02 7.212830335e-02 -4.152707383e-02 2.053155005e-02 -2.820570767e-02 -9.661702812e-02 7.621744275e-02 -6.808501482e-02 7.392860949e-02 -8.903842419e-02 -1.901477017e-02 4.278120026e-02 9.022647887e-02 -1.018507406e-01 -5.587479100e-02 9.539902210e-02 9.196401387e-02 1.108873915e-02 4.827993363e-02 9.531009942e-02 8.260373026e-02 -2.490724064e-02
1.056712344e-01 -7.603238523e-02 -5.097315088e-02 3.614859655e-02 5.667340383e-02 9.199561179e-02 3.812318295e-02 2.485840581e-02 2.601599554e-03 -7.646644861e-02 -9.498574771e-03 1.344470400e-02 5.794632062e-02 1.000272632e-01 1.088567600e-01 3.405999392e-02 8.911096305e-02 8.509130776e-02 -2.234750427e-02 -2.885352820e-02 -6.017665565e-02 -5.622909963e-02 3.707044199e-02 1.003969163e-01 -6.212811545e-02 -4.959696438e-03 -9.529499710e-02 5.673131440e-03 -1.021224707e-01 1.112630665e-01 -7.442864776e-02 -8.482350409e-02 -8.816421032e-02 -9.646312892e-02 5.310289934e-02 6.754843891e-02 1.340166759e-02 9.427083656e-03 -9.579668194e-02 1.025465652e-01 5.675429106e-02 5.460470915e-02 -5.903260782e-02 3.180534765e-02 3.138357028e-02 6.071981043e-02 -3.441094607e-02 2.315945923e-02 1.114147678e-01 9.182596207e-02 -4.568471760e-02 1.975688525e-02 -4.762582108e-02 -3.387266770e-02 -1.915082149e-02 1.131814090e-03 6.697401870e-03 5.568783730e-02 2.291591652e-02 -1.081820694e-03 -5.097181723e-02 9.812132269e-02 9.225128591e-02 1.051438227e-02 1.053581238e-01 -7.189045195e-03 -9.857744724e-02 8.718458563e-02 6.372157484e-02 -6.628533453e-02 -3.917877376e-02 -7.200492918e-02 -1.380341360e-03 -1.283020247e-02 -4.250536114e-02 -7.259374112e-02 4.716604576e-02 -4.504915699e-02 -4.008703679e-02 1.074415967e-01
4.946140572e-02 -4.311868921e-02 -8.249352872e-02 2.639014088e-02 -2.674270608e-02 8.300439268e-02 2.310309373e-02 7.089656591e-02 -2.731138468e-02 7.949663699e-02 2.246071212e-02 1.114649996e-01 9.740504436e-03 -4.231241182e-04 -5.974932015e-02 -1.716145687e-02 6.068807840e-02 3.112861887e-03 1.087531671e-01 -1.113323197e-01 -3.758377163e-03 5.666267243e-04 -6.130791083e-02 -6.561975926e-02 3.666396439e-02 2.940665372e-02 -8.562818170e-02 -8.770868927e-02 9.464305639e-02 -6.645589322e-02 -5.578948930e-02 -3.131302446e-02 -6.201792136e-02 -1.086658761e-01 -6.023016945e-02 -5.554524064e-02 -1.000538021e-01 5.813821685e-03 -2.487614565e-02 4.810509831e-02 4.304149374e-02 3.353464231e-02 -8.942734450e-02 4.971058667e-02 -2.287008055e-02 -5.098201334e-02 8.165493608e-02 9.734205902e-02 -8.404913545e-02 9.748495370e-02 1.045328658e-02 -3.958474472e-02 -1.706890762e-02 -4.558641091e-02 2.664433233e-02 2.948582172e-02 8.289793134e-02 -7.379715680e-05 -5.623310059e-02 -1.704683714e-02 -8.288877457e-02 5.614325404e-02 -4.762418196e-02 1.209930796e-02 -1.553420164e-02 7.228922844e-02 -7.720872294e-03 3.878646344e-02 -5.504564196e-02 -7.487162203e-02 7.316319644e-02 -5.399900675e-02 -9.862694889e-02 6.123454124e-02 8.794923127e-02 1.069234684e-01 6.442038715e-02 9.750193916e-03 9.807043523e-02 9.821297973e-02
-2.747674473e-02 3.567902744e-02 -5.642730277e-03 -1.049312279e-01 8.940838277e-02 5.267153680e-02 7.037123293e-02 7.284280658e-02 8.791125566e-02 -1.191874035e-02 -1.110326424e-01 1.053554937e-01 5.766020715e-02 -8.268600330e-03 6.327138096e-02 1.723950543e-02 -6.454318017e-02 -1.034606174e-01 6.018113345e-02 9.273821115e-02 8.404102921e-02 -3.430958837e-02 -6.899400800e-02 2.560306899e-02 -1.085875109e-01 1.332479157e-02 5.810597911e-02 8.053499460e-02 -3.986227140e-02 4.535306245e-03 -7.755699754e-02 -6.495694071e-02 1.755038090e-02 -2.871178463e-02 -1.896753535e-02 6.024361402e-02 -8.684682101e-02 7.442803681e-02 9.949961305e-02 5.464456230e-02 9.391241521e-02 -8.551768214e-02 8.309515566e-02 4.575471580e-02 4.078425094e-02 8.355183899e-02 1.032795012e-01 -1.016333476e-01 -8.733491600e-02 5.431662500e-02 -8.102114499e-02 8.775497228e-02 -2.789783105e-02 2.577494644e-02 -8.521857858e-02 7.099132985e-02 3.210285679e-02 5.861819908e-02 -4.848927632e-02 7.897686958e-02 2.397947758e-02 3.424284048e-03 3.825383633e-02 -8.664640784e-02 -6.030578911e-02 7.465343922e-02 5.573642999e-02 3.665990010e-02 -1.089730784e-01 -1.005056724e-01 -3.193869488e-03 2.460663952e-02 -3.621717170e-02 1.107566580e-01 1.538971253e-02 -7.298073918e-02 9.954312816e-03 5.351297557e-02 -7.225008309e-02 -1.007775664e-01
3.985306248e-02 5.167453736e-02 -3.765182197e-02 -9.570246190e-02 7.417418808e-02 -3.818886122e-03 -8.830714226e-02 2.771225059e-03 -8.949372172e-02 -2.796854824e-02 4.393269774e-03 1.988043636e-02 5.025758222e-02 4.237161577e-02 6.281627715e-02 1.379321795e-02 -5.821138993e-02 2.960729413e-02 7.364701480e-02 -3.408338502e-02 8.292178810e-02 1.414337102e-02 1.949436404e-02 3.381286561e-02 -5.347970873e-02 2.457343973e-02 1.012228653e-01 1.617029309e-02 -3.183552250e-02 6.519263983e-02 1.693113521e-02 8.144356310e-02 8.669253439e-03 -2.716482989e-02 -5.435131863e-02 -1.288939267e-02 3.770065727e-03 -3.134890273e-02 -4.779715091e-03 2.823957428e-02 -2.407614514e-02 -5.106155574e-02 -1.155621838e-02 -2.836525626e-02 7.096610218e-02 1.002941057e-01 -7.567420602e-02 1.767900959e-02 -9.198530763e-02 -6.274766475e-02 1.677589118e-02 5.346444622e-02 -6.973312795e-02 -2.401479753e-03 -3.473995999e-02 7.067960221e-03 -5.298823863e-02 -6.177148595e-02 4.245141149e-02 8.984109759e-02 7.045736164e-02 -7.959657349e-03 4.854971915e-02 -1.114361286e-01 6.177704409e-02 6.026472896e-02 -7.942557335e-02 1.096910983e-01 -2.464731783e-02 8.760347217e-02 -6.495136023e-02 1.701962017e-02 -7.168554515e-02 -6.540996581e-02 5.691761151e-02 9.285513312e-03 1.056294963e-01 2.642192692e-02 -1.124410331e-02 -6.027778983e-02
-5.351597443e-02 -6.903106347e-03 -1.043302491e-01 -3.071571700e-04 1.046300828e-01 -7.484793663e-03 -3.828383610e-02 -6.320567429e-02 -8.484937251e-02 7.105727494e-02 -2.928822115e-02 -1.050110906e-01 -3.951629251e-02 -3.286992386e-02 -8.091732115e-02 9.561526775e-02 8.556181192e-02 -9.898675233e-02 -9.765697271e-02 1.627537236e-02 4.213722795e-02 -4.990093783e-02 1.842969656e-02 -2.032320714e-03 -6.392426044e-02 -7.876273990e-02 2.308650129e-02 8.736265451e-02 -1.977474615e-02 -5.157273635e-02 9.765224159e-02 -5.635612761e-04 3.988911584e-02 -1.111291498e-01 -5.128463730e-02 -7.741625607e-02 -8.542820811e-02 4.570531100e-02 -2.444609068e-02 -3.065644763e-02 -4.917366803e-02 -2.455174178e-02 -9.834592789e-02 -9.294281900e-02 4.605770111e-02 1.085887924e-01 -5.310850963e-02 -3.277255967e-02 -1.879408397e-02 1.081916839e-01 8.431473374e-02 -1.600310765e-02 -9.854767472e-02 8.462253213e-02 -1.953851990e-02 1.892556436e-02 9.903486073e-02 8.874841779e-02 -7.944285870e-02 6.725619733e-02 -5.995247886e-02 1.788526028e-02 -2.729372494e-02 -5.295055732e-02 -9.899856150e-02 -8.649298549e-02 -1.522941701e-02 -1.078339443e-01 7.761961222e-02 7.033669949e-02 9.307907522e-02 5.763803050e-02 1.398214232e-02 -6.714027375e-02 -2.619072562e-03 5.838925019e-02 7.603176683e-02 -3.365644813e-02 -9.323231876e-02 8.023291826e-02
-2.346908115e-02 6.715368014e-03 -1.857875660e-02 -9.856401384e-02 7.793780416e-02 -1.081168354e-01 -7.003334165e-02 1.338514034e-02 -2.674610540e-02 6.388757378e-02 9.657631069e-02 1.229521702e-03 2.793728188e-02 7.427095622e-02 7.219079882e-02 9.521339089e-02 4.857186973e-02 -5.966943130e-02 1.114827096e-01 8.827760816e-02 4.161690548e-02 -3.562540561e-02 -1.039930955e-01 -6.051700097e-03 8.798778802e-02 -5.592874065e-02 6.660465896e-02 4.126005992e-02 -5.809716880e-02 7.774615288e-02 3.519092873e-02 5.151651800e-02 7.157271355e-02 3.342556581e-02 -1.465617958e-02 -1.857689209e-02 -2.650814690e-02 3.700706875e-03 -7.863047719e-02 2.759741805e-02 4.011017457e-02 -3.743868321e-02 1.064252257e-01 -9.113531560e-02 -7.752621174e-02 -2.477729227e-03 -1.077073663e-01 -6.589861959e-02 8.070139587e-02 3.290072456e-02 -7.766632736e-02 7.255022973e-02 1.583270915e-02 -8.348525316e-02 7.364939898e-02 -1.117506623e-01 2.775436826e-02 6.650147587e-02 -6.376481801e-02 1.084291190e-01 -8.335072547e-02 2.263642848e-02 7.987340540e-02 -5.056458060e-03 4.047372192e-02 3.321053460e-02 -1.030269042e-01 9.607586265e-02 1.674713008e-02 -3.297120333e-02 2.971298434e-02 7.936523855e-02 2.796581760e-02 -7.730376720e-02 2.172973752e-02 7.446844876e-02 9.234128892e-02 -3.944875672e-02 5.800364539e-02 -1.069371849e-01
2.077342570e-02 1.267146668e-03 3.902166337e-02 3.894761205e-02 -9.209069610e-02 -5.067100376e-02 6.981661543e-03 -4.130811989e-02 -8.029322140e-03 -6.147146970e-02 -5.302676931e-02 9.628793597e-02 -3.077290766e-02 -1.107061803e-01 8.291476220e-02 -5.936374143e-02 -2.976789698e-02 -1.053342894e-01 -2.220194787e-02 1.897947746e-03 -5.100209638e-02 -7.326857001e-02 -8.625277132e-02 -8.417491615e-02 -8.800875396e-02 3.400622681e-02 7.228622586e-02 6.433367729e-02 1.036604121e-02 -5.753664672e-02 -2.014161274e-02 4.100093793e-04 -3.191905096e-02 -2.630610764e-02 4.524077475e-02 -1.787695847e-02 8.468490839e-02 3.569547087e-02 8.524284698e-03 1.055341810e-01 1.499040518e-02 -8.719512820e-02 7.301949710e-02 3.011357039e-02 -9.682814777e-02 1.060612798e-01 2.859621868e-02 -1.047218964e-01 -4.260093719e-02 -8.967185766e-02 -5.717037991e-02 -2.343370952e-02 -7.667880505e-03 -2.801704966e-02 5.283220671e-04 7.716540992e-02 -4.114861041e-02 -4.163086042e-02 1.488683373e-02 8.897311240e-02 8.553356677e-02 -9.802008420e-02 -4.345804825e-02 6.980469823e-02 1.829333790e-02 8.877148479e-02 7.797515392e-02 1.230886485e-02 -5.963006243e-02 2.973337658e-02 -6.614056230e-02 4.923304543e-02 -4.971701279e-02 7.889750600e-02 2.698614262e-03 -2.832772583e-02 -1.032110229e-01 -6.653303653e-02 -9.656579792e-02 6.645893306e-02
6.209370121e-02 7.301960140e-02 6.469688565e-02 7.968333550e-03 -5.985673144e-02 4.648942128e-02 -4.872992635e-02 3.539565951e-02 -4.942383617e-03 -1.684114523e-02 -1.890745200e-02 2.469827048e-02 8.881057799e-02 -2.148834057e-03 -4.016387090e-02 9.090394527e-02 -5.707762763e-02 8.166214451e-03 8.789104223e-02 1.005967185e-01 9.580288827e-02 2.451110445e-02 1.072997153e-01 -5.563681945e-03 7.615282387e-02 3.196261823e-02 -7.237737626e-02 -7.741414756e-02 9.063442238e-03 5.294761434e-02 -6.500490010e-02 9.941157699e-02 5.756592751e-02 -9.151696414e-02 -1.979384385e-02 1.072544679e-01 3.540613502e-02 -7.964757830e-02 -2.632334083e-02 7.066734135e-03 -8.969832957e-02 -7.513844967e-02 -8.761236817e-02 6.116804481e-02 1.004115567e-01 3.073009849e-02 -2.011848800e-02 -7.709138840e-02 5.700130016e-02 -2.395900525e-02 -8.472898602e-02 4.679873958e-02 1.033077687e-01 -9.403784573e-02 -1.546260342e-02 -9.200762212e-02 1.113006920e-01 -6.841971725e-02 5.826296657e-02 1.328691375e-02 5.509246141e-02 1.052401438e-01 3.235017136e-02 -3.133155033e-02 -2.520694584e-02 -7.808347046e-02 -4.534462839e-02 2.310022898e-02 9.114273638e-02 -9.603562206e-02 -1.662068628e-02 9.550008923e-02 1.356412284e-02 7.837975025e-02 -9.812753648e-02 4.357336089e-02 3.451902419e-02 2.791025303e-02 7.715817541e-02 -8.153539151e-02
2.125372738e-02 4.814328160e-03 -1.078290418e-01 1.872185990e-02 4.496415146e-03 -7.251613587e-02 -7.493378222e-02 -3.576015308e-02 7.248648256e-02 4.814675823e-02 -4.814422876e-02 2.297188155e-03 -2.341832779e-02 -3.093320318e-02 -2.591059916e-02 -9.026110172e-03 -2.951644920e-02 -3.477767855e-02 8.450035751e-02 5.007816106e-02 -2.356806956e-02 -4.305264913e-03 5.556807294e-02 -2.606970817e-02 1.112051010e-01 -1.637052000e-02 3.702092916e-03 1.088613346e-01 7.388819754e-02 9.139856696e-02 -4.467386752e-02 1.405131421e-03 -1.105535217e-02 7.653412968e-02 3.652348742e-02 1.021346077e-01 -6.522830576e-02 -5.977239087e-02 -8.351121843e-02 1.548646018e-02 -3.443479165e-02 8.445101231e-02 -9.351011366e-02 -9.889678657e-02 -1.456550881e-02 2.150082961e-02 -9.155154973e-02 5.801806599e-02 -5.415247753e-02 1.103889123e-01 -5.221649259e-02 1.868780702e-02 -1.067461297e-01 -1.074896455e-01 -2.443541586e-02 -3.442179412e-02 1.692247204e-02 -9.855519235e-02 -6.111253425e-02 8.985246718e-02 1.824179851e-02 9.260667115e-02 4.822015762e-02 -1.644258387e-02 5.328377336e-02 -6.622938067e-02 -6.694319099e-02 9.614415467e-02 -4.363111407e-02 -9.353968501e-02 -3.386853635e-02 7.940139621e-02 -4.070701450e-02 -4.715406522e-02 -8.543856442e-02 -7.689870149e-02 -5.479675252e-03 -6.637685746e-02 4.857722670e-02 -4.512904584e-02
2.094876952e-02 -2.938731574e-03 1.858936623e-03 -6.392042339e-02 4.095868673e-03 3.294789046e-02 -3.010604158e-02 -2.556359023e-02 6.286675483e-02 1.359087136e-02 -9.697448462e-02 -9.604702145e-02 -1.801923476e-02 4.098357260e-02 -6.395113468e-02 9.044807404e-02 5.312822293e-03 -3.137694672e-02 1.595216803e-02 2.684526518e-02 7.975182682e-02 6.733199209e-02 4.233594984e-02 7.762368023e-02 -1.713705435e-02 4.168817028e-02 6.631569564e-02 -4.571381211e-02 -7.328300178e-02 7.000020891e-02 9.659529477e-02 -6.490650028e-02 -9.102605283e-02 9.291514009e-02 4.121994227e-02 -7.262605429e-02 8.751118928e-02 1.393402833e-02 8.758510463e-03 -8.202690631e-02 6.258987635e-02 1.801428944e-02 -6.665774435e-02 6.666073948e-02 7.738612127e-03 -9.701734781e-02 4.597448185e-02 1.061764732e-02 9.652259946e-02 -7.482066751e-02 -9.376650676e-03 -5.243456364e-02 -1.544698328e-02 -2.411672845e-02 -2.989812382e-02 6.576082110e-02 -9.203170240e-02 -8.651545644e-02 -1.437759679e-02 -1.314830221e-02 -8.159416728e-03 -2.779428475e-02 1.069255322e-01 2.354338579e-02 4.308477044e-03 2.906866930e-02 -6.308642775e-02 -2.446128521e-03 -4.297108389e-03 5.293319374e-02 5.521858577e-03 -3.817286808e-03 -6.723564863e-02 1.972457953e-02 7.774012536e-02 -6.616005301e-02 -9.575933218e-02 -7.513274252e-02 6.178658456e-02 1.997105405e-02
6.468466669e-02 8.651050180e-02 -6.722303480e-02 5.140437745e-03 8.003451675e-02 5.805045366e-02 3.672264889e-02 7.149428874e-02 5.833908543e-02 -3.699769825e-02 -1.730982400e-02 5.392526090e-02 1.059649065e-01 -1.142702997e-03 4.081398621e-02 -3.689767048e-02 5.577988178e-02 3.197829053e-02 -8.126510307e-03 3.501113132e-02 5.219327658e-02 6.980659068e-02 1.117341742e-01 -1.036776453e-01 8.112780005e-02 8.206850290e-02 9.000065178e-02 8.525923640e-02 -2.445757948e-02 -1.972069964e-02 6.952147931e-02 -5.143034086e-02 -5.692126602e-02 -3.956816345e-02 -7.598557323e-02 -9.026298672e-02 3.706367314e-02 -9.335754812e-02 -1.075385809e-01 1.834939606e-02 -5.928345397e-02 -4.150625691e-02 1.056894287e-01 -4.435994104e-02 -1.858366281e-02 -9.257071652e-03 -2.282584459e-02 -4.718113341e-04 -1.454780903e-02 -6.803485006e-02 8.321565390e-02 3.166616336e-02 6.250584126e-02 -8.915938437e-02 4.910141975e-02 -8.930709958e-02 8.864946663e-02 -4.138287902e-02 -6.881055236e-02 -9.250958264e-02 -1.070438772e-01 -2.985539474e-02 8.661030978e-02 8.053246140e-02 1.235605869e-02 -4.667411000e-02 -1.098497137e-01 6.758023053e-02 9.963779896e-02 6.604486704e-02 -5.242103711e-02 5.227660015e-02 7.028686255e-02 2.005178109e-02 -6.844963878e-02 2.546145767e-02 4.638217390e-02 -8.966825902e-02 4.323549569e-02 -9.879955649e-02
6.789708883e-02 7.512851804e-02 2.044515713e-05 1.060859635e-01 4.648191854e-02 6.135930121e-02 -7.511828095e-02 1.562416553e-02 -5.039739236e-02 1.764653064e-02 -5.592219904e-02 1.140112057e-02 2.939941734e-02 -5.789483339e-02 8.764548227e-03 -7.219573110e-02 1.950866543e-02 -1.492007356e-02 -9.159944952e-02 3.842986003e-02 -1.062011719e-01 -1.034578979e-01 6.674678624e-02 -3.128487617e-02 4.700805619e-02 2.957080118e-02 -8.991070092e-02 -5.130601674e-02 1.008059978e-01 9.161061794e-02 -2.628311701e-02 1.089706924e-02 -1.028470844e-01 -9.673975408e-02 7.385125756e-02 1.064742059e-01 -7.903610170e-02 3.284858540e-02 4.012504593e-02 1.307730377e-02 4.160973430e-02 -6.519284844e-02 -8.572129160e-02 -6.533098221e-02 9.496984631e-02 -1.569772285e-04 7.002650201e-02 -6.996368617e-02 -3.213396296e-02 -7.748089731e-02 2.493081614e-02 1.122032665e-02 -3.360895906e-03 5.489231553e-03 -3.116253763e-02 7.797204703e-02 -4.256123304e-02 3.675395623e-02 6.350912154e-02 -4.982274398e-02 6.730896235e-02 7.433055341e-02 4.977129772e-02 -3.256724402e-02 -5.056084692e-02 -9.869536012e-02 -5.369072780e-02 2.152807079e-02 -5.048185214e-02 4.543491080e-02 -5.123052746e-02 -5.321554467e-02 -1.045608521e-01 -6.975764036e-02 -1.041012779e-01 7.272163779e-02 5.403462052e-02 -5.082002282e-02 -8.180025965e-02 7.922071964e-02
-4.717392102e-02 9.006620944e-02 -9.725248069e-02 -2.059984207e-02 5.949935317e-02 8.515936136e-02 -1.021360233e-01 5.338117480e-02 -2.182287397e-03 4.595286399e-02 5.891183019e-02 -1.047490984e-01 1.086554676e-01 1.344189141e-02 2.969046123e-02 -5.713384598e-02 1.043399796e-01 1.562211290e-02 8.691131324e-02 4.679256678e-02 -9.234967083e-02 1.111329049e-01 5.308629200e-02 6.368052214e-02 -5.275387689e-02 3.185378015e-02 4.105398431e-02 -8.522947878e-02 1.543422788e-02 -5.832431838e-02 6.950596720e-02 -2.999824472e-02 3.730975837e-02 -8.570498228e-02 -9.625181556e-02 -1.023046523e-01 -1.322763041e-02 3.519575298e-02 2.633109689e-02 1.786232344e-03 -1.095905900e-01 -8.339428902e-02 7.046579570e-02 -5.860684440e-02 2.813353576e-02 -6.682167761e-03 -2.383059077e-02 -4.021077231e-02 4.840865359e-02 -9.312089533e-02 -8.060350269e-02 6.333661824e-02 -7.511578500e-02 -1.281340979e-02 -8.459710330e-02 3.118034452e-02 -5.671678577e-03 4.848433286e-02 -9.323132038e-02 -5.832391605e-02 -2.450516075e-02 -4.057173431e-02 -9.904652834e-03 -1.128100883e-02 -6.407019496e-02 4.465321079e-03 -9.976318479e-02 -7.351060398e-03 -1.023341715e-01 5.442159623e-02 9.839325398e-02 1.057444438e-01 6.131972000e-02 -9.879296273e-02 9.865670651e-02 -9.324239194e-02 -7.962615788e-02 -2.650202811e-02 4.708453268e-02 1.028460488e-01
7.337917387e-02 7.839183509e-02 -6.108574569e-02 -7.905845344e-02 -4.577281699e-02 -3.680919856e-02 7.793220878e-02 -9.630380571e-02 -3.550414741e-02 6.684900261e-03 1.011716872e-01 -3.083480336e-02 9.869973361e-02 -5.923748389e-02 8.683700860e-02 -1.019439027e-01 1.251340937e-02 9.752415866e-02 3.303998848e-03 9.832594544e-02 9.325644001e-03 -6.349126250e-02 -5.265083909e-02 -4.260036349e-02 -1.002436876e-01 -6.248771772e-02 -3.590923920e-02 -1.117426604e-01 1.216678787e-02 -2.929130010e-02 3.838050365e-02 1.050499678e-01 3.273982927e-02 -1.800373429e-03 -1.846794854e-03 -5.700081959e-02 -1.104639564e-02 -1.013766602e-02 7.986046374e-03 2.215652727e-02 -7.941089571e-02 -1.520285383e-02 -8.726569265e-02 -1.884126477e-02 -8.153390139e-02 -9.699534625e-02 3.959799185e-02 -5.318081379e-02 6.387998909e-02 -1.040507257e-01 1.454475708e-02 -5.143535137e-02 1.077933908e-01 -2.455202118e-02 1.069602668e-01 -3.510433435e-02 3.825811297e-02 1.219764259e-02 -7.625520229e-02 2.662027441e-02 -7.036855072e-02 7.476741821e-02 3.644649312e-02 1.039197785e-03 2.476393804e-02 5.876400694e-02 1.099098623e-01 1.019547507e-01 4.947368428e-02 3.974890336e-02 -7.484767120e-03 7.745675743e-03 -8.094489574e-02 -4.229582101e-02 7.935481519e-02 -7.311125845e-02 4.020448402e-02 -4.998694360e-02 4.362300783e-02 1.236656122e-02
1.314687659e-03 5.433671176e-02 5.439667404e-02 -8.301339298e-02 -6.439202279e-02 4.053452238e-02 7.838257402e-02 6.525794417e-02 -6.108110771e-02 -8.718566969e-03 -1.077757552e-01 2.511515655e-02 -9.440477192e-02 -1.044894829e-01 -3.249723092e-02 -4.162210226e-02 -4.937021807e-02 1.027860865e-01 -1.276633516e-02 8.094429970e-02 9.289534390e-02 -8.583794348e-03 8.352514356e-02 2.273226902e-02 -8.888185769e-02 -5.448701233e-02 -5.121825263e-02 -5.921994522e-02 -6.745053083e-02 1.972215250e-02 5.762946233e-02 -8.018625528e-02 -9.936302900e-02 5.735294521e-02 -6.576156616e-02 3.392988443e-02 9.613367915e-02 1.055560037e-01 -7.160972059e-02 -3.466969728e-02 4.537562653e-02 -2.845828608e-02 -9.895166755e-02 9.158797562e-02 -6.127068400e-02 8.437379450e-02 2.256095223e-02 -7.437091321e-02 2.339890972e-02 5.985227972e-02 3.598607704e-02 -8.749388903e-02 3.718762100e-02 -1.064886451e-01 -3.999768570e-02 7.772387564e-02 -5.161962286e-02 2.061378397e-02 9.940819442e-02 1.389554981e-02 -3.904786333e-02 -8.408293873e-02 -2.104039863e-02 2.063747961e-03 -6.263701618e-02 -3.658307716e-02 6.624404341e-02 9.768660367e-02 -5.791282654e-02 -8.088330925e-02 6.778968126e-02 -6.180475280e-02 2.840200253e-02 -1.092021167e-01 8.145080507e-02 -9.880083799e-02 1.100165546e-01 -5.137373507e-02 8.183244616e-02 -2.263352275e-02
8.164241910e-02 -2.104238607e-02 5.058514327e-02 -7.993378490e-02 8.608024567e-03 8.056817949e-02 1.059221774e-01 3.900392354e-02 -1.870228164e-02 -9.545617551e-02 -6.048714276e-03 -9.916225076e-02 9.848337620e-02 8.606414497e-02 -7.367396355e-02 -1.040357277e-01 6.085201353e-02 3.525232896e-02 -9.177943319e-02 -5.984246731e-03 -4.369643331e-02 4.965304956e-02 -7.778269798e-02 7.134381682e-02 5.367524177e-02 6.120682880e-02 -8.390314132e-02 4.503758997e-02 -1.066466868e-01 -2.642295323e-02 -1.830407977e-02 4.947261419e-03 -4.800993577e-02 -6.522627920e-02 -8.109901100e-02 9.106899798e-02 -8.504813910e-02 8.323342353e-02 9.073220938e-02 -4.449115321e-02 -3.276609816e-03 1.506027114e-02 -8.263471723e-02 -7.417114079e-02 -2.055624686e-02 -2.791535668e-02 5.253934860e-02 -8.415833116e-02 5.392503738e-02 8.090537973e-03 3.100616112e-02 7.202346623e-02 4.082015529e-02 -1.054522842e-01 4.607942700e-02 -7.025362551e-02 2.817178704e-02 -6.102301180e-02 -7.670788467e-02 5.597989261e-02 -3.107697330e-02 8.173552901e-02 2.629708312e-02 -1.784151793e-02 1.057871133e-01 2.560118958e-02 -5.685325339e-02 -1.083442755e-02 -7.320379373e-03 -8.427948505e-02 1.986332424e-02 -1.106279641e-01 -2.024151944e-02 9.039966017e-02 1.924453117e-02 5.416231602e-02 -7.795424014e-02 -4.120668024e-02 -1.001197249e-01 1.055341959e-02
-9.650693089e-02 1.437582448e-02 3.882995248e-02 1.333781332e-02 -1.008784473e-01 -1.005102843e-01 -7.942540944e-02 9.875609726e-02 1.046510860e-01 5.244763941e-02 9.084160626e-02 -5.635250360e-02 7.029910386e-02 3.019520454e-02 1.489954814e-02 3.659014031e-02 9.912434965e-02 -7.819170505e-02 6.490123272e-02 -7.794020325e-02 1.068013310e-01 1.600650512e-02 -5.571236089e-02 1.057179272e-01 6.568779796e-02 4.384408146e-02 2.189281769e-02 9.018700570e-03 -6.699609011e-02 -6.407501549e-02 8.016285300e-02 -6.386466324e-02 -5.263191462e-02 3.101806343e-02 8.301865309e-02 -8.091576397e-02 5.226146057e-02 -2.750510722e-02 1.515727211e-02 5.304934457e-02 5.325346440e-02 -3.240206838e-02 1.048144177e-01 -8.458130807e-02 -3.843396436e-03 -8.781378716e-02 7.408637553e-02 -8.809502423e-02 -1.072938293e-01 -1.114599332e-01 1.022381037e-01 5.563840270e-02 5.126303434e-02 -8.803791553e-02 -1.117386743e-01 -1.077481359e-01 5.528455949e-05 -9.204783291e-02 -1.172272582e-02 7.193610072e-02 8.113069087e-02 -1.059044078e-01 -4.700446874e-02 4.613428563e-02 -3.866919130e-02 -1.806597575e-03 9.087823331e-02 7.493851334e-02 7.920914888e-02 6.829551607e-02 3.087449446e-02 -2.694189316e-03 -2.254130505e-02 6.426272541e-02 1.006491110e-01 7.178285718e-02 -3.121329099e-02 1.113497391e-01 5.394744128e-02 -1.198278181e-02
7.833798975e-02 -5.483048782e-02 8.397160470e-02 -6.108078733e-02 -1.100844443e-01 1.016698480e-01 7.185317576e-02 8.467003703e-02 -7.391382754e-02 5.094648153e-02 9.528318793e-02 1.031915992e-01 9.838752449e-02 -2.288185060e-02 -1.440090826e-03 1.298234146e-02 -4.669647291e-02 -5.497736111e-02 -3.742342070e-02 -3.921391815e-02 -7.562433183e-02 5.695701018e-02 -5.426252633e-02 -4.287471995e-02 -1.005194411e-01 9.604354203e-02 -8.518262953e-02 3.256556392e-02 7.589375973e-02 6.605425477e-02 3.598001227e-02 5.657464266e-02 6.202979386e-02 -7.950380445e-03 9.024744481e-02 9.358143061e-02 4.211609252e-03 -2.560514770e-02 6.596885622e-02 -1.955316775e-02 -9.693002701e-02 -1.016448364e-01 2.131291665e-02 1.739304389e-05 1.080586836e-01 2.697991766e-02 3.756527230e-02 -7.587300241e-02 -9.570527822e-02 4.954906553e-02 -1.069554687e-01 9.103774279e-02 -6.259083748e-03 4.835447669e-02 3.707004339e-02 -1.238339487e-02 -6.458614767e-02 9.258308262e-02 5.285222456e-02 -6.206651218e-03 -6.511405855e-02 1.036255062e-01 5.958674476e-02 -7.976598293e-02 -3.748638183e-02 1.043113023e-01 8.721916378e-02 -4.806955159e-02 -6.856168807e-02 4.000801593e-02 -3.451343998e-02 9.608107060e-02 9.678929346e-04 1.953869313e-02 -8.920873702e-02 -9.721252322e-02 6.855565123e-03 -1.028789952e-02 -8.189939708e-02 -8.529255865e-04
1.112130582e-01 -7.639053464e-02 -1.050104350e-01 7.124035060e-02 -6.723868847e-02 -5.482843518e-02 -2.582965791e-02 -8.797459304e-02 5.906543508e-02 9.771980345e-02 -9.833570570e-02 4.833014216e-03 2.767305449e-02 2.165873908e-02 -2.136946842e-02 4.242486134e-02 7.188273221e-02 -4.350035265e-02 -5.181178823e-02 2.908259630e-02 -1.056400761e-01 -5.951898545e-02 7.488565147e-02 -8.204299212e-02 -7.315751910e-02 -5.938438699e-03 7.367717475e-02 2.477914467e-02 8.087421954e-02 -6.600105017e-02 -5.227323156e-03 -2.380466647e-02 4.555806145e-02 1.084029675e-01 -2.059393749e-02 -2.414701041e-03 7.882188261e-02 9.525720030e-02 3.166880226e-03 8.867796510e-02 7.900606096e-02 1.822353899e-02 -3.257909045e-02 -5.157317594e-02 -6.232931465e-02 -8.191980422e-02 -6.791744381e-02 -6.586651504e-02 1.022891104e-01 -8.679436892e-02 -1.841611601e-02 -1.566357538e-02 6.236383319e-02 1.018536538e-01 8.630419523e-02 -4.682768881e-02 6.567404419e-02 -6.729257107e-02 -8.878861368e-02 -2.961803600e-02 1.051382795e-01 -9.302593023e-02 -1.015942022e-01 -2.031483687e-02 -7.337421924e-02 5.068885162e-02 1.279560290e-02 2.455298230e-02 5.736235529e-02 -4.748035967e-02 -3.948425129e-02 3.378551453e-02 -6.141975895e-02 -1.108303443e-01 -6.952681392e-02 -4.331623763e-02 2.374695800e-02 -4.547015205e-02 1.360202767e-02 8.468977362e-02
-8.944828063e-02 8.673802018e-02 3.835460916e-02 -6.416511536e-02 -6.014604121e-02 -1.115767583e-01 -4.037583992e-02 -4.658235982e-02 -3.237817064e-02 -8.241742849e-02 -9.187991172e-02 -1.032080501e-01 -7.198398560e-02 -1.368327439e-02 -5.532411486e-02 -5.106676370e-02 -9.490489215e-02 -2.916934900e-02 7.710500807e-02 1.488925889e-02 -3.605971346e-03 5.183536559e-02 -2.747381292e-02 -3.318852931e-02 -7.417673711e-03 9.089975804e-02 -1.042319983e-01 -3.268844634e-02 1.111037284e-01 3.047925234e-02 -2.353006974e-02 -9.928736091e-02 -6.688147783e-02 5.478526652e-02 3.278622171e-03 9.296027571e-02 -1.321872696e-02 -1.426478941e-02 1.101472974e-01 4.196680337e-02 -5.601331964e-02 2.097495832e-02 -8.025687933e-02 -5.051182583e-02 -3.351179883e-02 9.509858489e-02 1.408820599e-02 -5.470517650e-02 -2.818779554e-03 8.329226822e-02 -2.774643712e-02 -7.749783248e-02 -6.455269456e-02 -9.590755403e-02 -7.808607817e-02 -1.096066087e-01 -1.673624036e-03 -8.456439525e-02 -8.761662990e-02 -3.809335455e-02 -7.891685516e-02 -6.240333989e-02 5.201885104e-02 -9.619461000e-02 -2.349982969e-02 7.255073637e-02 6.424677372e-02 -6.015263870e-02 6.294233352e-02 7.444680482e-02 2.700713277e-02 5.478885025e-02 -2.727385424e-02 -1.924163848e-02 3.978792951e-02 -1.611835510e-02 4.008410498e-02 7.297133654e-02 3.527636081e-02 2.007425204e-02
-5.291042849e-02 -3.490338847e-02 1.187131926e-02 -1.417917013e-02 6.873980165e-02 5.907288566e-02 1.062329337e-01 3.855216876e-02 -7.190095633e-02 9.775397927e-02 8.258311078e-03 -1.016397029e-01 7.732921094e-02 -7.120890915e-02 7.449015975e-02 1.673935913e-02 -7.416507602e-02 7.287432253e-02 -1.764700934e-02 -8.351970464e-02 6.923174113e-02 -6.771558523e-02 3.192811087e-02 6.087005883e-02 4.515241086e-02 3.076111153e-02 5.288967490e-02 -8.784116805e-02 -5.449066311e-02 5.692045018e-02 8.378048241e-02 2.083790675e-02 1.362327207e-02 -8.858641237e-02 -2.175660618e-02 -5.632251874e-02 1.090725064e-01 1.107181236e-01 2.044751681e-02 8.912870288e-02 8.708037436e-03 -3.213870898e-02 -8.081756532e-02 9.459113330e-02 3.194971755e-02 -1.819678955e-02 -7.190596312e-02 8.039609343e-02 4.919017106e-02 -6.377401948e-02 1.047871783e-01 -8.273301274e-02 -1.561137009e-02 7.287299260e-03 9.440046549e-02 2.030430734e-02 8.028153330e-02 -7.304801792e-02 5.723139271e-02 9.159008414e-02 -6.518831849e-02 -2.933437563e-02 3.617854416e-02 2.234897017e-02 2.094870247e-02 -1.706553623e-02 -2.847317420e-02 7.249966264e-02 -2.588996664e-02 3.367949277e-02 -6.543203443e-02 -8.164508641e-02 -9.141641855e-02 1.009113789e-01 -4.914186895e-02 -6.419710070e-02 1.912492514e-02 9.566924721e-02 1.526789460e-02 4.144946486e-02
3.115723468e-02 9.055318683e-02 4.326128587e-02 -8.874476701e-02 8.173931274e-04 9.506125003e-02 -1.033727527e-01 -3.376608342e-02 -1.054215357e-01 -9.926022589e-02 4.288323969e-02 9.732146561e-02 1.018160209e-01 -4.028109089e-02 8.615337312e-02 -8.290539682e-02 -9.722860157e-02 8.596475422e-02 4.910770804e-02 1.418815274e-02 -8.991710842e-02 -4.520272370e-03 9.220074117e-02 -4.815075919e-02 7.352293283e-02 -5.327014998e-02 -9.816738218e-02 1.000359282e-01 -1.029980630e-01 -5.171454698e-02 -1.543413475e-02 8.731280267e-02 1.856057788e-04 -2.479613759e-02 6.584886461e-02 -2.242451347e-02 7.888265699e-02 1.008936241e-01 4.647051170e-02 1.177231874e-02 8.445166796e-02 -1.067596376e-01 -1.110877916e-01 2.871811576e-02 -7.363400608e-02 -9.609253705e-02 -3.051090613e-02 -7.178580016e-02 1.963943988e-02 -6.323806196e-02 1.789017988e-04 5.889116973e-02 -5.848667771e-02 9.232192487e-02 -4.315334186e-02 8.756876737e-02 -6.447423249e-02 -7.550859451e-02 4.899900407e-02 1.061376929e-01 -5.925967544e-02 -1.010754108e-01 -5.732948706e-02 6.478693336e-02 -8.923710138e-02 -3.262608498e-02 -9.676715732e-02 -6.734773517e-03 7.884385437e-02 2.427189378e-03 -4.148847423e-03 -1.604843512e-02 1.036399975e-01 2.088552900e-02 7.922684774e-03 2.066404372e-02 1.077141240e-02 8.362714201e-02 8.600815386e-02 2.992655337e-02
5.884804204e-02 -9.059973061e-02 -9.182351083e-02 1.372664468e-03 3.511471674e-02 2.169343084e-02 5.645819753e-02 1.013476327e-01 -1.051112488e-01 -1.112771779e-01 5.753166042e-03 -7.149957120e-02 4.009103402e-02 2.654168010e-02 6.147581618e-03 1.257994305e-02 7.948861457e-03 -1.035236567e-01 5.388767645e-02 3.912885860e-02 1.064721048e-01 2.152377926e-02 8.757404983e-03 6.304758601e-03 -1.737042703e-02 3.793340549e-02 1.669185795e-02 1.078255847e-01 -5.536018312e-02 -6.357928365e-02 9.570661932e-02 5.862791464e-02 1.425454021e-02 9.514964372e-02 -3.054138739e-03 3.646773845e-02 2.332258038e-02 2.861842280e-03 6.901080161e-02 -6.164557487e-02 -3.702514246e-02 8.396875858e-02 6.464210898e-02 4.206236452e-02 5.097950622e-02 7.167819142e-02 -2.669465728e-03 1.108274683e-01 2.837970480e-02 -2.422485873e-02 5.224877223e-02 3.901273385e-02 -8.402590454e-02 4.579715431e-03 2.594249323e-02 8.035323769e-02 -9.145425260e-02 -8.171165735e-02 -8.509598672e-02 6.252329051e-02 -4.811595660e-03 -1.044510007e-01 -7.340091467e-02 9.519962221e-02 5.540199205e-02 8.344628662e-02 -1.107359976e-01 -4.468118399e-02 2.995869890e-02 5.132640898e-02 9.437321126e-02 -1.044866666e-01 6.061264127e-02 1.867346652e-02 1.112492159e-01 -9.599687904e-02 6.027856376e-03 -1.072827131e-01 -3.104839660e-02 5.885703862e-02
7.433779538e-02 -1.028224826e-01 9.938199073e-03 9.278991818e-02 -2.204285190e-02 -1.900773309e-02 1.452032663e-02 -7.152420003e-03 -4.931148142e-03 1.005295888e-01 -3.941075876e-02 -1.016135514e-01 9.212729335e-02 -4.168695584e-02 -4.931397364e-02 -3.869235516e-02 6.862615794e-02 6.279942114e-03 6.265654415e-02 -7.286118716e-02 -4.401845112e-02 -7.716780901e-02 8.239767700e-02 -1.019430235e-01 -1.047394350e-01 6.572192907e-02 -6.409446150e-02 9.448990971e-02 -8.936843276e-02 -3.217406804e-03 4.967083037e-02 6.868701428e-02 -4.352166131e-02 -2.794921026e-02 4.046285897e-02 -5.689192936e-02 -6.449077278e-02 6.040308625e-02 2.773725428e-02 -9.924592823e-02 -4.773797467e-03 4.230030999e-02 -1.077588275e-01 -5.202606320e-02 -9.992122650e-02 -1.105167419e-01 -4.905559495e-02 9.934176505e-02 -2.116886753e-04 -6.787032820e-03 2.128150314e-02 2.210753225e-02 -2.105651191e-03 4.651737213e-02 -3.354515880e-02 1.111378670e-01 8.337318897e-03 -4.037832096e-02 -8.678636514e-03 6.690576673e-02 -7.508994639e-02 1.024719030e-01 -1.241536811e-02 -9.205678478e-03 -4.648305103e-02 6.525269151e-02 3.739732504e-02 4.056976363e-02 -3.975256905e-02 -6.865812093e-02 -4.096817598e-02 3.144906461e-02 -8.220270276e-02 2.840893343e-02 -8.196227998e-02 -2.511643618e-02 4.403692205e-03 -5.470854789e-02 -1.025074050e-01 6.031246856e-02
-2.277989127e-02 1.932980306e-02 1.016016230e-01 -1.591704786e-02 -7.687036693e-02 -4.299331456e-02 9.830107540e-02 7.242562622e-02 -8.886428922e-02 -5.796787143e-02 -4.934172332e-02 5.622051656e-02 9.267818183e-02 6.011989340e-02 3.015572764e-02 7.739971392e-03 -5.629051477e-02 6.545445323e-02 -1.064618677e-01 -8.644326031e-02 9.181585908e-02 -2.744575776e-02 -5.372596905e-02 4.907265678e-02 4.031114653e-02 -5.618140101e-03 -1.263274811e-02 8.975045383e-02 6.775780022e-02 1.019834951e-01 3.378403559e-02 4.245638102e-02 6.422734261e-02 -7.821000367e-02 2.628507465e-02 1.255186088e-02 5.976068974e-02 3.832216933e-02 1.015820424e-03 9.825436026e-02 -1.128074247e-02 1.065669954e-01 -1.070114449e-01 1.070335060e-01 -7.613836974e-02 2.589493804e-02 9.235095233e-02 6.576143950e-02 -1.067734510e-01 4.330788180e-02 -7.423167676e-02 9.890570492e-02 1.060214266e-01 7.633370161e-02 8.557107300e-02 -6.978229433e-02 2.728642139e-04 -2.178474143e-02 6.648626924e-02 -2.433796041e-02 8.329694718e-02 -7.309485227e-02 3.270326927e-02 -4.863270000e-02 6.422751397e-02 4.662791267e-02 -4.298545048e-02 -4.271864891e-02 9.026958048e-02 3.331146389e-02 -3.655451536e-02 -8.502122760e-02 6.070439145e-02 7.677099109e-02 5.088179931e-02 -8.882912993e-02 9.323149174e-02 5.397897586e-02 5.116792396e-02 8.196441084e-02
-6.338541210e-02 -7.799298316e-02 2.086352324e-03 -6.599994004e-02 -3.762458265e-02 -2.909401804e-02 -7.782970369e-02 -2.087101340e-02 -1.594593003e-02 -4.262220860e-02 4.220913351e-02 1.522823051e-02 1.058979481e-01 -7.946036756e-02 -1.511331648e-02 -3.637654707e-02 -5.143948272e-02 -1.044914648e-01 3.185321018e-02 -3.030464053e-02 -1.077617630e-01 -6.927099079e-02 -9.650035948e-02 -6.991223991e-02 -1.745567285e-02 -4.299294204e-02 -1.151398197e-02 1.987833157e-02 -8.443231881e-02 -8.220218122e-02 -5.525638163e-02 1.046140715e-01 -6.754449755e-02 5.713340640e-02 1.057556421e-01 -2.812382020e-02 6.639331579e-03 -9.458484501e-02 9.710130095e-02 1.095164865e-01 -5.864592269e-02 -2.061302401e-02 -2.356738970e-02 2.245319448e-02 9.314125776e-02 7.449764758e-02 4.947507009e-02 8.793205023e-02 9.289590269e-02 9.654811025e-02 -4.732630029e-02 1.800414734e-02 5.886531249e-02 9.932631999e-02 -6.110373884e-02 7.540636510e-02 -3.103596158e-02 4.249254242e-02 -8.688685298e-02 -9.781911969e-02 8.412161469e-02 8.342489600e-02 1.101501361e-01 6.071626768e-02 -7.407816499e-02 -9.957897477e-03 8.793066442e-02 -8.190032840e-02 -4.164438695e-02 3.003732127e-04 8.805516362e-02 6.654661894e-02 -6.160243414e-03 8.821038902e-02 4.867830873e-02 -3.357056156e-02 -1.078684628e-01 1.094689742e-01 1.023332626e-01 -6.686795503e-02
-8.477587253e-02 3.484745324e-02 7.767847180e-02 2.585299546e-03 -1.051965728e-01 -1.224763575e-03 -4.037473351e-02 2.982720546e-02 -9.859585017e-02 -3.130214987e-03 1.082230061e-01 -9.137752652e-02 -8.791539073e-02 -1.113631204e-01 -4.718714207e-02 -3.640734777e-02 4.253043234e-02 9.281995147e-02 -9.017869830e-02 -4.775698110e-02 3.750928119e-02 -6.101771817e-02 3.007220104e-02 -1.045339033e-01 -9.791015089e-02 -7.564108819e-02 1.397065353e-02 2.285502106e-02 9.950076789e-02 9.555751830e-02 6.984196603e-02 6.292043719e-03 2.460961230e-02 7.321114838e-02 -5.317648128e-02 1.071080714e-01 6.288010627e-02 -1.000237465e-01 -9.831589460e-02 4.739703238e-02 -6.617993582e-03 -2.895346098e-02 7.199166715e-02 3.707077587e-03 -5.405031890e-02 2.347783744e-02 6.561225653e-02 8.102077246e-02 7.614220679e-02 -7.123957574e-02 1.360958442e-02 -5.805943534e-02 -8.272361010e-02 -1.002446190e-01 -6.672468036e-02 4.847720265e-02 5.395470560e-02 -8.120512590e-03 -8.210349083e-02 9.935463220e-02 1.927182637e-02 2.420861274e-02 -8.144136518e-02 -1.665877923e-02 -7.947704196e-02 6.722626090e-02 -3.288771585e-02 9.352771938e-02 -1.042200401e-01 -1.262175292e-02 -4.500526935e-02 2.313177660e-02 7.986325026e-02 2.247447846e-03 4.658403993e-02 4.794304073e-02 2.341879532e-02 7.360856235e-02 9.269077331e-02 -8.406729996e-02
4.980928078e-02 -1.001414582e-01 -5.263739079e-02 -4.350630939e-02 5.475313216e-02 8.728789166e-03 -3.548706323e-02 -3.425804898e-02 8.783576638e-02 6.109232828e-02 -7.363292575e-02 -1.041548401e-01 -4.146613926e-02 -1.071213111e-01 1.110577360e-01 5.318050832e-02 5.514429510e-02 4.373037722e-03 -9.993315488e-02 -6.772509217e-02 -5.436998978e-02 1.037700474e-01 1.039669290e-01 -5.652630329e-02 -2.943702787e-02 8.747114241e-02 4.313188419e-02 9.863607585e-02 3.588974103e-02 -8.143771440e-02 3.266121820e-02 2.113421448e-03 -7.433121093e-03 -4.381839558e-02 1.968554035e-02 -1.007065699e-01 -1.115713194e-01 -3.845240921e-02 -5.057946593e-02 1.937114634e-02 6.181588024e-02 2.630189620e-02 -1.021958515e-01 2.117926441e-02 1.052886844e-01 2.814120054e-02 -6.236763299e-02 -5.582300946e-03 -5.461141467e-02 -2.422723174e-02 4.755151644e-02 -8.517710865e-02 1.053496078e-02 7.610047609e-02 5.269791186e-02 -8.654224873e-02 6.500618905e-02 -2.171474323e-02 -2.609964274e-02 -9.483919293e-02 1.085035950e-01 5.060377717e-02 5.047412217e-02 4.986489937e-02 -9.071926773e-02 -5.593400449e-02 -9.402184188e-02 5.946146324e-02 -8.894967288e-02 3.894709283e-03 4.511529207e-02 -5.904082954e-02 9.668928385e-02 4.597191140e-02 9.003375471e-02 -9.000878036e-02 -8.286691457e-02 8.285588026e-02 -8.598644286e-02 -8.277582936e-03
-2.272079326e-02 4.385272972e-03 -3.407400101e-02 6.534440070e-02 1.172437798e-03 3.021406382e-02 -1.015743911e-01 -3.803436458e-02 -5.769070238e-02 9.555512108e-03 -9.619087726e-02 1.065305993e-02 -1.072616428e-01 -4.384456202e-02 -1.871234365e-02 -7.627749583e-04 2.469069883e-02 -6.385922432e-02 7.270673662e-02 -1.078072786e-01 -2.772909775e-02 -5.733889714e-02 -4.920876026e-02 -8.920080960e-02 9.710116684e-02 -9.894887358e-02 8.891469985e-02 -5.872552842e-02 9.718731046e-02 2.446116507e-02 -5.589434132e-02 -1.082030237e-01 -2.072769776e-02 9.168774635e-02 4.483747110e-02 -4.017472267e-02 -6.671842933e-02 7.345235907e-03 -3.345351666e-02 -6.856162101e-02 -8.428438753e-02 -7.343799621e-02 -7.525096089e-02 1.084083691e-01 1.328187529e-02 1.502822991e-02 7.494068891e-02 -9.447805583e-02 1.854817010e-02 -3.081730381e-02 4.990900308e-02 3.717504069e-02 -7.435994595e-02 -1.000175476e-01 -2.347899787e-02 -8.462931961e-02 -3.147206828e-02 5.450149998e-02 -9.957844391e-03 -1.029291097e-02 3.564218804e-02 -6.749919802e-02 9.475263208e-02 -8.187653869e-02 3.993909433e-02 6.792391837e-02 -2.186778933e-03 -4.653608426e-02 4.836788401e-02 -3.031614423e-02 -1.007237881e-01 5.647982657e-02 7.725153118e-02 4.354662448e-02 -8.448991925e-02 -7.247172296e-02 3.714477271e-02 5.725787580e-02 2.253522910e-02 8.423367888e-02
2.379376441e-02 -8.907771111e-02 5.182823539e-02 9.477392584e-02 -7.568662614e-02 -1.042124704e-01 4.493882880e-03 7.893539220e-02 5.296092853e-02 -7.260718197e-02 5.162536725e-02 -3.192777932e-02 -1.814427786e-02 -7.788725197e-03 -8.816535771e-02 -4.657621309e-02 4.150380380e-03 6.837323308e-02 -6.644964218e-02 4.639072716e-02 2.179028653e-02 -9.810063988e-03 -2.843662910e-02 -9.275690466e-02 3.688747436e-02 -6.101991981e-02 1.061385795e-01 4.207456112e-02 4.133740440e-02 1.074127257e-01 -9.992230684e-03 -4.406216741e-02 3.301599761e-03 -3.475468978e-02 3.702411428e-02 -1.113544181e-01 1.827914454e-02 -1.721017063e-02 -2.841101214e-02 6.400977820e-02 -8.661015332e-02 -2.664855681e-02 8.530366421e-02 1.825564727e-02 -7.283715159e-02 6.634552032e-02 -9.323833138e-02 7.268208265e-02 -4.550485685e-02 3.901313245e-02 8.399915695e-02 9.936978668e-02 3.504990414e-02 4.942876846e-02 -2.750537358e-02 -2.770038880e-02 -1.020436436e-01 5.248610303e-02 2.313540131e-02 3.376682848e-02 -7.130767405e-02 -1.107254028e-01 5.882287771e-02 -5.335046723e-02 -3.655799478e-02 3.334352002e-02 4.354133457e-02 -1.072427183e-01 -2.818339691e-02 9.638062865e-02 2.028471418e-02 -6.521705538e-02 8.876428008e-02 -1.041233987e-01 1.141159702e-02 2.537535876e-02 1.119321771e-02 1.021017581e-01 2.089949511e-02 -7.183940709e-02
-1.659532450e-02 -4.622756690e-02 9.291754663e-02 1.462940313e-02 -1.012541726e-01 1.679168548e-03 1.225816435e-03 6.649234332e-03 2.658171766e-02 6.012682244e-02 -8.898677677e-02 3.439479321e-02 -5.610439181e-02 7.311504334e-02 -6.120612472e-02 -7.981160283e-02 -6.429617852e-02 6.442231685e-02 -2.116464265e-02 9.753255546e-02 -9.315968305e-02 3.613259271e-02 -3.980225697e-02 1.628768630e-02 7.104260474e-02 5.714620277e-02 -1.043264940e-01 -1.618306153e-02 4.667200148e-02 -1.107414588e-01 -8.212102950e-02 -1.107632518e-01 1.529211178e-02 2.417735755e-02 -4.653420299e-02 4.511237517e-02 1.679311134e-02 4.757526889e-02 9.796082973e-02 -7.478905469e-02 -8.680691570e-02 1.061765179e-01 -5.815667659e-02 7.875560224e-02 -3.778710216e-02 -2.409788407e-02 -4.986064881e-02 3.418767452e-02 -7.197668310e-03 8.929545432e-02 -1.094881073e-01 -2.616460435e-03 1.649071276e-02 3.617686778e-02 8.680707216e-02 3.863537684e-02 -9.676273167e-02 1.534442417e-02 -4.739838094e-02 6.866645068e-02 -4.870630801e-02 -1.348127518e-02 2.867493406e-02 7.335232198e-02 -5.363246053e-02 8.326792717e-02 -7.874854654e-02 -2.660930529e-02 -7.010231167e-02 2.369725704e-02 -9.058477730e-02 -1.128175529e-03 -7.732021064e-02 7.195860893e-02 -1.013299823e-01 -4.903476313e-02 -9.489665180e-02 -7.045958191e-02 8.050234057e-03 5.312968791e-02
5.588988960e-02 -8.827275038e-02 -1.984992810e-02 -2.339105867e-02 4.712297022e-02 -1.138824597e-02 -1.470145397e-02 -6.988851726e-02 -7.778204232e-02 -5.283940118e-03 5.265319720e-02 -5.548477173e-02 2.381846122e-02 5.472900718e-02 -4.059354216e-02 1.011496410e-01 1.016214713e-01 6.694106013e-02 4.770733416e-02 -8.871313930e-02 5.962273106e-02 -1.303028222e-02 8.607259393e-02 -9.185004234e-02 -3.998574335e-03 1.014878526e-01 2.205783315e-02 3.653521836e-02 -4.793283297e-04 -5.292971432e-02 5.524753407e-02 8.833882213e-02 6.127941608e-02 -7.524367422e-02 -7.521919906e-02 1.081630290e-01 -1.401858032e-02 4.659022391e-02 3.174750507e-02 -7.061602920e-02 9.610460699e-02 1.986465603e-02 -5.363144726e-02 1.055622548e-01 3.690433502e-02 2.716084570e-02 -7.670103759e-02 9.799712151e-02 -5.663717911e-02 -3.918130696e-02 -1.085005328e-01 3.098958172e-02 -6.337668002e-02 -9.918148816e-02 7.858570665e-02 -1.019936949e-01 -2.316301689e-02 -4.214226827e-02 8.067840710e-03 1.639621705e-02 9.876165539e-02 3.394556046e-02 -3.617168218e-02 -6.641063094e-02 -2.968152985e-02 6.176616624e-02 -1.078085154e-01 4.254383966e-02 -7.317220792e-03 -5.238239840e-02 7.361084223e-02 5.661161616e-02 3.874184098e-03 -5.519563332e-02 -6.803935021e-02 -3.009300679e-02 -6.924881786e-02 -1.948066242e-02 3.760196269e-02 -1.222457830e-02
1.453442778e-02 -4.079420492e-02 -3.068174422e-02 6.519327313e-02 -1.364195812e-02 2.793881483e-02 -7.713691145e-02 -6.492204964e-02 8.535166830e-02 -3.439091379e-03 1.087510735e-01 -3.774543852e-02 5.948889256e-02 4.843000695e-02 -9.609834105e-02 -6.324715912e-02 9.425190836e-02 -3.735811263e-02 -1.032137275e-01 8.285425603e-02 1.062939316e-01 7.260248810e-02 7.127732038e-02 -3.392432630e-02 9.411492199e-02 -4.946001992e-02 4.479314014e-02 -1.074110493e-01 9.836024046e-02 -8.266133070e-02 -1.040136889e-01 4.619208723e-02 9.667708725e-02 -9.076870233e-02 1.083796322e-01 1.912572421e-02 5.664573610e-02 2.274425142e-02 -1.113023013e-01 9.650795162e-02 8.986927569e-02 5.885198712e-02 1.396828098e-03 4.524466768e-02 6.049913820e-03 3.519434109e-02 -1.338620670e-02 1.050085649e-01 -3.702734038e-02 -1.762736402e-02 3.295876831e-02 9.909419715e-02 -6.247666851e-02 -4.857463017e-02 -9.846793115e-02 8.452612907e-02 1.045087799e-01 2.230373397e-02 -9.291313589e-02 -8.709330857e-02 8.813028038e-02 7.569546346e-03 2.463981323e-02 -6.606879085e-02 -9.250383824e-02 -5.646138266e-02 -1.072998792e-01 7.794472575e-02 4.026915133e-02 -9.235705435e-02 1.112423837e-01 -2.572200820e-02 5.612039939e-02 2.395167574e-02 3.959167376e-02 -1.019476354e-02 -1.262994949e-02 -5.162596703e-02 3.457652032e-02 1.153741311e-02
7.953752577e-02 -8.414905518e-02 4.416172579e-02 3.550188243e-02 3.234559903e-03 -6.330818683e-02 -5.639558285e-02 8.409085125e-02 7.699855417e-02 4.503179342e-02 -1.061279103e-01 -7.432077080e-02 3.705761954e-02 1.087680757e-01 -1.063689813e-01 2.738126367e-02 -1.056082994e-01 -1.073334515e-01 -8.449836820e-02 -5.502246320e-02 -6.789006293e-02 -6.474825740e-02 9.434667416e-03 -2.394271828e-02 6.591828167e-02 2.547913045e-02 -4.450367019e-02 -7.574073970e-02 8.487635106e-02 -1.516100368e-03 2.351911552e-02 5.253004655e-02 -2.230298705e-02 -5.702391639e-02 3.844729159e-03 -6.421044469e-02 5.535767600e-02 4.110905528e-02 -5.501087010e-02 -3.568952903e-02 2.343476191e-02 1.588411443e-02 1.674334519e-02 -5.559692904e-02 2.211149037e-02 -4.768535867e-02 2.343005687e-02 4.754991736e-03 5.589058157e-03 -4.560992122e-02 -9.003275633e-02 -7.917687297e-02 2.543254942e-02 4.878321290e-02 -2.635712735e-02 7.726138085e-02 -4.305423796e-02 5.964674801e-02 2.223306894e-02 9.948989749e-02 8.362898231e-02 -3.293512389e-02 3.053978784e-03 -8.457865566e-02 6.478188187e-02 -2.561543696e-02 -8.846230805e-02 -4.604761302e-02 -1.003493369e-01 -3.140904009e-02 -3.750471026e-02 -1.086374074e-01 3.061469086e-02 -8.178018034e-02 2.352439240e-02 -5.357597396e-02 1.048555318e-02 -5.249248818e-02 -2.011706121e-02 8.618326858e-03
4.756890982e-02 3.679761663e-02 8.607672900e-02 1.025258154e-01 -1.060567126e-01 -2.737371996e-02 5.006867275e-02 -4.346963018e-02 -3.279007599e-02 -7.267946750e-02 2.094523795e-02 -3.277090937e-02 -1.654523797e-02 5.861090869e-02 7.933251560e-02 -7.527669519e-02 -9.299077094e-02 4.601700976e-02 -7.709871233e-02 -1.177657023e-02 1.807397231e-02 -1.108761430e-01 8.835853636e-02 3.347226977e-02 1.073925197e-02 9.253152646e-03 -9.287986904e-02 5.919142440e-02 -4.051569104e-02 -7.690520585e-02 -4.622978158e-03 8.769951761e-02 -8.114329726e-02 -1.998932660e-02 4.343191162e-02 -9.040815383e-02 9.303190559e-02 4.472571425e-03 -1.076436252e-03 3.490973264e-02 -7.751127239e-03 5.643032864e-02 7.632593066e-02 -1.103691608e-01 9.618195146e-02 1.078318283e-01 -2.265292779e-02 2.729536407e-02 6.919670105e-02 1.070300266e-01 3.486432508e-02 5.929795280e-02 -7.830636948e-02 -1.085966378e-01 3.412164748e-02 2.745324746e-02 -3.219071403e-02 -7.499426603e-02 -2.413648181e-02 -6.599991024e-02 -5.587672070e-02 3.130692244e-02 -7.362429053e-03 -5.585486535e-03 -2.209447138e-02 -6.731845438e-02 1.074530333e-01 6.656559557e-02 -3.472588584e-02 3.019888327e-02 9.101992100e-02 -6.906615198e-02 -5.393107235e-02 -8.554675430e-02 -5.828072131e-02 -1.717646490e-03 5.688108131e-02 1.007517874e-01 9.365453571e-02 6.436995417e-02
reward.0.bias 1 128
7.279629260e-02 -2.845246159e-02 8.542642742e-02 -1.926996000e-02 -1.682184637e-02 2.131592855e-02 2.423026972e-02 -8.336365223e-02 -3.806957742e-03 -1.063978001e-01 -8.376663923e-02 3.167809173e-02 9.253709018e-02 1.930934563e-02 -7.854913920e-02 6.709447503e-02 -8.580806106e-02 2.631511725e-02 1.988879405e-02 1.050958782e-01 6.593709812e-03 -7.151710987e-02 8.906306326e-02 2.181550302e-02 -4.088649154e-02 -1.096185744e-01 -4.847725481e-02 8.202685416e-02 7.272703946e-02 -4.970785696e-03 -4.930684343e-02 -1.573244296e-02 8.966112882e-02 7.306507230e-02 -1.036794763e-02 4.108599573e-02 -8.777289768e-04 4.339278117e-02 3.688615561e-02 7.673006505e-02 -9.146210551e-02 5.357937422e-03 -1.041354239e-02 -2.198025025e-02 -7.140031457e-02 3.698744997e-02 6.478854269e-02 -6.106891204e-03 -5.044096336e-02 -3.114610538e-02 -1.558825932e-02 1.532197930e-02 9.758535028e-02 -1.968399622e-03 -2.991923597e-03 -6.826449931e-02 7.386741787e-02 2.173816040e-02 1.013884693e-01 -4.412519559e-02 1.414491702e-02 3.481755778e-02 8.849494159e-02 4.296231270e-02 6.121531874e-02 -1.946381642e-03 -5.352712795e-02 2.637851797e-02 5.815213174e-02 -7.555480301e-02 -2.070217393e-02 -8.032422513e-02 -4.911650717e-02 -4.853417724e-02 8.384420536e-03 5.676971003e-02 4.854694754e-02 8.021001518e-02 6.635180116e-02 -6.557257846e-03 -8.512783796e-02 9.841730818e-03 -7.165668905e-02 8.249574155e-02 -1.096800715e-01 -3.624343872e-02 5.896348972e-03 -6.716702133e-02 -7.962539792e-02 -3.260274976e-02 -9.651756287e-02 2.527859807e-02 -8.016481996e-02 5.989003554e-02 -7.631807029e-02 -8.987804502e-02 3.322443366e-02 -1.012239382e-01 1.101230830e-01 7.002190500e-02 -6.240091473e-02 5.510208383e-02 1.089740247e-01 -7.463555038e-02 7.202582061e-02 3.012388758e-02 -9.666083753e-02 -2.520480007e-02 -1.376470923e-02 -7.670608908e-02 -2.666549757e-02 6.469397247e-02 8.396055549e-02 1.329994854e-02 -3.817050904e-02 -1.066375151e-01 -7.551047206e-02 -5.563122220e-03 1.227562432e-03 3.830946609e-02 -9.950954467e-03 -1.014431417e-01 -6.900833547e-02 -2.679331228e-02 7.658990473e-02 2.664601058e-02 -5.265067797e-03 -1.011992097e-01
reward.2.weight 1 128
-7.225242257e-02 5.301915575e-03 -6.117260829e-02 7.807484269e-02 -8.806993812e-02 -4.585820436e-02 -8.382634819e-02 7.096388191e-02 7.641692460e-02 4.445227981e-02 -5.264631286e-02 -7.524448633e-02 -8.328580856e-02 4.458974302e-02 1.373162214e-02 4.800160229e-02 3.123901226e-02 7.471691072e-02 8.776848018e-02 5.212819204e-02 1.938472688e-02 -5.833858252e-02 -8.603735268e-02 7.876984775e-02 2.467408217e-02 8.266746998e-02 -4.319514707e-02 -1.221132185e-02 -6.998610497e-02 3.356843814e-02 6.949194521e-02 8.331346512e-02 8.323485963e-03 -2.969645895e-02 5.948912725e-02 4.127248004e-02 5.145900324e-02 -4.055649042e-02 1.005085371e-02 -2.241331525e-02 -1.771301404e-02 -3.132376820e-02 2.045245282e-02 3.056327067e-02 1.455580350e-02 -9.163462557e-03 -7.108130306e-02 -2.974177711e-02 7.334874570e-02 -6.040911749e-02 -8.365707099e-02 -2.159724571e-02 2.960028872e-02 -6.555969268e-02 2.777568996e-02 -4.809649661e-02 -3.672759607e-02 -5.299601704e-02 -4.022916546e-04 -7.066699117e-02 -1.851992495e-02 -4.094351456e-02 7.394098490e-02 -4.396003857e-02 1.987916045e-02 -5.256855115e-02 4.371113703e-02 -7.826053351e-02 -3.894412890e-02 4.265526682e-02 7.014200836e-02 3.295436874e-02 -5.469522998e-02 1.017819997e-02 -2.270134632e-03 6.599533558e-02 -2.446783707e-02 -5.970270559e-02 5.477185175e-02 3.211156651e-02 -4.122273624e-02 7.203622162e-02 4.955332354e-02 -8.135302365e-02 5.901910365e-02 -4.124126956e-02 -2.132105827e-02 5.533481762e-02 6.958096754e-03 8.394361287e-02 -7.684540749e-02 3.880770132e-02 1.216605678e-02 -2.340919152e-02 -2.807787247e-02 3.378432244e-02 6.390777975e-02 -8.572950959e-02 3.620278463e-02 -6.238595396e-02 9.939912707e-04 -4.999149218e-02 8.687908761e-03 -8.060669899e-02 4.024550691e-02 -6.203589216e-02 5.625678971e-02 -6.719987094e-02 6.608790159e-02 5.415759236e-02 -8.806324750e-02 -7.565703988e-02 -4.026775062e-02 -6.078233942e-02 -8.774973452e-02 -7.270541973e-04 -5.674394593e-02 3.208604828e-02 -7.842710614e-02 -5.160498992e-02 3.717243299e-02 3.193023056e-02 6.767122447e-02 -7.388269901e-02 -6.815096736e-02 -3.663248941e-02 1.193282660e-02 -3.071152233e-02
reward.2.bias 1 1
2.442539483e-02
