# batch 4 steps 40
h0 4 64
-1.122096255e-01 -2.119632997e-02 1.516378205e-02 9.148015082e-02 1.377371401e-01 -3.713440895e-02 -3.645777330e-02 -9.712084197e-03 2.539465576e-02 6.373007316e-03 1.451378018e-01 -2.943306230e-02 -4.683370516e-02 -1.289661974e-01 4.570246115e-02 6.657134742e-02 1.455060393e-02 1.676006615e-02 1.087447032e-01 3.376864269e-02 -5.934265628e-02 3.282275423e-02 6.005222350e-02 9.702391922e-02 1.703191847e-01 6.545361876e-02 9.086547792e-02 -6.902343035e-02 1.229103282e-02 1.733695865e-01 -2.346727252e-02 6.725731492e-02 1.403047740e-01 8.960931003e-02 -8.362118900e-02 1.056210324e-02 -1.455699503e-01 1.475320570e-02 -7.378196716e-02 -8.847010881e-02 1.192158908e-01 -1.705756485e-01 1.896525770e-01 4.407252744e-02 3.158940747e-02 -7.657591254e-03 2.914243005e-02 5.590734631e-02 -6.690656394e-02 -6.057930738e-02 -1.193604618e-01 -1.127581112e-02 6.943336129e-02 -4.044033587e-02 3.598134220e-02 2.593903057e-02 -1.283045858e-01 -1.526871417e-02 8.548787236e-02 -6.957030296e-02 -1.722215265e-01 -7.200337946e-02 1.125277504e-01 -1.081941836e-02
-1.133247763e-01 -1.927568950e-02 1.145431399e-02 9.281489253e-02 1.412019432e-01 -3.755580634e-02 -3.179186210e-02 -8.254794404e-03 2.532470226e-02 6.864566356e-03 1.486478299e-01 -3.026870079e-02 -4.815872386e-02 -1.294231117e-01 4.505050182e-02 7.123056054e-02 1.656906493e-02 1.454045437e-02 1.092463285e-01 2.907907031e-02 -5.955163017e-02 3.046746366e-02 6.010126323e-02 9.077332169e-02 1.784922183e-01 6.682486087e-02 1.011429057e-01 -6.784043461e-02 1.078109071e-02 1.780776531e-01 -2.321969345e-02 7.324647903e-02 1.372068524e-01 9.165060520e-02 -8.542625606e-02 9.688487276e-03 -1.474954337e-01 1.032617316e-02 -7.078097761e-02 -9.000943601e-02 1.182717979e-01 -1.673332304e-01 1.887734085e-01 4.485181347e-02 3.401618078e-02 -7.758153137e-03 2.711107209e-02 5.610904843e-02 -7.118120790e-02 -6.142500788e-02 -1.140386462e-01 -9.210109711e-03 7.272251695e-02 -4.076155275e-02 3.543632850e-02 3.235398233e-02 -1.318089813e-01 -2.068407461e-02 8.901976794e-02 -6.817717850e-02 -1.694965363e-01 -7.472090423e-02 1.143967733e-01 -1.158428751e-02
-7.973404974e-02 -4.002451897e-04 -6.272328645e-02 1.004310176e-01 1.243961155e-01 -8.817207813e-02 -8.236724883e-03 6.046144292e-03 3.532528877e-03 5.762755126e-02 1.023337692e-01 -4.885108396e-02 -3.646386415e-02 -1.474519372e-01 1.165022422e-02 6.619217247e-02 1.488928217e-02 8.438991010e-02 1.544362605e-01 3.939002380e-02 -7.676936686e-02 7.791515440e-02 -6.262317300e-03 7.567375898e-02 1.707099378e-01 6.133065373e-02 1.079399437e-01 -7.820669562e-02 6.275811046e-02 1.750316620e-01 -3.381840885e-02 1.173481345e-01 1.984267533e-01 1.615205109e-01 -4.806566238e-02 -3.116698563e-02 -1.173839122e-01 7.528485730e-03 -1.119998842e-01 -6.564473361e-02 1.491978467e-01 -1.073552668e-01 1.675839722e-01 2.634792775e-02 2.259577811e-02 8.007685654e-03 -4.991609603e-04 9.121432900e-02 -7.733444124e-02 -1.086960286e-01 -4.356100410e-02 6.626929343e-02 6.168968976e-02 -8.478818089e-02 2.226071246e-02 7.308314741e-02 -1.171120703e-01 -1.194573715e-01 5.401868001e-02 -9.834942967e-02 -1.650919914e-01 -7.723026723e-02 6.057378277e-02 5.184068531e-02
-1.353072524e-01 -2.874669805e-02 9.028092027e-03 1.055206135e-01 1.562940776e-01 -3.469125926e-02 -1.158990432e-02 -6.567167118e-03 3.378581256e-02 4.149741028e-03 1.604806930e-01 -4.228337482e-02 -6.238602474e-02 -1.352759898e-01 5.058475584e-02 7.504413277e-02 2.553514950e-02 -9.093433619e-05 8.793959022e-02 2.020174637e-02 -4.505189136e-02 1.104556210e-02 7.508039474e-02 6.389260292e-02 2.069070041e-01 5.824041367e-02 1.349212527e-01 -6.162565574e-02 -8.234208450e-03 1.721528471e-01 -1.889446564e-02 8.891132474e-02 1.143455505e-01 9.207657725e-02 -9.526263177e-02 1.310060173e-02 -1.585278064e-01 1.924759522e-02 -6.119049340e-02 -1.034896672e-01 1.129649803e-01 -1.693962961e-01 1.812076569e-01 5.835043639e-02 3.275901452e-02 -9.984112345e-03 1.641578227e-02 4.525700584e-02 -9.510806203e-02 -5.653202161e-02 -1.233122572e-01 -2.183664031e-02 7.808761299e-02 -4.101492465e-02 4.488222301e-02 5.676838756e-02 -1.340160370e-01 -2.980315685e-02 9.627266973e-02 -6.337311119e-02 -1.609588116e-01 -8.202664554e-02 1.239620075e-01 -7.119694725e-03
z0 4 16
-4.024900123e-02 8.517327160e-02 1.522410661e-01 -3.506349027e-02 2.789881825e-02 -2.140840329e-02 9.702526033e-02 1.004090533e-02 7.031268626e-02 -9.843520820e-04 2.181082964e-02 -3.178859502e-02 -1.777868569e-01 1.459900588e-01 8.677467704e-03 5.982950330e-02
-4.155648500e-02 8.577109873e-02 1.584936082e-01 -4.967309535e-02 1.907807961e-02 6.256964058e-03 1.171422601e-01 2.622559667e-03 4.858816043e-02 -1.712314785e-02 4.922234267e-02 -5.752751604e-02 -1.742196083e-01 1.546743214e-01 9.657837451e-03 5.660556257e-02
-8.897894621e-02 -1.672102883e-02 -1.048246026e-02 2.829692140e-02 4.586555064e-02 1.209563762e-01 1.284040362e-01 -7.867068052e-05 9.181293100e-02 -4.726412147e-02 2.296183817e-02 -1.187139302e-01 -4.073755816e-02 1.340973973e-01 1.119872704e-01 -4.018433020e-02
-5.307079479e-02 7.618963718e-02 1.581523567e-01 -6.068883836e-02 1.233408600e-02 5.258800089e-02 1.425381005e-01 -6.736505777e-03 2.694090456e-02 -3.881317750e-02 8.375604451e-02 -9.297291189e-02 -1.592257023e-01 1.619940251e-01 1.388511062e-02 4.421631992e-02
actions 4 40
-7.031232119e-01 5.873240232e-01 -1.482818127e-01 2.008982897e-01 3.409756422e-01 9.158827066e-01 -6.464071274e-01 6.854580641e-01 9.482146502e-01 7.244350910e-01 -6.047716141e-01 5.328809023e-01 5.761709213e-01 8.628602028e-01 6.325163841e-01 -4.582206011e-01 3.094878197e-01 6.105389595e-01 -1.156077385e-01 -5.842034817e-01 -7.472811937e-01 -5.174721479e-01 -7.969183922e-01 1.826894283e-01 6.820471287e-01 -2.500634193e-01 -6.449878216e-01 -3.395628929e-02 -4.696875811e-01 4.696062803e-01 2.421898842e-01 6.023527384e-01 1.699944735e-01 -8.995246887e-01 7.392226458e-01 -7.616585493e-01 4.888780117e-01 7.920888662e-01 9.846109152e-01 -6.993244886e-01
-7.545089722e-01 -5.791356564e-01 5.624572039e-01 2.401965857e-01 1.791225672e-01 -1.850212812e-01 -8.504295349e-01 2.072314024e-01 -6.635810137e-01 6.212384701e-01 1.256283522e-01 -5.534881353e-01 9.283748865e-01 6.626535654e-01 2.582963705e-01 -1.164458990e-01 -2.264353037e-01 6.734436750e-01 -3.435599804e-02 -4.277229309e-01 3.847498894e-01 2.168149948e-01 -4.557609558e-01 2.470164299e-01 3.184354305e-02 -8.084535599e-02 9.189059734e-01 -5.407154560e-01 5.663764477e-02 6.424413919e-01 -7.394268513e-01 2.977144718e-02 4.713960886e-01 7.285374403e-01 -7.216314077e-01 9.072211981e-01 -7.184890509e-01 9.457557201e-01 -2.130261660e-01 6.572802067e-01
6.081438065e-02 -8.889819384e-01 3.214845657e-01 -6.695586443e-01 -4.253726006e-01 5.637916327e-01 9.598886967e-01 3.216227293e-01 1.250289679e-01 -7.237188816e-01 9.966648817e-01 -9.402157068e-01 -6.210387945e-01 6.232230663e-01 -6.838201284e-01 -6.129522324e-01 3.843407631e-01 -3.386527300e-01 -9.438800812e-01 7.109695673e-01 3.201695681e-01 -3.640506268e-01 -3.062577248e-01 9.981051683e-01 -6.917914152e-01 -8.614989519e-01 -8.645210266e-01 3.578116894e-01 7.238979340e-01 9.781972170e-01 8.537502289e-01 -7.788264751e-02 1.603798866e-01 8.718639612e-01 -3.707000017e-01 -7.864960432e-01 -2.291007042e-01 -2.029174566e-01 -4.114351273e-01 6.267327070e-01
-1.704071760e-01 7.277687788e-01 -7.498753071e-01 -4.744722843e-01 -3.027158976e-01 4.330031872e-01 5.221676826e-02 7.469586134e-01 7.462573051e-01 -7.201042175e-01 -6.316756010e-01 -2.125396729e-01 2.170112133e-01 7.106325626e-01 -8.397585154e-01 3.658536673e-01 3.231847286e-01 9.770256281e-01 -6.436161995e-01 -3.267810345e-01 6.476906538e-01 -2.246747017e-01 4.276353121e-01 9.746274948e-01 7.815096378e-01 -1.975286007e-01 -7.794827223e-01 -3.849256039e-01 -7.034237385e-01 -6.999309063e-01 -3.879063129e-01 -3.190779686e-02 3.050549030e-01 8.266057968e-01 8.817253113e-01 -7.044085264e-01 7.274918556e-01 -7.772607803e-01 2.437738180e-01 -7.934812307e-01
h 4 2560
-7.010518014e-02 7.461320609e-03 -3.001738340e-02 8.375789970e-02 1.094551608e-01 -7.432623208e-02 -5.842282623e-02 2.188881673e-02 8.479709737e-03 3.673666716e-02 1.034010202e-01 -3.140806779e-02 -2.791520208e-02 -1.287664473e-01 3.416308388e-02 6.101557985e-02 -1.470666379e-02 6.357029080e-02 1.472253650e-01 4.803191498e-02 -9.582268447e-02 6.949998438e-02 7.888566703e-03 1.288657486e-01 1.441339999e-01 8.759715408e-02 8.143237233e-02 -7.450579107e-02 6.686212122e-02 1.826024354e-01 -3.825026006e-02 7.705549896e-02 1.858351082e-01 1.104564667e-01 -5.079733580e-02 -1.560497843e-02 -1.078985557e-01 -9.037051350e-03 -1.134886295e-01 -5.144046992e-02 1.407496184e-01 -1.190124825e-01 1.973011345e-01 3.232521564e-02 3.419419378e-02 1.405158546e-03 2.831644937e-02 7.837915421e-02 -4.230100662e-02 -9.856128693e-02 -7.417891175e-02 4.048006609e-02 5.698385462e-02 -7.966966927e-02 2.913730219e-02 4.836831242e-03 -1.204906031e-01 -6.804549694e-02 7.006452233e-02 -9.003783762e-02 -1.868925542e-01 -7.534348965e-02 7.654358447e-02 3.873104230e-02 -1.108093113e-01 -2.065926790e-02 2.468004823e-02 1.124889106e-01 1.313329339e-01 -3.496475518e-02 -3.357534856e-02 -1.333937421e-02 5.317146424e-03 -4.269964993e-03 1.317057014e-01 -4.318229109e-02 -4.632750899e-02 -1.405583769e-01 6.405113637e-02 6.967647374e-02 -2.415139228e-03 4.042577744e-02 1.113104150e-01 4.078352079e-02 -4.549495876e-02 4.871166870e-02 6.811832637e-02 1.022103727e-01 1.589940637e-01 4.484971985e-02 9.949317575e-02 -4.529453814e-02 -1.123452187e-02 1.497446299e-01 -3.957891092e-02 6.338749826e-02 1.563326120e-01 7.778391987e-02 -7.888336480e-02 1.393333077e-04 -1.378590912e-01 2.474321611e-02 -1.000384688e-01 -9.217528999e-02 1.058745608e-01 -1.644126773e-01 1.813326776e-01 6.249473244e-02 7.629012689e-03 -1.279923506e-02 3.028018400e-02 4.283933714e-02 -5.398630723e-02 -6.273782253e-02 -1.327618510e-01 -4.971269518e-03 5.895122141e-02 -4.913773015e-02 3.539197892e-02 3.908819333e-02 -1.089700982e-01 -6.794992834e-03 5.599860847e-02 -6.916777790e-02 -1.583611667e-01 -6.963120401e-02 1.112911701e-01 -1.559308544e-02 -9.270495921e-02 -1.402400713e-02 1.254729833e-02 1.207780391e-01 1.164294556e-01 -4.506883398e-02 -4.135376960e-02 -4.172533285e-03 -9.049638174e-03 -9.572301060e-04 1.098160818e-01 -5.281602591e-02 -4.620461538e-02 -1.454721242e-01 7.344477624e-02 7.166836411e-02 -2.212939039e-02 6.616513431e-02 1.203245446e-01 4.316211864e-02 -5.039066076e-02 7.115406543e-02 5.903176591e-02 1.144430563e-01 1.460241377e-01 4.640102386e-02 1.039110571e-01 -3.974297643e-02 1.396125183e-03 1.442362815e-01 -5.422551185e-02 6.512425840e-02 1.779296398e-01 8.279547095e-02 -5.832973868e-02 -1.144687179e-02 -1.243500337e-01 2.319553308e-02 -1.290020496e-01 -7.693880796e-02 1.011805162e-01 -1.362491995e-01 1.779907495e-01 7.143165916e-02 -1.089619473e-03 -1.307457499e-02 2.743602730e-02 4.385200515e-02 -4.077880457e-02 -8.070928603e-02 -1.220781431e-01 1.492906362e-02 4.829483107e-02 -6.556985527e-02 3.446481749e-02 3.433870524e-02 -9.787210822e-02 -2.552347071e-02 3.847898543e-02 -7.667463273e-02 -1.556703001e-01 -7.052198797e-02 9.896272421e-02 3.126179799e-03 -1.024170220e-01 -2.324172109e-02 2.434775792e-02 1.283387542e-01 1.192510203e-01 -3.503840417e-02 -3.570671007e-02 -1.418196689e-02 -9.211282246e-03 -1.146567333e-02 1.152180210e-01 -5.810210109e-02 -5.556007847e-02 -1.471225321e-01 8.320981264e-02 7.286209613e-02 -1.944399439e-02 6.045357138e-02 1.065317839e-01 3.883719817e-02 -3.726536036e-02 6.625894457e-02 7.356403768e-02 1.073881462e-01 1.493698210e-01 3.844382241e-02 1.122899130e-01 -3.477935493e-02 -1.561584510e-02 1.378405541e-01 -5.396452174e-02 6.294935942e-02 1.703454256e-01 7.638189942e-02 -6.286410242e-02 -7.382407784e-03 -1.341174692e-01 3.330370411e-02 -1.273063123e-01 -8.273741603e-02 9.116020799e-02 -1.435055435e-01 1.719890833e-01 8.006995171e-02 -4.353000782e-03 -1.704845205e-02 2.505747601e-02 3.691562265e-02 -4.598058388e-02 -7.477250695e-02 -1.349333525e-01 6.492706016e-03 4.826377332e-02 -5.591388419e-02 3.542739525e-02 4.009012878e-02 -9.303376824e-02 -1.058474928e-02 3.374592960e-02 -7.056922466e-02 -1.489298046e-01 -7.127022743e-02 1.067652106e-01 -7.244727574e-03 -1.143190712e-01 -3.357961029e-02 3.441494331e-02 1.349815428e-01 1.247226223e-01 -2.454698458e-02 -2.874620631e-02 -2.137571946e-02 -5.570202135e-03 -2.043632418e-02 1.222319901e-01 -6.292409450e-02 -6.624682248e-02 -1.489128172e-01 9.209740907e-02 7.300540060e-02 -1.478276774e-02 5.070428178e-02 9.022329003e-02 3.416382894e-02 -2.336251736e-02 5.671933293e-02 8.903715014e-02 9.760934860e-02 1.564052105e-01 3.129899874e-02 1.216288731e-01 -3.103034757e-02 -3.198092431e-02 1.314538717e-01 -5.092545226e-02 6.225990877e-02 1.575616598e-01 6.935318559e-02 -6.889660656e-02 -7.751062512e-04 -1.450029612e-01 4.486522824e-02 -1.217263937e-01 -9.115814418e-02 8.236472309e-02 -1.526732445e-01 1.676996350e-01 8.840890974e-02 -7.066181861e-03 -2.019708045e-02 2.241196856e-02 2.846109122e-02 -5.424020812e-02 -6.750603020e-02 -1.487839669e-01 -5.853768438e-03 4.942875355e-02 -4.675221071e-02 3.997522593e-02 4.700574279e-02 -9.135904908e-02 2.729346976e-03 3.387433290e-02 -6.425300986e-02 -1.424899846e-01 -7.206593454e-02 1.158233806e-01 -1.545747183e-02 -1.486980021e-01 -5.891015381e-02 6.211914122e-02 1.476469785e-01 1.453820169e-01 3.546781838e-03 -8.553089574e-03 -3.815447912e-02 9.746572003e-03 -4.134404659e-02 1.478104889e-01 -6.963775307e-02 -8.844660968e-02 -1.527142972e-01 1.074552536e-01 7.265643030e-02 2.829257399e-03 1.844119281e-02 5.215131119e-02 2.328278124e-02 1.202183589e-02 2.462013066e-02 1.286421716e-01 6.976741552e-02 1.783101410e-01 1.285925321e-02 1.403045654e-01 -2.403827012e-02 -7.549478114e-02 1.171650589e-01 -3.864387423e-02 5.946277454e-02 1.179242730e-01 4.946868867e-02 -9.163735807e-02 1.966726966e-02 -1.725737154e-01 7.226082683e-02 -9.558543563e-02 -1.196752340e-01 6.502614915e-02 -1.876179576e-01 1.612074971e-01 1.051014587e-01 -1.376402564e-02 -2.700718306e-02 1.892814599e-02 6.364330649e-03 -7.889095694e-02 -3.996554762e-02 -1.859672219e-01 -4.460515082e-02 5.667248368e-02 -2.157496288e-02 5.436945707e-02 6.738651544e-02 -9.378726780e-02 3.906225041e-02 4.434012622e-02 -4.829528555e-02 -1.273694336e-01 -7.220648229e-02 1.425825357e-01 -4.241794720e-02 -8.385826647e-02 -1.940160617e-02 2.090748399e-03 1.367036253e-01 1.035529748e-01 -4.581233859e-02 -4.254051670e-02 4.977464676e-03 -1.511754841e-02 -2.557165921e-03 8.880938590e-02 -7.091737539e-02 -6.315147877e-02 -1.504106373e-01 9.263830632e-02 6.924540550e-02 -3.709791228e-02 8.365643024e-02 1.068446040e-01 3.941293061e-02 -3.909911960e-02 8.041135967e-02 5.698947608e-02 1.165470779e-01 1.433725357e-01 4.493487254e-02 1.256324351e-01 -3.045098670e-02 2.144530416e-03 1.331484020e-01 -6.213136017e-02 7.246142626e-02 1.825040579e-01 8.034574986e-02 -4.598929733e-02 -1.792387664e-02 -1.240667552e-01 3.643583506e-02 -1.501210332e-01 -6.732288003e-02 8.883947879e-02 -1.113862097e-01 1.700376868e-01 8.774589747e-02 -6.282159127e-03 -1.404664107e-02 1.851555146e-02 4.069746286e-02 -4.304208979e-02 -9.336085618e-02 -1.177342907e-01 2.737601101e-02 3.718733042e-02 -7.589945197e-02 4.236178100e-02 3.601943329e-02 -8.423550427e-02 -3.405171633e-02 2.285814658e-02 -7.756372541e-02 -1.475428790e-01 -7.954257727e-02 9.351804852e-02 2.484575287e-02 -1.227163821e-01 -4.344746470e-02 4.143663123e-02 1.424789578e-01 1.259970814e-01 -1.551258285e-02 -2.267594635e-02 -2.467310429e-02 -1.816945150e-03 -2.724985406e-02 1.234403998e-01 -7.031955570e-02 -7.810407132e-02 -1.493829936e-01 1.004724652e-01 7.120925933e-02 -1.089284569e-02 4.557659104e-02 7.308158278e-02 2.982413396e-02 -8.814647794e-03 4.742187262e-02 9.798242897e-02 8.930667490e-02 1.627066135e-01 2.445361950e-02 1.346489787e-01 -2.462881990e-02 -4.774247855e-02 1.247106120e-01 -4.776639119e-02 6.395901740e-02 1.463089734e-01 6.157318503e-02 -7.812412083e-02 1.810058951e-03 -1.562738121e-01 5.643224716e-02 -1.153509766e-01 -9.856760502e-02 7.393538207e-02 -1.591947526e-01 1.614005566e-01 9.547274560e-02 -6.609237287e-03 -2.158888057e-02 1.852631941e-02 2.362259291e-02 -6.503786147e-02 -5.995725468e-02 -1.574641466e-01 -1.231442392e-02 4.913647845e-02 -3.985263035e-02 4.401670769e-02 5.374933034e-02 -8.709927648e-02 1.501983404e-02 3.144152835e-02 -5.774028599e-02 -1.375079751e-01 -7.792646438e-02 1.226543337e-01 -1.875769347e-02 -1.545180231e-01 -6.594958901e-02 6.589560211e-02 1.525562555e-01 1.460994780e-01 8.578348905e-03 -4.528034478e-03 -3.850946203e-02 1.277051773e-02 -4.498673230e-02 1.478308290e-01 -7.547881454e-02 -9.697572142e-02 -1.534171551e-01 1.128504276e-01 7.140889764e-02 5.805879831e-03 1.416862011e-02 3.926900774e-02 2.050503716e-02 2.106572501e-02 1.742334291e-02 1.351163685e-01 6.299173087e-02 1.834954619e-01 8.280808106e-03 1.499055475e-01 -1.969345286e-02 -8.505216241e-02 1.123514548e-01 -3.664392978e-02 6.129017472e-02 1.093418747e-01 4.480082914e-02 -9.705241770e-02 2.146837488e-02 -1.801823378e-01 8.031824231e-02 -9.179557860e-02 -1.252691746e-01 5.933699012e-02 -1.907944977e-01 1.565755457e-01 1.099977121e-01 -1.350059919e-02 -2.743250318e-02 1.558231562e-02 2.431644127e-03 -8.669084311e-02 -3.604291379e-02 -1.921478361e-01 -4.970067367e-02 5.664372444e-02 -1.817751862e-02 5.828710645e-02 7.175340503e-02 -9.171810746e-02 4.448265582e-02 4.319982603e-02 -4.427532107e-02 -1.247676983e-01 -7.648939639e-02 1.468220353e-01 -4.193880409e-02 -1.610745788e-01 -7.060749084e-02 6.404686719e-02 1.576432139e-01 1.482785344e-01 1.019260846e-02 -1.828736975e-03 -3.245823458e-02 1.629242115e-02 -4.625720158e-02 1.477185786e-01 -8.117476106e-02 -1.047256663e-01 -1.563846767e-01 1.187036559e-01 6.941239536e-02 5.968890619e-03 9.174164385e-03 2.737869322e-02 1.954133809e-02 2.695350721e-02 1.080726832e-02 1.435679048e-01 5.560116470e-02 1.910181940e-01 6.426595151e-03 1.599253416e-01 -1.721579768e-02 -8.887977898e-02 1.062369943e-01 -3.673899919e-02 6.453958899e-02 9.863442928e-02 4.170969129e-02 -9.406032413e-02 2.507778630e-02 -1.822524071e-01 8.612147719e-02 -9.365087748e-02 -1.283755153e-01 5.450444296e-02 -1.872197986e-01 1.560823917e-01 1.183226556e-01 -1.788040251e-02 -2.802410536e-02 1.311768591e-02 -5.083676428e-03 -9.238353372e-02 -3.750541806e-02 -1.991109252e-01 -5.766365677e-02 5.548335612e-02 -2.161504142e-02 6.780052185e-02 7.575682551e-02 -9.173388034e-02 3.921433538e-02 4.641640186e-02 -4.426054284e-02 -1.213986948e-01 -7.864674926e-02 1.489587873e-01 -3.379753977e-02 -9.399040043e-02 -2.711291425e-02 4.364401102e-03 1.438370645e-01 1.049614102e-01 -4.169212654e-02 -3.796434030e-02 8.680753410e-03 -1.069933176e-02 -6.544735283e-03 8.888176829e-02 -7.935768366e-02 -7.394131273e-02 -1.521433741e-01 9.958476573e-02 6.657074392e-02 -3.370245919e-02 7.732450217e-02 8.916758746e-02 3.787240386e-02 -2.903420106e-02 7.039409131e-02 6.656330824e-02 1.069544405e-01 1.527886987e-01 4.018647224e-02 1.403816938e-01 -2.446177602e-02 -8.643187582e-03 1.254615188e-01 -6.103854626e-02 7.649502903e-02 1.689608097e-01 7.424492389e-02 -4.942616820e-02 -1.572497562e-02 -1.313091964e-01 4.472624511e-02 -1.483128518e-01 -7.328670472e-02 8.144605160e-02 -1.111055166e-01 1.657058746e-01 9.653369337e-02 -7.929945365e-03 -1.452948898e-02 1.436567307e-02 3.388959914e-02 -5.370187387e-02 -9.139248729e-02 -1.270691901e-01 1.881922781e-02 3.582125902e-02 -7.644023001e-02 5.072557554e-02 4.209471494e-02 -8.176990598e-02 -3.356374800e-02 2.333939448e-02 -7.454375923e-02 -1.445849389e-01 -8.602447808e-02 9.786190093e-02 3.085127845e-02 -1.212798059e-01 -4.275019094e-02 3.581413627e-02 1.448180825e-01 1.207024753e-01 -2.035574615e-02 -2.463898435e-02 -1.728467643e-02 -2.755566966e-03 -2.477720194e-02 1.159195155e-01 -7.585415244e-02 -8.077909052e-02 -1.494393051e-01 1.018193290e-01 6.930804998e-02 -1.293746103e-02 4.953692853e-02 6.897727400e-02 3.194271773e-02 -1.060133427e-02 4.832287878e-02 9.469458461e-02 8.931989223e-02 1.639263630e-01 2.563164383e-02 1.419408619e-01 -2.149821259e-02 -4.428781569e-02 1.225614250e-01 -5.054021627e-02 6.809842587e-02 1.464931220e-01 6.218480319e-02 -7.459741086e-02 -3.065240569e-03 -1.545127779e-01 5.529001355e-02 -1.214865521e-01 -9.488307685e-02 7.269620895e-02 -1.485954523e-01 1.590690613e-01 9.781596065e-02 -5.489915609e-03 -2.007244900e-02 1.571850106e-02 2.456126921e-02 -6.681684405e-02 -6.630478799e-02 -1.545219570e-01 -7.894637063e-03 4.560612142e-02 -4.707865417e-02 4.592866823e-02 5.268858001e-02 -8.391243219e-02 5.307082087e-03 2.806553058e-02 -5.957838520e-02 -1.399790496e-01 -8.365586400e-02 1.185169369e-01 -6.317470223e-03 -1.363238692e-01 -5.311186984e-02 4.839980975e-02 1.481861621e-01 1.310396343e-01 -9.026852436e-03 -1.617730409e-02 -2.584162354e-02 3.656259738e-03 -3.335471451e-02 1.289248914e-01 -7.687453181e-02 -8.834753186e-02 -1.510341614e-01 1.067399904e-01 7.052700222e-02 -4.475930240e-03 3.368017077e-02 5.437673256e-02 2.763973922e-02 1.941810362e-03 3.481192887e-02 1.130397990e-01 7.726284117e-02 1.730758846e-01 1.813859679e-02 1.465945095e-01 -2.032541670e-02 -6.121798605e-02 1.179417744e-01 -4.504344612e-02 6.591103226e-02 1.302070618e-01 5.534764379e-02 -8.357778192e-02 6.689509377e-03 -1.659562588e-01 6.585948914e-02 -1.101328880e-01 -1.076779887e-01 6.648028642e-02 -1.649286747e-01 1.570361257e-01 1.034277529e-01 -8.313871920e-03 -2.296307869e-02 1.462451927e-02 1.462169457e-02 -7.560440153e-02 -5.523841083e-02 -1.714970767e-01 -2.613305859e-02 4.990307987e-02 -3.564113379e-02 5.095305294e-02 6.043589115e-02 -8.720587939e-02 1.993650571e-02 3.363833576e-02 -5.302246660e-02 -1.347950250e-01 -8.121575415e-02 1.302675903e-01 -1.943376847e-02 -1.582384706e-01 -6.845490634e-02 6.447396427e-02 1.553805321e-01 1.453066319e-01 7.741766050e-03 -3.505285829e-03 -3.468187153e-02 1.392172184e-02 -4.553254694e-02 1.458400637e-01 -8.037716895e-02 -1.013208181e-01 -1.540850401e-01 1.156254634e-01 7.040233165e-02 6.452930160e-03 1.216803677e-02 3.114305809e-02 2.141634375e-02 2.293330058e-02 1.407732721e-02 1.388577670e-01 5.911830813e-02 1.877297461e-01 7.224551402e-03 1.574026197e-01 -1.692674682e-02 -8.665889502e-02 1.089575589e-01 -3.738466650e-02 6.434600055e-02 1.041630059e-01 4.347401485e-02 -9.609296173e-02 2.046078444e-02 -1.816485375e-01 8.234849572e-02 -9.398339689e-02 -1.258064359e-01 5.641222745e-02 -1.865247190e-01 1.545030922e-01 1.142152324e-01 -1.385555789e-02 -2.706982754e-02 1.293755416e-02 -5.170218647e-04 -9.048379958e-02 -3.865512833e-02 -1.954067349e-01 -5.217129737e-02 5.481371656e-02 -2.129571326e-02 6.181275472e-02 7.330266386e-02 -9.047000110e-02 3.984110057e-02 4.248959944e-02 -4.413582757e-02 -1.254380345e-01 -7.997854799e-02 1.469675303e-01 -3.515262902e-02 -1.590251476e-01 -6.886743754e-02 5.956457928e-02 1.580926031e-01 1.444949508e-01 5.872236565e-03 -3.807509318e-03 -2.803325467e-02 1.478226576e-02 -4.417128861e-02 1.426223665e-01 -8.393198252e-02 -1.046733558e-01 -1.559146941e-01 1.185934842e-01 6.878767908e-02 4.062160850e-03 1.271132659e-02 2.675528079e-02 2.188195847e-02 2.359381318e-02 1.311443001e-02 1.402913928e-01 5.713287368e-02 1.908079237e-01 8.074896410e-03 1.630145609e-01 -1.577363163e-02 -8.458694816e-02 1.057909206e-01 -3.897877783e-02 6.722419709e-02 1.008429900e-01 4.316894710e-02 -9.119292349e-02 2.074302733e-02 -1.797896922e-01 8.363287896e-02 -9.853136539e-02 -1.245375350e-01 5.469015613e-02 -1.796740890e-01 1.551276892e-01 1.189607382e-01 -1.657521725e-02 -2.681138739e-02 1.159873698e-02 -3.561429447e-03 -9.200932086e-02 -4.277224839e-02 -1.960896999e-01 -5.335995927e-02 5.283823982e-02 -2.705119178e-02 6.749068946e-02 7.413849980e-02 -8.988551050e-02 3.193596378e-02 4.368799180e-02 -4.602706060e-02 -1.242413893e-01 -8.170690387e-02 1.454626471e-01 -2.588733286e-02 -1.017198563e-01 -3.135239333e-02 9.642064571e-03 1.455554366e-01 1.078054756e-01 -3.823120892e-02 -3.479865193e-02 5.504745990e-03 -8.627787232e-03 -1.060894132e-02 9.339127690e-02 -8.131873608e-02 -7.742775977e-02 -1.519528329e-01 1.015554070e-01 6.677654386e-02 -2.927567437e-02 7.061362267e-02 8.095068485e-02 3.750842810e-02 -2.490574494e-02 6.440595537e-02 7.429187000e-02 1.015265584e-01 1.574502289e-01 3.696470708e-02 1.446710378e-01 -2.247684076e-02 -1.616992801e-02 1.230620891e-01 -5.958752334e-02 7.661743462e-02 1.617802382e-01 7.122331858e-02 -5.347201228e-02 -1.398083940e-02 -1.363773644e-01 4.753941670e-02 -1.446223110e-01 -7.745887339e-02 7.813231647e-02 -1.158411205e-01 1.634816825e-01 9.921537340e-02 -7.625333965e-03 -1.548155118e-02 1.315584034e-02 3.034966439e-02 -5.824366957e-02 -8.841286600e-02 -1.344922185e-01 1.196321100e-02 3.657118231e-02 -7.271204144e-02 5.163217708e-02 4.491926730e-02 -8.156885207e-02 -2.886302024e-02 2.386823297e-02 -7.160672545e-02 -1.443208158e-01 -8.725066483e-02 1.020059288e-01 2.734764293e-02 -1.141467616e-01 -3.758516535e-02 2.801654302e-02 1.432503462e-01 1.148851439e-01 -2.797234431e-02 -2.925530076e-02 -1.179865748e-02 -6.457028911e-03 -2.011010796e-02 1.082891673e-01 -7.684662938e-02 -7.742787153e-02 -1.488380879e-01 9.976152331e-02 6.926131994e-02 -1.731500775e-02 5.698443949e-02 7.495883852e-02 3.518186137e-02 -1.872674190e-02 5.540222302e-02 8.628570288e-02 9.493461996e-02 1.600409746e-01 2.997658402e-02 1.408828348e-01 -2.192046866e-02 -3.361562267e-02 1.245813742e-01 -5.418343097e-02 7.039143145e-02 1.544954330e-01 6.660224497e-02 -6.785618514e-02 -9.177522734e-03 -1.481555253e-01 4.956679419e-02 -1.298434138e-01 -8.723976463e-02 7.543411106e-02 -1.370194554e-01 1.596145481e-01 9.559325874e-02 -3.729785327e-03 -1.826090366e-02 1.502290182e-02 2.893586084e-02 -6.216800213e-02 -7.526735216e-02 -1.464533955e-01 9.903926402e-04 4.250723124e-02 -5.492606014e-02 4.380866513e-02 4.808468372e-02 -8.240268379e-02 -6.020367146e-03 2.438939549e-02 -6.338399649e-02 -1.441853493e-01 -8.515863121e-02 1.117364541e-01 3.774082288e-03 -1.344456971e-01 -5.144135281e-02 4.728431255e-02 1.470835507e-01 1.293085217e-01 -1.107500680e-02 -1.744714566e-02 -2.604911476e-02 2.146879211e-03 -3.262593597e-02 1.274400651e-01 -7.666710019e-02 -8.645709604e-02 -1.500978917e-01 1.053814217e-01 7.104849815e-02 -4.933324642e-03 3.565600887e-02 5.677554011e-02 2.902034670e-02 -9.644944221e-04 3.717841208e-02 1.102810949e-01 7.946761698e-02 1.713367850e-01 1.920453832e-02 1.454295069e-01 -2.034975216e-02 -5.866147950e-02 1.192172617e-01 -4.585748538e-02 6.621687114e-02 1.333712488e-01 5.665019900e-02 -8.310663700e-02 4.013363272e-03 -1.646247208e-01 6.344993412e-02 -1.116706729e-01 -1.053190082e-01 6.753659248e-02 -1.628687531e-01 1.567856669e-01 1.016353071e-01 -6.584017538e-03 -2.238881029e-02 1.453206595e-02 1.688402705e-02 -7.406421006e-02 -5.724880099e-02 -1.690456718e-01 -2.301745676e-02 4.909540713e-02 -3.674903885e-02 4.846888781e-02 5.886798352e-02 -8.652753383e-02 1.839711517e-02 3.170296550e-02 -5.351962894e-02 -1.369436979e-01 -8.173940331e-02 1.285602450e-01 -1.852095872e-02 -1.068962663e-01 -3.418212384e-02 2.159556933e-02 1.412839592e-01 1.129909903e-01 -3.233941644e-02 -3.203546628e-02 -8.425133303e-03 -8.672337048e-03 -1.592389867e-02 1.039041951e-01 -7.581257820e-02 -7.454361022e-02 -1.495575160e-01 9.846978635e-02 7.037214935e-02 -2.183989808e-02 6.216179579e-02 8.181465417e-02 3.600894660e-02 -2.422891371e-02 6.133339927e-02 8.087892830e-02 9.942983836e-02 1.564119756e-01 3.345773369e-02 1.367804855e-01 -2.444718778e-02 -2.397999167e-02 1.267887801e-01 -5.573828146e-02 7.112457603e-02 1.612269133e-01 7.090273499e-02 -6.208956987e-02 -1.067887060e-02 -1.430429518e-01 4.763548076e-02 -1.353393048e-01 -8.315220475e-02 7.832067460e-02 -1.308056861e-01 1.618544459e-01 9.365491569e-02 -4.219069146e-03 -1.702490449e-02 1.492302865e-02 3.065906838e-02 -5.721913278e-02 -8.101295680e-02 -1.407416910e-01 6.076555699e-03 4.161074758e-02 -5.981151760e-02 4.360327497e-02 4.499554262e-02 -8.411426842e-02 -1.375494897e-02 2.376859076e-02 -6.649570912e-02 -1.456806660e-01 -8.242524415e-02 1.078198105e-01 9.332781658e-03 -6.709302962e-02 -8.778976277e-03 -7.491072640e-03 1.296920329e-01 8.915055543e-02 -6.032001227e-02 -5.271879584e-02 7.647555321e-03 -2.559037693e-02 5.348643288e-03 7.420641184e-02 -7.057103515e-02 -5.280172080e-02 -1.456543207e-01 8.425779641e-02 7.083367556e-02 -4.151150584e-02 9.924966842e-02 1.227503419e-01 4.615544155e-02 -5.775666609e-02 9.642680734e-02 3.587833792e-02 1.303127408e-01 1.305260062e-01 5.233629048e-02 1.182202697e-01 -3.035625443e-02 2.127949148e-02 1.415431499e-01 -6.802815199e-02 7.440336049e-02 2.043863237e-01 9.045292437e-02 -3.941983730e-02 -3.403216600e-02 -1.147570014e-01 2.197567560e-02 -1.623074412e-01 -5.221458524e-02 9.565868974e-02 -9.376081824e-02 1.673583537e-01 7.505349815e-02 3.965077922e-03 -9.672640823e-03 1.752102189e-02 5.613226444e-02 -3.175535798e-02 -1.089922935e-01 -9.828121960e-02 5.031181499e-02 3.295283392e-02 -8.427886665e-02 2.848502621e-02 2.400602587e-02 -7.946364582e-02 -4.759160057e-02 9.671826847e-03 -8.207265288e-02 -1.602513194e-01 -8.331772685e-02 7.968340069e-02 3.628917783e-02 -3.720891103e-02 1.030457765e-02 -2.358663827e-02 1.175386682e-01 7.259297371e-02 -7.921423763e-02 -6.804536283e-02 1.233948581e-02 -3.936729580e-02 1.938011870e-02 5.660737306e-02 -6.277401000e-02 -3.294122964e-02 -1.410926729e-01 7.047595829e-02 7.351005077e-02 -5.260387063e-02 1.242796332e-01 1.571087837e-01 5.332517996e-02 -8.422754705e-02 1.231981218e-01 2.542071044e-03 1.540681869e-01 1.080945209e-01 6.535477936e-02 9.760585427e-02 -3.632233292e-02 5.305996910e-02 1.558868736e-01 -7.566756755e-02 7.330803573e-02 2.390517592e-01 1.059735790e-01 -2.648073062e-02 -5.100105703e-02 -9.585814923e-02 1.149769872e-03 -1.781847924e-01 -3.065040708e-02 1.100158691e-01 -7.319070399e-02 1.707869172e-01 5.558229238e-02 1.274894737e-02 -4.613246303e-03 2.091197670e-02 7.787089050e-02 -1.027873158e-02 -1.267532408e-01 -6.661641598e-02 8.301661909e-02 2.927911840e-02 -9.577234089e-02 1.164434291e-02 6.979586557e-03 -7.704079151e-02 -6.515000761e-02 -1.890433952e-03 -9.162056446e-02 -1.725898832e-01 -8.113323152e-02 6.024257094e-02 4.690676183e-02 -3.422430530e-02 1.283724420e-02 -1.823259145e-02 1.109454930e-01 7.366009802e-02 -7.835783809e-02 -6.965385377e-02 2.619446255e-03 -4.270795733e-02 1.831666008e-02 6.180923432e-02 -5.578417331e-02 -2.560160495e-02 -1.385198981e-01 6.485000998e-02 7.715550065e-02 -4.940162227e-02 1.232424751e-01 1.662037671e-01 5.357858539e-02 -9.012025595e-02 1.276606917e-01 2.496119123e-04 1.578851342e-01 1.021429226e-01 6.566381454e-02 8.535518497e-02 -3.961168230e-02 5.431299657e-02 1.620071083e-01 -7.424266636e-02 6.838142127e-02 2.469992191e-01 1.096790433e-01 -3.006728366e-02 -5.091983825e-02 -9.681236744e-02 -3.667186480e-03 -1.747013181e-01 -3.054608032e-02 1.134565175e-01 -8.085000515e-02 1.711380333e-01 4.667349160e-02 1.674523577e-02 -4.734505434e-03 2.369065769e-02 8.305560797e-02 -3.901581978e-03 -1.251151711e-01 -6.414468586e-02 8.557546139e-02 3.302313760e-02 -8.832465112e-02 2.216998953e-03 3.345918609e-03 -7.899105549e-02 -5.727881193e-02 -3.955140710e-03 -9.004390240e-02 -1.756832451e-01 -7.595410943e-02 6.039986759e-02 3.516270220e-02 -1.562501304e-02 2.356684953e-02 -2.892266586e-02 1.033924893e-01 6.600885093e-02 -8.842098713e-02 -7.804502547e-02 5.668801721e-03 -5.042737722e-02 2.699304558e-02 5.242884904e-02 -5.026814342e-02 -1.405549422e-02 -1.369730085e-01 5.755789950e-02 7.941802591e-02 -5.725040287e-02 1.372521371e-01 1.868348420e-01 5.701664463e-02 -1.051873490e-01 1.436412334e-01 -1.771057583e-02 1.713672727e-01 8.930128068e-02 7.364037633e-02 7.143727690e-02 -4.451236874e-02 7.457604259e-02 1.702389419e-01 -7.784774154e-02 6.759359688e-02 2.667894363e-01 1.194316149e-01 -2.106716484e-02 -5.834462494e-02 -8.496798575e-02 -1.426535007e-02 -1.839680225e-01 -1.873251610e-02 1.220754907e-01 -6.985037029e-02 1.751427948e-01 3.618805483e-02 2.004124969e-02 -1.838414697e-03 2.608648501e-02 9.372915328e-02 9.885910898e-03 -1.355761737e-01 -4.620771110e-02 1.030147150e-01 3.164010122e-02 -9.490190446e-02 -5.859319121e-03 -6.133378483e-03 -7.972769439e-02 -6.776925176e-02 -8.820628747e-03 -9.605614841e-02 -1.815514266e-01 -7.170087099e-02 4.977089167e-02 4.082983360e-02 -5.935170874e-02 -3.051653504e-03 1.002400368e-02 1.110251397e-01 9.609411657e-02 -5.358134210e-02 -5.504127592e-02 -2.361277863e-02 -3.394012153e-02 6.087440997e-04 9.268443286e-02 -4.849226028e-02 -3.198862076e-02 -1.391185224e-01 6.886155903e-02 8.174350858e-02 -3.191754967e-02 9.472410381e-02 1.497468501e-01 4.499560595e-02 -7.080664486e-02 1.080568060e-01 3.090265766e-02 1.410143971e-01 1.139044613e-01 5.221108720e-02 8.088416606e-02 -4.051399603e-02 2.168134972e-02 1.589751691e-01 -6.137757003e-02 5.912264064e-02 2.256993055e-01 9.939707816e-02 -5.292119831e-02 -3.031348810e-02 -1.190809458e-01 1.154676452e-02 -1.478272825e-01 -5.515928566e-02 1.052914113e-01 -1.226302534e-01 1.700991392e-01 4.970985278e-02 1.402905397e-02 -1.051191520e-02 2.673131227e-02 6.978813559e-02 -1.452620700e-02 -9.929735214e-02 -9.298051894e-02 5.455591530e-02 4.535587505e-02 -5.942670628e-02 3.015364520e-03 1.607157290e-02 -8.700417727e-02 -1.850772835e-02 6.121525541e-03 -7.615161687e-02 -1.660332978e-01 -6.591865420e-02 8.348938078e-02 -3.883793950e-03 -1.059268638e-01 -3.453819454e-02 4.370891675e-02 1.262570918e-01 1.273882836e-01 -1.767125353e-02 -2.854756452e-02 -4.297064990e-02 -1.243279874e-02 -2.480242588e-02 1.287803948e-01 -5.431833491e-02 -5.943308771e-02 -1.458555907e-01 8.744566143e-02 8.078426123e-02 -9.935569949e-03 5.061104894e-02 1.024686918e-01 3.108226880e-02 -2.674059384e-02 6.541066617e-02 8.462673426e-02 1.044378281e-01 1.452101171e-01 2.983572148e-02 1.028920710e-01 -3.417561203e-02 -3.251374140e-02 1.406953782e-01 -4.490181059e-02 5.533736944e-02 1.727417558e-01 7.459799945e-02 -7.958655059e-02 4.309825599e-04 -1.521886438e-01 4.633469135e-02 -1.136615276e-01 -9.372557700e-02 8.445612341e-02 -1.691681743e-01 1.658071727e-01 7.311960310e-02 1.665568911e-03 -1.935905218e-02 2.426056378e-02 3.772718459e-02 -4.595632479e-02 -6.324957311e-02 -1.438044459e-01 -3.539100289e-04 5.628295988e-02 -2.975502051e-02 2.542062849e-02 4.322374985e-02 -9.437070787e-02 2.380423620e-02 2.575732581e-02 -5.754203349e-02 -1.450864971e-01 -6.286439300e-02 1.188621521e-01 -3.788079321e-02 -8.218387514e-02 -2.017999627e-02 1.346831582e-02 1.258091480e-01 1.107851937e-01 -3.893641010e-02 -4.169710726e-02 -1.644364744e-02 -2.006313205e-02 -7.308606990e-03 1.016809791e-01 -5.932794139e-02 -5.493830517e-02 -1.481252462e-01 8.623268455e-02 7.636974752e-02 -2.936089225e-02 7.574952394e-02 1.174161807e-01 3.742391244e-02 -4.452475533e-02 8.421406150e-02 6.044597924e-02 1.188429594e-01 1.366220266e-01 4.362441227e-02 1.054917723e-01 -3.575752676e-02 7.324200124e-04 1.423574239e-01 -5.565137044e-02 6.406372786e-02 1.911437660e-01 8.566119522e-02 -5.364126712e-02 -1.253111288e-02 -1.296532303e-01 3.469413146e-02 -1.401181370e-01 -7.184088230e-02 9.153540432e-02 -1.303615272e-01 1.713447571e-01 7.428556681e-02 -7.447437383e-04 -1.427340321e-02 2.304686606e-02 4.487094656e-02 -3.366161883e-02 -8.867302537e-02 -1.190954521e-01 2.461004443e-02 4.631625116e-02 -5.818042159e-02 2.965445258e-02 3.237080202e-02 -9.057139605e-02 -1.538930088e-02 2.120444737e-02 -7.176578045e-02 -1.502206475e-01 -6.714773923e-02 9.801729023e-02 1.385807991e-04 -4.979748279e-02 1.264356077e-03 -1.377139799e-02 1.185521260e-01 8.783118427e-02 -6.442053616e-02 -5.977410078e-02 2.436187118e-03 -3.365150094e-02 1.150597818e-02 7.283179462e-02 -5.825224146e-02 -3.906193003e-02 -1.452474892e-01 7.630648464e-02 7.445438951e-02 -4.722437635e-02 1.082901210e-01 1.475328803e-01 4.676277190e-02 -7.181518525e-02 1.124023572e-01 2.242114022e-02 1.433684379e-01 1.167986318e-01 5.989199132e-02 9.588205814e-02 -3.863786906e-02 3.896533698e-02 1.521984935e-01 -6.757502258e-02 6.916698068e-02 2.243371606e-01 1.006726325e-01 -3.176297992e-02 -3.414852172e-02 -1.045055836e-01 1.269267872e-02 -1.655194908e-01 -4.384496436e-02 1.048193350e-01 -9.326861799e-02 1.753368229e-01 6.222453713e-02 5.198101513e-03 -7.910784334e-03 2.439863421e-02 6.535658985e-02 -1.390332170e-02 -1.145010889e-01 -8.280107379e-02 6.291849911e-02 3.649863228e-02 -8.280605823e-02 1.976433210e-02 1.507265121e-02 -8.423155546e-02 -4.841787741e-02 9.182163514e-03 -8.595508337e-02 -1.621986181e-01 -7.181930542e-02 7.249845564e-02 2.949922718e-02 -6.738423556e-02 -7.712912746e-03 4.971494898e-03 1.196614280e-01 9.710547328e-02 -5.193388835e-02 -5.215661600e-02 -1.246096659e-02 -2.880479023e-02 2.606930211e-04 8.921636641e-02 -5.639088899e-02 -4.329223186e-02 -1.436663866e-01 7.808503509e-02 7.604853809e-02 -3.458800912e-02 9.155574441e-02 1.347094923e-01 4.337175936e-02 -6.128956005e-02 9.935705364e-02 3.960680217e-02 1.326438785e-01 1.240633130e-01 5.119909346e-02 9.737689793e-02 -3.662963584e-02 1.702242903e-02 1.499290615e-01 -6.180145591e-02 6.433811784e-02 2.107003182e-01 9.325139225e-02 -4.645243287e-02 -2.630552463e-02 -1.188748926e-01 1.859223284e-02 -1.505332887e-01 -5.680045485e-02 9.916669130e-02 -1.147237644e-01 1.712253690e-01 6.361996382e-02 6.386987399e-03 -1.141791232e-02 2.507035993e-02 5.968060344e-02 -2.211045288e-02 -1.003357023e-01 -9.978102148e-02 4.653029889e-02 4.192833230e-02 -6.637134403e-02 1.749871485e-02 2.160418034e-02 -8.520891517e-02 -2.610819601e-02 1.197364274e-02 -7.712389529e-02 -1.593178958e-01 -7.095792145e-02 8.474153280e-02 8.673843928e-03 -5.157138407e-02 1.873143949e-03 -7.798301056e-03 1.158181578e-01 8.769333363e-02 -6.351713836e-02 -6.014442444e-02 -4.177990835e-03 -3.489851207e-02 9.285539389e-03 7.663563639e-02 -5.537262186e-02 -3.574939445e-02 -1.427334696e-01 7.345318049e-02 7.641902566e-02 -4.329624027e-02 1.060131267e-01 1.494681388e-01 4.727880284e-02 -7.423837483e-02 1.127677485e-01 2.289346792e-02 1.439509839e-01 1.145648584e-01 5.874599144e-02 9.112782776e-02 -3.928246722e-02 3.604468331e-02 1.549783200e-01 -6.690289825e-02 6.634271145e-02 2.264966965e-01 1.010411680e-01 -3.588170931e-02 -3.507644311e-02 -1.073413789e-01 9.470848367e-03 -1.625010818e-01 -4.465008527e-02 1.057863906e-01 -9.829126298e-02 1.735531837e-01 5.771279708e-02 8.655897342e-03 -8.544122800e-03 2.527320385e-02 6.814181805e-02 -1.230044197e-02 -1.125121862e-01 -8.359576762e-02 6.310452521e-02 3.793355823e-02 -7.740499824e-02 1.304562762e-02 1.351652015e-02 -8.397588879e-02 -4.170602560e-02 6.976065226e-03 -8.376304805e-02 -1.648996472e-01 -7.103214413e-02 7.361764461e-02 2.175184526e-02 -9.329035133e-02 -2.434310317e-02 2.877789363e-02 1.252388060e-01 1.144516841e-01 -3.106039017e-02 -3.767592460e-02 -2.948634699e-02 -1.812503114e-02 -1.553539746e-02 1.125495732e-01 -5.659643188e-02 -5.464296788e-02 -1.447196007e-01 8.514451981e-02 7.778371125e-02 -1.938573644e-02 6.628688425e-02 1.117497683e-01 3.612898290e-02 -3.911263123e-02 7.699742168e-02 6.844365597e-02 1.140446216e-01 1.384778768e-01 3.771520406e-02 1.041503623e-01 -3.389078006e-02 -1.522843167e-02 1.427946389e-01 -5.186863244e-02 5.965473875e-02 1.848452687e-01 8.020233363e-02 -6.647697836e-02 -1.051795669e-02 -1.397770643e-01 3.522918373e-02 -1.283386648e-01 -7.912658900e-02 8.914509416e-02 -1.462413520e-01 1.672812402e-01 7.169879228e-02 3.165615024e-03 -1.664335839e-02 2.429982089e-02 4.524752125e-02 -3.810091317e-02 -7.767251879e-02 -1.277520955e-01 1.741812006e-02 4.936834797e-02 -4.493687674e-02 2.304261178e-02 3.547326475e-02 -8.932749182e-02 4.097755998e-03 2.041585557e-02 -6.490035355e-02 -1.504271626e-01 -6.826156378e-02 1.055503488e-01 -1.799197868e-02 -1.028130352e-01 -3.131719306e-02 3.086042404e-02 1.307414919e-01 1.200834066e-01 -2.580781654e-02 -3.248967230e-02 -2.711201645e-02 -1.282179356e-02 -1.887648739e-02 1.165044308e-01 -6.114692613e-02 -6.352566928e-02 -1.479648203e-01 9.160766751e-02 7.626027614e-02 -1.756173000e-02 5.787983164e-02 9.849346429e-02 3.344456479e-02 -2.954746410e-02 6.737743318e-02 8.075797558e-02 1.048168018e-01 1.474370360e-01 3.407513350e-02 1.135953367e-01 -3.209741786e-02 -2.338333987e-02 1.364932209e-01 -4.994792491e-02 6.147893146e-02 1.711965501e-01 7.527989149e-02 -6.671342999e-02 -3.829714376e-03 -1.444886029e-01 4.401896521e-02 -1.257722080e-01 -8.585616201e-02 8.365548402e-02 -1.490641087e-01 1.669469923e-01 8.079738170e-02 -2.023126464e-03 -1.819715463e-02 2.224138379e-02 3.547867388e-02 -4.563588277e-02 -7.429388911e-02 -1.386964768e-01 5.053463392e-03 4.986863583e-02 -4.417387769e-02 3.281157464e-02 4.145010933e-02 -9.080769122e-02 4.764098674e-03 2.571901679e-02 -6.303878874e-02 -1.451766044e-01 -6.873232126e-02 1.113207638e-01 -1.617970690e-02 -1.268759072e-01 -4.712916911e-02 4.673962295e-02 1.397147030e-01 1.336945742e-01 -9.097971953e-03 -1.957504451e-02 -3.411628306e-02 -1.826866530e-03 -3.139773756e-02 1.325232983e-01 -6.637844443e-02 -7.842529565e-02 -1.510356218e-01 1.016498804e-01 7.466365397e-02 -6.632849574e-03 3.637605906e-02 7.222217321e-02 2.740823478e-02 -7.019478828e-03 4.500168562e-02 1.073722094e-01 8.557094634e-02 1.639941782e-01 2.275401354e-02 1.282941699e-01 -2.722447738e-02 -5.092668533e-02 1.259162724e-01 -4.282194749e-02 6.094832346e-02 1.428953409e-01 6.193304807e-02 -7.933600992e-02 9.570162743e-03 -1.606580913e-01 6.072459370e-02 -1.100512072e-01 -1.040167212e-01 7.239104807e-02 -1.690584570e-01 1.637330204e-01 9.387783706e-02 -7.947992533e-03 -2.247177809e-02 2.017263323e-02 1.949777827e-02 -6.270571798e-02 -5.754993111e-02 -1.638015509e-01 -2.156347968e-02 5.379737169e-02 -3.125877678e-02 4.496602714e-02 5.522080511e-02 -9.253357351e-02 2.367019467e-02 3.463963047e-02 -5.413857102e-02 -1.353118569e-01 -6.997404993e-02 1.279775053e-01 -2.954197861e-02 -1.179151386e-01 -4.105078056e-02 3.307041898e-02 1.407672167e-01 1.254422069e-01 -1.922241971e-02 -2.541877516e-02 -2.070670761e-02 -4.809110425e-03 -2.391658723e-02 1.196561828e-01 -7.032192498e-02 -7.757341862e-02 -1.518909037e-01 1.018016040e-01 7.212851942e-02 -1.496303733e-02 4.748058692e-02 7.630616426e-02 3.074313700e-02 -1.451421902e-02 5.245901644e-02 9.705898911e-02 9.110787511e-02 1.614772826e-01 2.851068228e-02 1.322892904e-01 -2.673404105e-02 -3.723825887e-02 1.254516244e-01 -4.838095605e-02 6.584009528e-02 1.496813893e-01 6.610137969e-02 -6.784470379e-02 2.906965557e-03 -1.512193829e-01 5.550421774e-02 -1.228553727e-01 -9.414408356e-02 7.465252280e-02 -1.499470621e-01 1.651349366e-01 9.574396908e-02 -8.816369809e-03 -2.021997422e-02 1.875677705e-02 2.243640646e-02 -5.893886462e-02 -6.962069124e-02 -1.536071748e-01 -1.068694331e-02 4.836343974e-02 -4.546039551e-02 4.760339484e-02 5.088359863e-02 -8.967713267e-02 4.620415159e-03 3.201313317e-02 -6.053543836e-02 -1.379379630e-01 -7.402800769e-02 1.185144335e-01 -9.966641665e-03 -5.401722342e-02 -1.199323684e-03 -1.882948354e-02 1.269100606e-01 8.484240621e-02 -6.588015705e-02 -5.822106078e-02 1.400933973e-02 -2.962982468e-02 1.223437861e-02 6.629139930e-02 -6.728290021e-02 -4.720794410e-02 -1.470636278e-01 8.243010938e-02 7.037904114e-02 -5.014269426e-02 1.102553606e-01 1.362685561e-01 4.702735692e-02 -6.480947137e-02 1.070516407e-01 2.391509339e-02 1.392188072e-01 1.231354326e-01 5.880610645e-02 1.112025976e-01 -3.388779238e-02 3.571867198e-02 1.449183822e-01 -6.977319717e-02 7.509140670e-02 2.150427997e-01 9.531615674e-02 -2.948642150e-02 -3.603959084e-02 -1.046504676e-01 1.741407998e-02 -1.694809198e-01 -4.387952387e-02 1.008830890e-01 -8.393353224e-02 1.732908636e-01 7.197293639e-02 2.032757737e-03 -7.880532183e-03 2.042103373e-02 6.090741605e-02 -2.262258157e-02 -1.157871336e-01 -8.513447642e-02 6.117541343e-02 3.104816936e-02 -9.163820744e-02 2.932847291e-02 1.946197078e-02 -8.038548380e-02 -5.646101385e-02 1.000487246e-02 -8.732303977e-02 -1.596877426e-01 -8.026079834e-02 7.230076939e-02 4.357391596e-02 -1.091258153e-01 -3.512252495e-02 3.650184348e-02 1.352777332e-01 1.193808690e-01 -2.183970250e-02 -2.916812152e-02 -2.737443894e-02 -9.229733609e-03 -2.243876830e-02 1.174283102e-01 -6.507570297e-02 -6.778083742e-02 -1.463487744e-01 9.330935031e-02 7.387564331e-02 -1.405837014e-02 5.630536750e-02 8.998291194e-02 3.259545565e-02 -2.108875662e-02 6.046273187e-02 8.272393048e-02 1.010065153e-01 1.511483490e-01 2.953699231e-02 1.223816276e-01 -2.726673149e-02 -3.528978676e-02 1.327946037e-01 -4.908376187e-02 6.244857609e-02 1.639469117e-01 6.873004138e-02 -7.623644173e-02 -5.580781028e-03 -1.502958834e-01 4.731011763e-02 -1.193470135e-01 -9.019865096e-02 8.056899905e-02 -1.545777768e-01 1.626053154e-01 8.390496671e-02 -3.817516845e-04 -1.887791604e-02 2.065475099e-02 3.527253494e-02 -5.461237207e-02 -6.592173874e-02 -1.427683532e-01 3.124851733e-03 4.876079410e-02 -4.130151123e-02 3.328026086e-02 4.611341655e-02 -8.658104390e-02 1.291504502e-02 2.476306632e-02 -5.984060466e-02 -1.438896805e-01 -7.600262761e-02 1.152147800e-01 -1.923032477e-02 -5.566394702e-02 -3.360990435e-03 -1.065758243e-02 1.244469881e-01 8.774948865e-02 -6.172925234e-02 -5.619764701e-02 5.708562210e-03 -2.899073251e-02 9.566951543e-03 7.229630649e-02 -6.393910944e-02 -4.535862058e-02 -1.450978220e-01 7.953301072e-02 7.283052057e-02 -4.562418908e-02 1.062933058e-01 1.373586208e-01 4.525549337e-02 -6.338302791e-02 1.050882190e-01 2.619506232e-02 1.382312030e-01 1.219048798e-01 5.566763133e-02 1.058637276e-01 -3.503396735e-02 2.976980805e-02 1.474902481e-01 -6.744267046e-02 7.125622034e-02 2.159771770e-01 9.511508793e-02 -3.813318908e-02 -3.419230878e-02 -1.099441350e-01 1.850857213e-02 -1.622830033e-01 -4.917223006e-02 1.014264673e-01 -9.561436623e-02 1.710499823e-01 6.763412803e-02 4.804634489e-03 -8.628098294e-03 2.081148140e-02 6.190182269e-02 -2.349714376e-02 -1.086231396e-01 -8.843328804e-02 5.859260634e-02 3.491720557e-02 -8.312728256e-02 2.340528928e-02 1.986687817e-02 -8.197468519e-02 -4.572022706e-02 9.375164285e-03 -8.391477168e-02 -1.605851054e-01 -7.766423374e-02 7.645565271e-02 3.168051317e-02 -9.712104499e-02 -2.822092175e-02 2.884383872e-02 1.304177493e-01 1.135918275e-01 -3.016030602e-02 -3.525792807e-02 -2.400504984e-02 -1.449776813e-02 -1.583758183e-02 1.099670529e-01 -6.246258691e-02 -6.085882336e-02 -1.453746259e-01 8.821869642e-02 7.507103682e-02 -1.917881519e-02 6.563330442e-02 1.025810242e-01 3.508263454e-02 -3.239423037e-02 7.096134871e-02 7.088992000e-02 1.095080152e-01 1.434833258e-01 3.496355191e-02 1.145048887e-01 -3.023383021e-02 -2.099715918e-02 1.381591707e-01 -5.261319131e-02 6.245842576e-02 1.777870059e-01 7.631033659e-02 -6.935297698e-02 -1.103221159e-02 -1.425561160e-01 3.999875486e-02 -1.273717284e-01 -8.237403631e-02 8.595312387e-02 -1.451974213e-01 1.639158279e-01 7.733250409e-02 1.994264778e-03 -1.673255116e-02 2.121614851e-02 4.200758040e-02 -4.599225894e-02 -7.475765049e-02 -1.315931976e-01 1.478319615e-02 4.785429314e-02 -4.741455242e-02 2.798404172e-02 3.909546882e-02 -8.691269159e-02 2.396356314e-03 2.083402500e-02 -6.445117295e-02 -1.487622410e-01 -7.399790734e-02 1.072814018e-01 -1.234726608e-02 -1.325325668e-01 -5.233813077e-02 5.485320091e-02 1.415243745e-01 1.366721392e-01 -3.755858168e-03 -1.538597513e-02 -3.871659562e-02 1.627463847e-03 -3.516113386e-02 1.373510212e-01 -6.742135435e-02 -8.138621598e-02 -1.502742171e-01 1.019785330e-01 7.488939166e-02 -1.660566777e-03 3.125917166e-02 6.611312181e-02 2.503915690e-02 1.523736864e-04 3.833952546e-02 1.121742576e-01 8.102910966e-02 1.669332683e-01 1.783817448e-02 1.311011612e-01 -2.533609793e-02 -6.147896498e-02 1.244204491e-01 -4.055703804e-02 5.955423415e-02 1.372274905e-01 5.800279602e-02 -8.891656250e-02 1.149695553e-02 -1.677432209e-01 6.579363346e-02 -1.021202579e-01 -1.112877652e-01 7.011447847e-02 -1.795108318e-01 1.599186063e-01 9.432511032e-02 -6.789925508e-03 -2.337583154e-02 1.872070506e-02 1.793059893e-02 -6.938697398e-02 -4.874637350e-02 -1.702299267e-01 -2.694914863e-02 5.605356395e-02 -2.464834228e-02 4.455640167e-02 5.909215659e-02 -9.242156893e-02 3.356947005e-02 3.501974046e-02 -5.038601533e-02 -1.340094060e-01 -7.173370570e-02 1.337537467e-01 -3.751365840e-02 -1.608795077e-01 -7.200320810e-02 7.117988914e-02 1.534697562e-01 1.533432454e-01 1.575080119e-02 2.783359960e-04 -4.373123124e-02 1.558900531e-02 -4.924693704e-02 1.553398222e-01 -7.527080178e-02 -1.010832936e-01 -1.556645930e-01 1.157377586e-01 7.265347987e-02 1.006879285e-02 5.117511377e-03 3.304094821e-02 1.746826805e-02 2.800392546e-02 1.088757068e-02 1.452127099e-01 5.650372803e-02 1.879808158e-01 4.683021456e-03 1.505472660e-01 -1.965633593e-02 -9.248843789e-02 1.102270782e-01 -3.240201250e-02 6.003191695e-02 1.011841446e-01 4.212480783e-02 -1.006646305e-01 2.873369120e-02 -1.858812422e-01 8.762434125e-02 -8.537165821e-02 -1.328890026e-01 5.591334403e-02 -2.004205883e-01 1.569763422e-01 1.120828539e-01 -1.606401056e-02 -2.838562801e-02 1.553620677e-02 -3.368781880e-03 -9.007725120e-02 -3.073665500e-02 -2.005488276e-01 -6.027674302e-02 6.032477319e-02 -1.147750299e-02 6.322959065e-02 7.610446215e-02 -9.529128671e-02 5.218061432e-02 4.718633369e-02 -4.080737755e-02 -1.208940968e-01 -7.265496999e-02 1.533040255e-01 -4.919692129e-02 -8.719550073e-02 -2.457082272e-02 1.835435629e-03 1.404135376e-01 1.052565947e-01 -4.223034903e-02 -3.954247758e-02 7.046531886e-03 -1.285852492e-02 -4.171326756e-03 8.821796626e-02 -7.561848313e-02 -6.989066303e-02 -1.524513364e-01 9.701927006e-02 6.806951016e-02 -3.602447361e-02 8.077863604e-02 9.776610136e-02 3.735493869e-02 -3.231936693e-02 7.544035465e-02 6.172580272e-02 1.113844961e-01 1.481673717e-01 4.224965721e-02 1.332116872e-01 -2.716942504e-02 -3.016658127e-03 1.289021671e-01 -6.016516685e-02 7.499250025e-02 1.757675558e-01 7.750707865e-02 -4.838239402e-02 -1.532937586e-02 -1.283912063e-01 4.364023358e-02 -1.481850743e-01 -7.180637121e-02 8.451522142e-02 -1.125249490e-01 1.683770269e-01 9.222920984e-02 -7.721249014e-03 -1.349807996e-02 1.612957381e-02 3.673433140e-02 -4.872841761e-02 -9.175655246e-02 -1.217870414e-01 2.302790433e-02 3.744351864e-02 -7.575756311e-02 4.877170920e-02 3.996251523e-02 -8.407822251e-02 -3.315366060e-02 2.349702641e-02 -7.559805363e-02 -1.447730064e-01 -8.181631565e-02 9.621740878e-02 2.826978266e-02
-6.618265063e-02 1.165087149e-02 -3.698105365e-02 8.428914845e-02 1.111035049e-01 -7.691466808e-02 -5.475619435e-02 2.428928763e-02 6.764031015e-03 3.943177313e-02 1.053091139e-01 -3.096522577e-02 -2.707084082e-02 -1.287431270e-01 3.184270859e-02 6.745947152e-02 -1.452594064e-02 6.463563442e-02 1.535052210e-01 4.288344830e-02 -9.957341850e-02 7.131063938e-02 2.831116319e-03 1.252702922e-01 1.506287307e-01 9.126152098e-02 8.960288763e-02 -7.389426976e-02 7.007858157e-02 1.896181256e-01 -3.876986355e-02 8.394953609e-02 1.882399470e-01 1.156128719e-01 -5.149583146e-02 -1.829378307e-02 -1.079100594e-01 -1.591875032e-02 -1.118783504e-01 -5.069625378e-02 1.418271959e-01 -1.126102731e-01 1.966285855e-01 3.065978736e-02 3.819944337e-02 1.915099099e-03 2.596999891e-02 8.133696020e-02 -4.391755909e-02 -1.020355299e-01 -6.344342232e-02 4.751323164e-02 6.033519655e-02 -8.180370927e-02 2.659439109e-02 1.026534382e-02 -1.251052022e-01 -7.696940005e-02 7.277300209e-02 -8.996917307e-02 -1.849542558e-01 -7.792529464e-02 7.604196668e-02 3.911277652e-02 -4.874104261e-02 2.046657354e-02 -2.864177153e-02 9.543924034e-02 9.336598963e-02 -8.245151490e-02 -6.440164894e-02 1.898642071e-02 -2.091352828e-02 3.190639988e-02 8.266641945e-02 -3.746471927e-02 -1.409628801e-02 -1.352298111e-01 4.293429106e-02 7.314541191e-02 -3.548385575e-02 9.956692159e-02 1.736001372e-01 5.361472815e-02 -1.020639762e-01 1.034556776e-01 -1.868678257e-03 1.468259990e-01 1.242208779e-01 7.701437920e-02 7.849974185e-02 -5.338686705e-02 6.401148438e-02 1.723908782e-01 -6.017249078e-02 7.365654409e-02 2.239888608e-01 1.134525537e-01 -3.859635070e-02 -3.787475079e-02 -9.207170457e-02 -1.833555847e-02 -1.449475288e-01 -4.242200404e-02 1.314622313e-01 -9.755650163e-02 1.883560717e-01 3.758172318e-02 2.017053962e-02 -4.771137610e-04 3.138868883e-02 8.008914441e-02 -1.615270227e-02 -1.125997528e-01 -6.345709413e-02 6.684782356e-02 4.474011064e-02 -9.386511147e-02 1.496022474e-02 8.439512923e-03 -1.033684015e-01 -7.429882884e-02 3.643559292e-02 -9.496102482e-02 -1.814581752e-01 -7.399304956e-02 6.390871853e-02 3.723565117e-02 -9.746077657e-02 -1.532138512e-02 2.556651086e-02 1.160736009e-01 1.223483756e-01 -3.777908906e-02 -3.724147379e-02 -2.073299512e-02 -9.374128655e-03 -7.281143218e-03 1.230314076e-01 -4.513518885e-02 -4.040980339e-02 -1.414374560e-01 6.757289171e-02 7.745094597e-02 -1.280002296e-02 5.929053575e-02 1.254283637e-01 3.988742083e-02 -5.001492798e-02 6.889472157e-02 6.066029519e-02 1.139736995e-01 1.454360485e-01 4.244548082e-02 9.533978999e-02 -4.010004178e-02 -9.308390319e-03 1.496900767e-01 -4.908498749e-02 6.006362289e-02 1.802191585e-01 8.356977999e-02 -7.362748682e-02 -1.025450416e-02 -1.328656375e-01 2.124764398e-02 -1.151579916e-01 -8.390544355e-02 1.021147296e-01 -1.552276909e-01 1.749057621e-01 6.260230392e-02 5.289788358e-03 -1.384856366e-02 2.970079146e-02 4.803052545e-02 -4.186752439e-02 -6.928933412e-02 -1.246845499e-01 1.270271465e-02 5.425232649e-02 -5.107174069e-02 2.362953871e-02 3.678959608e-02 -1.000673696e-01 -6.132829934e-03 3.786087781e-02 -7.044999301e-02 -1.569858193e-01 -6.847939640e-02 1.050356403e-01 -1.943676174e-02 -1.051541790e-01 -2.565325238e-02 3.025114909e-02 1.264633089e-01 1.252372861e-01 -2.995527722e-02 -3.219594061e-02 -2.207497321e-02 -8.000295609e-03 -1.452465169e-02 1.233882084e-01 -5.432708934e-02 -5.426214263e-02 -1.468959153e-01 8.149693161e-02 7.645420730e-02 -1.524891425e-02 5.492733791e-02 1.081432700e-01 3.571442515e-02 -3.529288620e-02 6.380134821e-02 7.708066702e-02 1.056245416e-01 1.506921351e-01 3.600100428e-02 1.075953767e-01 -3.616980463e-02 -2.064257115e-02 1.397320628e-01 -5.042171851e-02 6.019595265e-02 1.696402431e-01 7.718024403e-02 -6.967958808e-02 -3.536229953e-03 -1.388365775e-01 3.590364009e-02 -1.200633869e-01 -8.859994262e-02 9.117808193e-02 -1.547472626e-01 1.713755578e-01 7.714694738e-02 -3.435242921e-03 -1.738640107e-02 2.581010573e-02 3.585611284e-02 -4.716885090e-02 -6.824910641e-02 -1.387593746e-01 1.740237698e-03 5.245316774e-02 -4.854816943e-02 3.313678503e-02 4.242715985e-02 -9.647477418e-02 -1.641062321e-03 3.581318632e-02 -6.759381294e-02 -1.478036195e-01 -6.781974435e-02 1.113048941e-01 -1.835029759e-02 -1.067635790e-01 -2.945987508e-02 2.888129279e-02 1.319238842e-01 1.231779680e-01 -2.852097712e-02 -3.150748089e-02 -1.974928379e-02 -8.369041607e-03 -1.655830815e-02 1.191683263e-01 -6.046062335e-02 -6.188248843e-02 -1.490582526e-01 8.909788728e-02 7.444079220e-02 -1.816931367e-02 5.599822104e-02 9.913412482e-02 3.464572877e-02 -2.969293855e-02 6.305930763e-02 8.181349188e-02 1.028931886e-01 1.525841504e-01 3.472001478e-02 1.161977425e-01 -3.324301541e-02 -2.316548489e-02 1.347348988e-01 -5.207434297e-02 6.224282831e-02 1.659559458e-01 7.459082454e-02 -6.508241594e-02 -2.839777153e-03 -1.401115507e-01 4.138455167e-02 -1.255793869e-01 -8.718410879e-02 8.578594774e-02 -1.484118998e-01 1.694492698e-01 8.461109549e-02 -6.447343156e-03 -1.851258427e-02 2.337561920e-02 3.181255609e-02 -4.907028750e-02 -7.173142582e-02 -1.419926435e-01 6.231717416e-04 4.960683361e-02 -5.029864237e-02 3.787358105e-02 4.375785589e-02 -9.263458103e-02 -3.287359141e-03 3.301284835e-02 -6.711503118e-02 -1.442501396e-01 -6.995704025e-02 1.114062071e-01 -1.230136305e-02 -8.865559846e-02 -1.924766600e-02 1.239073090e-02 1.301103085e-01 1.090811342e-01 -4.228635132e-02 -4.154431075e-02 -8.349537849e-03 -1.649532840e-02 -6.780433469e-03 1.004117429e-01 -6.283506751e-02 -5.684609711e-02 -1.481942087e-01 8.725610375e-02 7.279650122e-02 -2.974439412e-02 7.523815334e-02 1.116731316e-01 3.935444728e-02 -4.308201373e-02 7.929413021e-02 6.223222613e-02 1.158393770e-01 1.420348436e-01 4.350025579e-02 1.145598143e-01 -3.362585232e-02 -2.131390385e-03 1.382876933e-01 -5.926985294e-02 6.639054418e-02 1.840079427e-01 8.237418532e-02 -5.091862381e-02 -1.471182518e-02 -1.272463053e-01 3.182759881e-02 -1.428470612e-01 -7.061737031e-02 9.071623534e-02 -1.241163239e-01 1.705271900e-01 8.087617904e-02 -3.655290464e-03 -1.526466385e-02 2.251646668e-02 4.186067730e-02 -3.867750615e-02 -8.876246959e-02 -1.226204932e-01 2.232804522e-02 4.270993546e-02 -6.500669569e-02 3.387793899e-02 3.431693465e-02 -8.748151362e-02 -2.291688137e-02 2.419079468e-02 -7.453026623e-02 -1.498198658e-01 -7.344230264e-02 9.695799649e-02 7.726253942e-03 -4.186423495e-02 8.725766093e-03 -2.231170237e-02 1.189048067e-01 7.927808166e-02 -7.451655716e-02 -6.523241848e-02 1.236644015e-02 -3.564607352e-02 1.785482839e-02 6.277547777e-02 -5.980635434e-02 -3.453660384e-02 -1.439240128e-01 7.319314033e-02 7.263457030e-02 -5.346973985e-02 1.195614189e-01 1.552963108e-01 5.067164823e-02 -7.933330536e-02 1.192952543e-01 9.770821780e-03 1.506841779e-01 1.121402308e-01 6.471081823e-02 9.686754644e-02 -3.888712078e-02 4.948093742e-02 1.536337137e-01 -7.371164113e-02 7.166900486e-02 2.323557287e-01 1.035515293e-01 -2.460935153e-02 -4.299402982e-02 -9.552460164e-02 4.540681839e-03 -1.750330925e-01 -3.444059566e-02 1.093251705e-01 -7.875593007e-02 1.753612459e-01 6.103349105e-02 6.089616567e-03 -6.609658245e-03 2.386228368e-02 7.122251391e-02 -1.092432626e-02 -1.216935366e-01 -7.268474251e-02 7.471226156e-02 3.106342629e-02 -9.415546060e-02 1.789320819e-02 1.066030748e-02 -8.045592904e-02 -6.224803254e-02 6.209837273e-03 -9.203809500e-02 -1.660897136e-01 -7.675909996e-02 6.421525776e-02 4.209708422e-02 -7.605649531e-02 -1.183100417e-02 1.339415461e-02 1.223669425e-01 1.006178334e-01 -4.709860310e-02 -4.809382930e-02 -1.631732285e-02 -2.461747825e-02 -4.432687536e-03 9.565049410e-02 -5.708112568e-02 -4.607342184e-02 -1.427082419e-01 7.914907485e-02 7.589866966e-02 -2.984593436e-02 8.541379124e-02 1.277006119e-01 4.193978757e-02 -5.461110920e-02 9.207980335e-02 4.644343257e-02 1.277686954e-01 1.282585114e-01 4.669116437e-02 1.010020897e-01 -3.524922580e-02 5.700003356e-03 1.475986242e-01 -6.057353318e-02 6.287498772e-02 2.031269819e-01 8.842515945e-02 -5.404432118e-02 -2.395556867e-02 -1.250800490e-01 2.180152759e-02 -1.442483068e-01 -6.286579370e-02 9.681830555e-02 -1.233870387e-01 1.682999134e-01 6.623675674e-02 6.194231100e-03 -1.347514149e-02 2.431870624e-02 5.665105581e-02 -2.877830714e-02 -9.221930057e-02 -1.082563698e-01 3.922025487e-02 4.287483916e-02 -6.118932366e-02 1.753781550e-02 2.580896392e-02 -8.448725939e-02 -1.770157740e-02 1.372164860e-02 -7.413730025e-02 -1.575187147e-01 -7.299236208e-02 9.059651196e-02 1.292806119e-03 -4.445397109e-02 5.959983915e-03 -1.318632253e-02 1.154623628e-01 8.292753249e-02 -6.907900423e-02 -6.325587630e-02 1.098671928e-03 -3.630868345e-02 1.365561038e-02 7.023122907e-02 -5.586115643e-02 -3.295028582e-02 -1.419601887e-01 7.128263265e-02 7.600802183e-02 -4.775085673e-02 1.136758476e-01 1.555099785e-01 4.890201986e-02 -7.855205238e-02 1.179060042e-01 1.430913061e-02 1.491738409e-01 1.105950177e-01 6.155703962e-02 8.999341726e-02 -4.011462256e-02 4.339123517e-02 1.565908343e-01 -7.011374086e-02 6.751603633e-02 2.331719846e-01 1.036547497e-01 -3.255700693e-02 -3.992682695e-02 -1.022742763e-01 5.933666602e-03 -1.678191721e-01 -3.963420540e-02 1.089558303e-01 -9.089055657e-02 1.735026538e-01 5.589752644e-02 9.541754611e-03 -7.531860378e-03 2.455877513e-02 7.199269533e-02 -1.004027575e-02 -1.163222864e-01 -7.670192420e-02 7.092078030e-02 3.542429209e-02 -8.339007944e-02 1.126667205e-02 1.064454950e-02 -8.254195005e-02 -4.926206544e-02 4.708550405e-03 -8.728410304e-02 -1.671120375e-01 -7.264930010e-02 6.891547889e-02 2.845543623e-02 -9.694848955e-02 -2.726831660e-02 3.367134556e-02 1.265767515e-01 1.170193255e-01 -2.747101709e-02 -3.491664678e-02 -3.226116672e-02 -1.562365703e-02 -1.802667230e-02 1.161934733e-01 -5.669107661e-02 -5.636683106e-02 -1.443279535e-01 8.564327657e-02 7.787957042e-02 -1.691023260e-02 6.319268793e-02 1.084546149e-01 3.460998088e-02 -3.439715505e-02 7.299386710e-02 7.173898816e-02 1.115508527e-01 1.403937638e-01 3.488871455e-02 1.053816974e-01 -3.325615451e-02 -2.170142904e-02 1.417208165e-01 -5.057468265e-02 5.858920515e-02 1.812222898e-01 7.758451998e-02 -7.196661830e-02 -8.648417890e-03 -1.436903030e-01 3.834534436e-02 -1.237059832e-01 -8.347334713e-02 8.793763816e-02 -1.528088301e-01 1.656289250e-01 7.259341329e-02 3.105858341e-03 -1.762768254e-02 2.380818129e-02 4.367887601e-02 -4.205598682e-02 -7.193598896e-02 -1.322154701e-01 1.346803829e-02 5.060222745e-02 -4.110594094e-02 2.317129821e-02 3.818155080e-02 -8.944721520e-02 1.012131199e-02 2.143785916e-02 -6.296335906e-02 -1.488493234e-01 -6.868012995e-02 1.094015986e-01 -2.334002033e-02 -9.830178320e-02 -2.914919518e-02 2.758541144e-02 1.301468909e-01 1.175844744e-01 -2.893480100e-02 -3.437789902e-02 -2.420370840e-02 -1.383853611e-02 -1.614334062e-02 1.127839237e-01 -6.121829152e-02 -6.200490147e-02 -1.476846188e-01 9.023860842e-02 7.600218803e-02 -2.012319118e-02 6.225688010e-02 1.021134630e-01 3.411738575e-02 -3.230126947e-02 7.054933161e-02 7.582102716e-02 1.077924073e-01 1.451685876e-01 3.575377539e-02 1.125397012e-01 -3.266342357e-02 -1.880310662e-02 1.375988871e-01 -5.169783905e-02 6.203106046e-02 1.755833626e-01 7.732000947e-02 -6.475056708e-02 -6.205389276e-03 -1.416489631e-01 4.218477756e-02 -1.288378984e-01 -8.321418613e-02 8.543034643e-02 -1.450353861e-01 1.669369191e-01 7.952158898e-02 -1.542296261e-03 -1.746472530e-02 2.190294676e-02 3.766232729e-02 -4.402873665e-02 -7.673376054e-02 -1.347088069e-01 9.609587491e-03 4.894860834e-02 -4.747222736e-02 3.182132542e-02 3.959967569e-02 -9.028387070e-02 1.065023243e-04 2.443093993e-02 -6.510530412e-02 -1.463380158e-01 -6.923582405e-02 1.084952801e-01 -1.223434601e-02 -6.286400557e-02 -6.819847971e-03 -4.821076989e-03 1.234016269e-01 9.424929321e-02 -5.645977706e-02 -5.326905847e-02 -9.950920939e-04 -2.772598341e-02 5.113258958e-03 8.085107803e-02 -6.128819659e-02 -4.679181427e-02 -1.461086273e-01 8.120129257e-02 7.386834919e-02 -4.138159752e-02 9.748999029e-02 1.332635581e-01 4.377050325e-02 -6.084210798e-02 1.007612050e-01 3.624207899e-02 1.334741861e-01 1.254659891e-01 5.370151252e-02 1.038098484e-01 -3.614987805e-02 2.424294129e-02 1.468437016e-01 -6.450863183e-02 6.887069345e-02 2.102650404e-01 9.392900765e-02 -3.906459734e-02 -2.776380070e-02 -1.137297004e-01 2.085306309e-02 -1.580018699e-01 -5.354616791e-02 9.914359450e-02 -1.031518877e-01 1.724458188e-01 6.910207123e-02 2.737690695e-03 -1.035948470e-02 2.252940275e-02 5.708329007e-02 -2.337114885e-02 -1.059685349e-01 -9.656800330e-02 4.933729395e-02 3.811951727e-02 -7.659672201e-02 2.470711805e-02 2.194787934e-02 -8.483765274e-02 -3.929989785e-02 1.300851628e-02 -8.136461675e-02 -1.580123901e-01 -7.321716845e-02 8.116976172e-02 2.323807031e-02 -1.218306273e-01 -4.444849119e-02 4.879691824e-02 1.370678991e-01 1.312578917e-01 -9.465578943e-03 -2.092763409e-02 -3.792369366e-02 -3.577791154e-03 -3.071346134e-02 1.316615045e-01 -6.330394745e-02 -7.346098125e-02 -1.482313722e-01 9.734076262e-02 7.542873174e-02 -6.444016472e-03 4.140582681e-02 7.968532294e-02 2.781220898e-02 -9.160295129e-03 4.892431945e-02 9.960152209e-02 9.089091420e-02 1.586358994e-01 2.298812009e-02 1.229098141e-01 -2.744985558e-02 -5.066559091e-02 1.295554936e-01 -4.268132895e-02 5.898477137e-02 1.503896415e-01 6.278821826e-02 -8.508831263e-02 5.699101835e-03 -1.604200602e-01 5.737820640e-02 -1.069572717e-01 -1.028149724e-01 7.552602887e-02 -1.731183380e-01 1.627082080e-01 8.790296316e-02 -3.919122275e-03 -2.176326327e-02 2.138803899e-02 2.603601664e-02 -6.099913269e-02 -5.392206460e-02 -1.582363844e-01 -1.432923973e-02 5.432775617e-02 -2.852186002e-02 3.788968176e-02 5.352013931e-02 -9.117753804e-02 2.944450080e-02 3.139328957e-02 -5.364075303e-02 -1.375143677e-01 -7.062559575e-02 1.269492060e-01 -3.573915735e-02 -1.393273324e-01 -5.674213171e-02 5.554180220e-02 1.456142664e-01 1.408384442e-01 3.118580207e-04 -1.198224165e-02 -3.658400849e-02 5.318514071e-03 -3.772906214e-02 1.403483599e-01 -7.029560208e-02 -8.768710494e-02 -1.529713124e-01 1.072537974e-01 7.349701971e-02 -8.516684175e-04 2.530800924e-02 5.699245259e-02 2.311385982e-02 7.001191378e-03 3.180929273e-02 1.210581809e-01 7.450018078e-02 1.732933372e-01 1.573186740e-02 1.376222670e-01 -2.417042293e-02 -6.696620584e-02 1.195665747e-01 -3.911845013e-02 6.080807373e-02 1.269437224e-01 5.413542688e-02 -8.780226856e-02 1.686722599e-02 -1.703088135e-01 7.166382670e-02 -1.006756201e-01 -1.153363511e-01 6.606853008e-02 -1.807681620e-01 1.609163731e-01 1.013540998e-01 -1.129566506e-02 -2.463825792e-02 1.808881015e-02 1.074345037e-02 -7.398350537e-02 -4.674689844e-02 -1.774927974e-01 -3.592035919e-02 5.616851151e-02 -2.441474609e-02 5.254606530e-02 6.344246864e-02 -9.335128963e-02 3.395887837e-02 3.958465904e-02 -4.925971106e-02 -1.292980164e-01 -7.160517573e-02 1.375564933e-01 -3.594811261e-02 -1.292873323e-01 -4.938953370e-02 3.985469043e-02 1.462844908e-01 1.312899888e-01 -1.171855908e-02 -1.908700913e-02 -2.148649096e-02 1.358815935e-03 -2.918148041e-02 1.258011162e-01 -7.447521389e-02 -8.622416854e-02 -1.537869275e-01 1.071056947e-01 7.063449919e-02 -1.016179845e-02 3.779766709e-02 6.182679906e-02 2.745844796e-02 -2.639014274e-03 4.078701884e-02 1.094548255e-01 8.094534278e-02 1.703866273e-01 2.261828817e-02 1.417370439e-01 -2.362565137e-02 -5.083800480e-02 1.192842349e-01 -4.567345232e-02 6.637044251e-02 1.351820081e-01 5.944509804e-02 -7.405464351e-02 9.108839557e-03 -1.592484415e-01 6.468899548e-02 -1.159841716e-01 -1.035271212e-01 6.869615614e-02 -1.582897902e-01 1.626203060e-01 1.031913459e-01 -1.211643126e-02 -2.204779908e-02 1.671535522e-02 1.426483970e-02 -6.893433630e-02 -6.158928201e-02 -1.658523381e-01 -2.335420996e-02 4.998245090e-02 -4.084774479e-02 5.504346639e-02 5.800559372e-02 -9.003520012e-02 1.150741987e-02 3.629241511e-02 -5.676490068e-02 -1.328362674e-01 -7.607244700e-02 1.262544543e-01 -1.331408322e-02 -1.051414832e-01 -3.247528523e-02 1.846055128e-02 1.407958567e-01 1.134073436e-01 -3.232977539e-02 -3.333801776e-02 -6.551239640e-03 -9.441635571e-03 -1.468257047e-02 1.033219546e-01 -7.413174957e-02 -7.404914498e-02 -1.511515975e-01 9.931718558e-02 6.930888444e-02 -2.402918041e-02 6.322609633e-02 8.436118066e-02 3.546314314e-02 -2.496146224e-02 6.308174133e-02 8.029571176e-02 1.002351567e-01 1.558068693e-01 3.532795608e-02 1.350892037e-01 -2.562193759e-02 -2.107909322e-02 1.267976612e-01 -5.549080297e-02 7.089418173e-02 1.616288275e-01 7.154005766e-02 -5.723239481e-02 -8.167281747e-03 -1.401179582e-01 4.689368233e-02 -1.370128989e-01 -8.148449659e-02 7.881046832e-02 -1.283048838e-01 1.651814580e-01 9.443368018e-02 -6.976708304e-03 -1.708565094e-02 1.718557999e-02 3.000408970e-02 -5.412026122e-02 -8.282484114e-02 -1.385862678e-01 6.414838135e-03 4.185935855e-02 -6.126491725e-02 4.655407742e-02 4.444810003e-02 -8.486890048e-02 -1.582787558e-02 2.621144429e-02 -6.793835759e-02 -1.431562304e-01 -8.041985333e-02 1.062463671e-01 1.101462729e-02 -8.682405204e-02 -1.971737295e-02 7.234591991e-03 1.340313256e-01 1.009479761e-01 -4.615242407e-02 -4.370367154e-02 -1.723104855e-03 -1.839889213e-02 -5.382928997e-03 8.999413252e-02 -7.080169767e-02 -6.193808094e-02 -1.475905627e-01 9.080988914e-02 7.028295845e-02 -3.160024434e-02 8.066192269e-02 1.047408432e-01 4.114785045e-02 -4.270564765e-02 8.034706116e-02 5.806067586e-02 1.158110201e-01 1.422017664e-01 4.391679913e-02 1.247383058e-01 -2.830240503e-02 -5.811508745e-04 1.353067458e-01 -6.152517349e-02 7.151396573e-02 1.839312613e-01 8.114665002e-02 -4.864913225e-02 -2.124806121e-02 -1.277598292e-01 3.236600012e-02 -1.489725113e-01 -6.625899673e-02 8.770621568e-02 -1.119639874e-01 1.662789434e-01 8.324268460e-02 -5.582356825e-04 -1.369849686e-02 1.847784407e-02 4.428219423e-02 -4.146818072e-02 -9.570205212e-02 -1.181214303e-01 2.886256948e-02 3.779217973e-02 -7.101713121e-02 3.512909636e-02 3.330814838e-02 -8.177563548e-02 -2.952179685e-02 1.745384559e-02 -7.444618642e-02 -1.523419172e-01 -8.164821565e-02 9.276408702e-02 2.099968866e-02 -1.231378764e-01 -4.336457700e-02 4.281689599e-02 1.407843083e-01 1.250367463e-01 -1.610157639e-02 -2.321644314e-02 -2.797287703e-02 -3.687020391e-03 -2.824369073e-02 1.237359941e-01 -7.029091567e-02 -7.697356492e-02 -1.482300311e-01 9.955290705e-02 7.278332114e-02 -8.769232780e-03 4.444191977e-02 7.301103324e-02 3.096141666e-02 -1.138095558e-02 4.847056046e-02 9.827866405e-02 8.965419978e-02 1.615432650e-01 2.434872836e-02 1.332702190e-01 -2.417334542e-02 -4.729068279e-02 1.261663139e-01 -4.710277915e-02 6.390605867e-02 1.479320377e-01 6.267365068e-02 -7.896989584e-02 3.197044134e-05 -1.577711850e-01 5.498563498e-02 -1.154733822e-01 -9.781498462e-02 7.387429476e-02 -1.589263976e-01 1.600474864e-01 9.283347428e-02 -3.673064057e-03 -2.099283226e-02 1.799149439e-02 2.539837547e-02 -6.359498203e-02 -6.201609224e-02 -1.570435911e-01 -1.127941906e-02 4.909769073e-02 -3.815127164e-02 4.061385989e-02 5.237458646e-02 -8.697156608e-02 1.621409878e-02 2.862695977e-02 -5.635938048e-02 -1.404818296e-01 -7.805430889e-02 1.222689748e-01 -2.002156153e-02 -1.048198119e-01 -3.251484409e-02 2.372019365e-02 1.379465759e-01 1.142741516e-01 -3.102007508e-02 -3.279664367e-02 -1.349073648e-02 -1.028162614e-02 -1.627841219e-02 1.068457663e-01 -7.122109085e-02 -7.071367651e-02 -1.489116549e-01 9.619691223e-02 7.203827798e-02 -2.113835141e-02 6.184866652e-02 8.781252801e-02 3.539025784e-02 -2.651068941e-02 6.392228603e-02 7.982520759e-02 1.017815322e-01 1.529520899e-01 3.407139704e-02 1.294585764e-01 -2.696914971e-02 -2.283595316e-02 1.300574392e-01 -5.424174666e-02 6.822302938e-02 1.650320739e-01 7.244470716e-02 -6.269238889e-02 -9.081941098e-03 -1.427758336e-01 4.581002519e-02 -1.331101656e-01 -8.309488744e-02 8.043708652e-02 -1.351146549e-01 1.635714769e-01 8.950375021e-02 -3.458447289e-03 -1.734174602e-02 1.732490398e-02 3.267358616e-02 -5.299261585e-02 -7.952282578e-02 -1.389466822e-01 6.913859397e-03 4.368841648e-02 -5.566274002e-02 3.992552683e-02 4.338711128e-02 -8.585863560e-02 -8.829047903e-03 2.415231802e-02 -6.580086797e-02 -1.457625329e-01 -7.850383222e-02 1.081475466e-01 2.328960225e-03 -7.447901368e-02 -1.309106313e-02 1.790001988e-06 1.297060996e-01 9.553716332e-02 -5.327004194e-02 -4.884227738e-02 7.561901584e-04 -2.312869206e-02 5.246046931e-04 8.293002099e-02 -6.825149804e-02 -5.490207672e-02 -1.462679058e-01 8.600358665e-02 7.186156511e-02 -3.692561388e-02 9.063027799e-02 1.178721786e-01 4.346254095e-02 -5.234048516e-02 9.065820277e-02 4.558685794e-02 1.250008941e-01 1.339994073e-01 4.884054139e-02 1.169323474e-01 -3.108637407e-02 1.261480525e-02 1.405359954e-01 -6.424456835e-02 7.163924724e-02 1.974625587e-01 8.750095963e-02 -4.394937307e-02 -2.723808028e-02 -1.204931140e-01 2.620331943e-02 -1.552135348e-01 -5.882323533e-02 9.328512102e-02 -1.045494452e-01 1.677829027e-01 7.659874111e-02 2.243957948e-03 -1.158615388e-02 1.888354309e-02 5.143387616e-02 -3.383122757e-02 -1.023407578e-01 -1.065417603e-01 4.083796218e-02 3.640964255e-02 -7.617831230e-02 2.955044992e-02 2.737003937e-02 -8.199425787e-02 -3.724572062e-02 1.344299875e-02 -7.834043354e-02 -1.568930447e-01 -7.989004999e-02 8.596325666e-02 2.574983425e-02 -1.021835655e-01 -3.004092909e-02 2.800620161e-02 1.332955956e-01 1.135862544e-01 -3.082596511e-02 -3.421909362e-02 -2.107420936e-02 -1.318302751e-02 -1.714827493e-02 1.094917953e-01 -6.638165563e-02 -6.471825391e-02 -1.460807621e-01 9.137596190e-02 7.399694622e-02 -1.863885857e-02 6.285165250e-02 9.533141553e-02 3.623006865e-02 -3.074108437e-02 6.757034361e-02 7.569208741e-02 1.059500873e-01 1.477790922e-01 3.439684212e-02 1.213537306e-01 -2.824672312e-02 -2.265489474e-02 1.348379850e-01 -5.345709622e-02 6.492510438e-02 1.719725430e-01 7.445222884e-02 -6.694495678e-02 -1.137797162e-02 -1.432304680e-01 4.109966010e-02 -1.298193336e-01 -8.199631423e-02 8.324651420e-02 -1.406769454e-01 1.630582511e-01 8.216577023e-02 8.615752449e-04 -1.715013012e-02 1.949105598e-02 3.847117722e-02 -4.895481840e-02 -7.747497410e-02 -1.356149465e-01 1.117542572e-02 4.564419389e-02 -5.020268261e-02 3.148341924e-02 4.061498493e-02 -8.568274975e-02 -1.769516617e-03 2.122147568e-02 -6.444882601e-02 -1.487873644e-01 -7.671055943e-02 1.076848656e-01 -7.023440674e-03 -1.070631072e-01 -3.381510451e-02 2.991961502e-02 1.353335232e-01 1.175507456e-01 -2.745340578e-02 -3.130723909e-02 -2.142118476e-02 -1.055322401e-02 -1.921433583e-02 1.129073575e-01 -6.766541302e-02 -6.866279244e-02 -1.478311270e-01 9.436520189e-02 7.398373634e-02 -1.724811457e-02 5.758741125e-02 8.933620900e-02 3.451122716e-02 -2.612039074e-02 6.282538176e-02 8.277223259e-02 1.012005284e-01 1.520375907e-01 3.242282569e-02 1.243511438e-01 -2.809137665e-02 -2.683392726e-02 1.322124749e-01 -5.191802606e-02 6.512544304e-02 1.653629690e-01 7.237378508e-02 -6.743456423e-02 -6.973801181e-03 -1.460574567e-01 4.587237537e-02 -1.277544498e-01 -8.613736182e-02 8.067690581e-02 -1.438973993e-01 1.632983387e-01 8.606661111e-02 -1.829898916e-03 -1.805161126e-02 1.876328140e-02 3.328977153e-02 -5.207078531e-02 -7.529868931e-02 -1.417686939e-01 3.984140232e-03 4.671832919e-02 -4.852101952e-02 3.600670025e-02 4.358874261e-02 -8.742820472e-02 -9.585847147e-05 2.432746068e-02 -6.314703077e-02 -1.459929347e-01 -7.542537898e-02 1.112938970e-01 -8.111407980e-03 -7.333171368e-02 -1.284318604e-02 5.834288895e-04 1.280988455e-01 9.691981971e-02 -5.246923119e-02 -4.877763987e-02 -1.587573439e-03 -2.368561924e-02 4.329625517e-04 8.456473798e-02 -6.626170874e-02 -5.342092365e-02 -1.462963223e-01 8.516131341e-02 7.293006778e-02 -3.683338314e-02 9.015440196e-02 1.203866452e-01 4.306455329e-02 -5.324625969e-02 9.173649549e-02 4.569930211e-02 1.258597076e-01 1.327911615e-01 4.912780225e-02 1.135381758e-01 -3.241036087e-02 1.353159174e-02 1.418737620e-01 -6.339479983e-02 7.049369812e-02 1.991307735e-01 8.853745461e-02 -4.429486766e-02 -2.612216957e-02 -1.203522459e-01 2.612370811e-02 -1.541317254e-01 -5.920865387e-02 9.411706775e-02 -1.070383191e-01 1.688403338e-01 7.499537617e-02 2.295315964e-03 -1.155825704e-02 1.972945035e-02 5.172377825e-02 -3.199937195e-02 -1.017530859e-01 -1.062946245e-01 4.064228386e-02 3.763015568e-02 -7.435823977e-02 2.839990519e-02 2.689726651e-02 -8.342712373e-02 -3.532332182e-02 1.392459217e-02 -7.807162404e-02 -1.568104923e-01 -7.736097276e-02 8.645699918e-02 2.255427465e-02 -9.446211159e-02 -2.518893220e-02 2.206547558e-02 1.305033565e-01 1.100369617e-01 -3.585692495e-02 -3.817772120e-02 -1.845047064e-02 -1.661614142e-02 -1.304452680e-02 1.046271846e-01 -6.460584700e-02 -6.037064642e-02 -1.458256692e-01 8.884119242e-02 7.441627234e-02 -2.262449637e-02 6.921957433e-02 1.036535650e-01 3.791520000e-02 -3.767407686e-02 7.459540665e-02 6.806175411e-02 1.117033362e-01 1.429298371e-01 3.836171329e-02 1.166185439e-01 -3.010921553e-02 -1.316375099e-02 1.378640532e-01 -5.549526587e-02 6.523469836e-02 1.803348660e-01 7.881309092e-02 -6.155009940e-02 -1.461703423e-02 -1.374526024e-01 3.635286540e-02 -1.351444423e-01 -7.619236410e-02 8.660151064e-02 -1.339873970e-01 1.650722027e-01 7.869409025e-02 1.713442616e-03 -1.579641923e-02 2.046963200e-02 4.258687049e-02 -4.301934317e-02 -8.336616307e-02 -1.279069781e-01 1.873338223e-02 4.457768798e-02 -5.461275578e-02 2.908938378e-02 3.642323613e-02 -8.574058861e-02 -8.456863463e-03 1.934867352e-02 -6.754275411e-02 -1.511032432e-01 -7.531224191e-02 1.024310291e-01 -2.349900082e-03 -9.335678816e-02 -2.479120344e-02 1.979608089e-02 1.306814104e-01 1.098991483e-01 -3.695416451e-02 -3.865574673e-02 -1.646789163e-02 -1.673291251e-02 -1.192209125e-02 1.033734083e-01 -6.503760070e-02 -6.071764603e-02 -1.466157436e-01 8.940962702e-02 7.441599667e-02 -2.408139035e-02 6.989687681e-02 1.039606109e-01 3.797269613e-02 -3.850398213e-02 7.538733631e-02 6.790267676e-02 1.118930578e-01 1.430427730e-01 3.925057873e-02 1.167990416e-01 -3.069495969e-02 -1.065654587e-02 1.376309991e-01 -5.597312748e-02 6.587692350e-02 1.806269735e-01 7.966198772e-02 -5.892330036e-02 -1.426424645e-02 -1.360608041e-01 3.658810258e-02 -1.372043937e-01 -7.533329725e-02 8.677665144e-02 -1.314089596e-01 1.658939719e-01 7.953274995e-02 6.898208521e-04 -1.558903232e-02 2.019965462e-02 4.175260663e-02 -4.220626503e-02 -8.542505652e-02 -1.273253113e-01 1.884909533e-02 4.415408522e-02 -5.662542954e-02 3.056837060e-02 3.600226715e-02 -8.637701720e-02 -1.170405187e-02 1.989860646e-02 -6.854002178e-02 -1.508951038e-01 -7.462947816e-02 1.015439034e-01 5.652043037e-04 -8.703203499e-02 -2.065034024e-02 1.396094263e-02 1.292190701e-01 1.059572473e-01 -4.188703001e-02 -4.212714359e-02 -1.259439718e-02 -1.938770339e-02 -8.160027675e-03 9.796220809e-02 -6.471684575e-02 -5.777359009e-02 -1.463938951e-01 8.776551485e-02 7.417821884e-02 -2.788704075e-02 7.599585503e-02 1.098608151e-01 3.973950446e-02 -4.398988932e-02 8.101575077e-02 6.104951352e-02 1.165605634e-01 1.394389421e-01 4.263050854e-02 1.147053540e-01 -3.157991916e-02 -2.616363578e-03 1.394529790e-01 -5.821948498e-02 6.695459783e-02 1.870055795e-01 8.286532760e-02 -5.389294773e-02 -1.784667559e-02 -1.309011877e-01 3.256424516e-02 -1.426004618e-01 -6.989231706e-02 8.930655569e-02 -1.238799468e-01 1.671631187e-01 7.755368948e-02 1.330797677e-03 -1.438010484e-02 2.050661854e-02 4.511953145e-02 -3.803311661e-02 -9.099017084e-02 -1.205696389e-01 2.575420402e-02 4.233870283e-02 -6.174243242e-02 2.923828363e-02 3.267823905e-02 -8.564030379e-02 -1.884895936e-02 1.800224371e-02 -7.149928808e-02 -1.529748589e-01 -7.486362010e-02 9.662047029e-02 6.703543011e-03 -1.340497285e-01 -5.203524604e-02 5.487637594e-02 1.419063509e-01 1.365581751e-01 -3.693286330e-03 -1.519828010e-02 -3.938471526e-02 1.381848007e-03 -3.627467155e-02 1.377727389e-01 -6.784182787e-02 -8.135804534e-02 -1.497381032e-01 1.027019769e-01 7.490454614e-02 -1.419998705e-03 3.078239784e-02 6.511934847e-02 2.612575144e-02 5.300715566e-05 3.817670792e-02 1.130824387e-01 8.106435835e-02 1.674186587e-01 1.800476573e-02 1.322418153e-01 -2.466079593e-02 -6.196880713e-02 1.238736659e-01 -4.045271128e-02 6.014851853e-02 1.362659931e-01 5.706056952e-02 -8.890180290e-02 1.044220477e-02 -1.675955504e-01 6.486584991e-02 -1.022700816e-01 -1.100788116e-01 6.964576244e-02 -1.786991954e-01 1.603089571e-01 9.517434984e-02 -6.316137500e-03 -2.353298292e-02 1.893847063e-02 1.780141704e-02 -6.940077245e-02 -4.925550148e-02 -1.706437469e-01 -2.708496153e-02 5.484883115e-02 -2.476974577e-02 4.408025742e-02 5.942192674e-02 -9.157159925e-02 3.422103077e-02 3.462231159e-02 -4.992255569e-02 -1.344886273e-01 -7.242869586e-02 1.338598877e-01 -3.794140741e-02 -8.159284294e-02 -1.968605071e-02 4.310831428e-03 1.332521886e-01 1.034495234e-01 -4.479943216e-02 -4.292820394e-02 -1.421216875e-03 -1.796411537e-02 -3.536589444e-03 8.991067857e-02 -6.901311874e-02 -6.104227155e-02 -1.490139514e-01 9.076816589e-02 7.174865901e-02 -3.482480347e-02 8.286694437e-02 1.095331013e-01 3.928558528e-02 -4.185679927e-02 8.265672624e-02 5.608355254e-02 1.179780886e-01 1.403209865e-01 4.469233006e-02 1.206779033e-01 -3.079468384e-02 3.011863679e-03 1.362671107e-01 -6.014508009e-02 7.107568532e-02 1.868819892e-01 8.258393407e-02 -4.890774190e-02 -1.881923899e-02 -1.262538731e-01 3.582304716e-02 -1.479138881e-01 -6.758682430e-02 8.932420611e-02 -1.150427088e-01 1.689539552e-01 8.256343007e-02 -2.394562587e-03 -1.309432648e-02 1.871135645e-02 4.357607290e-02 -4.002398998e-02 -9.382462502e-02 -1.160193235e-01 2.941070125e-02 3.914403170e-02 -7.105840743e-02 3.700155765e-02 3.396400809e-02 -8.508407325e-02 -2.900338173e-02 1.952938922e-02 -7.515908778e-02 -1.502745748e-01 -7.728439569e-02 9.363952279e-02 1.943997294e-02 -8.931514621e-02 -2.247050032e-02 1.481822971e-02 1.316003948e-01 1.061871722e-01 -4.022215679e-02 -4.080156982e-02 -1.095200703e-02 -1.757565886e-02 -8.933544159e-03 9.782137722e-02 -6.660916656e-02 -6.057068333e-02 -1.468487680e-01 8.927313238e-02 7.260201126e-02 -2.732479200e-02 7.517483085e-02 1.058637053e-01 3.875100985e-02 -3.998884559e-02 7.792522013e-02 6.237285957e-02 1.142639965e-01 1.418030262e-01 4.111884907e-02 1.189247221e-01 -2.985426597e-02 -6.650300696e-03 1.372556090e-01 -5.798689649e-02 6.763909757e-02 1.832341105e-01 8.039468527e-02 -5.595403165e-02 -1.712589711e-02 -1.325772107e-01 3.494982421e-02 -1.408157796e-01 -7.195354253e-02 8.760818094e-02 -1.251324117e-01 1.661540717e-01 8.004748821e-02 4.324547481e-04 -1.465247013e-02 1.999360695e-02 4.373486340e-02 -4.169157892e-02 -8.818909526e-02 -1.223768368e-01 2.401162498e-02 4.224584997e-02 -6.168301776e-02 3.186618164e-02 3.479731455e-02 -8.447288722e-02 -1.749113947e-02 1.889687963e-02 -7.082464546e-02 -1.510949880e-01 -7.724072039e-02 9.791959822e-02 7.460421883e-03 -1.222658008e-01 -4.388883337e-02 4.377520829e-02 1.393452287e-01 1.273747236e-01 -1.448222343e-02 -2.263622731e-02 -3.053952008e-02 -3.809574060e-03 -2.845635638e-02 1.260407567e-01 -6.815943122e-02 -7.610006630e-02 -1.488208026e-01 9.898252785e-02 7.378471643e-02 -8.403628133e-03 4.306124151e-02 7.518519461e-02 2.977069281e-02 -1.134255435e-02 4.877778143e-02 9.918057919e-02 8.973094076e-02 1.608687788e-01 2.430362627e-02 1.297719479e-01 -2.565935627e-02 -4.699685052e-02 1.272707582e-01 -4.589928687e-02 6.247904524e-02 1.488856226e-01 6.358286738e-02 -7.949195802e-02 2.403607592e-03 -1.580969542e-01 5.612280965e-02 -1.136413738e-01 -9.940890968e-02 7.430756092e-02 -1.627413630e-01 1.612106413e-01 9.143742174e-02 -4.307876807e-03 -2.104804479e-02 1.889322512e-02 2.492252365e-02 -6.220117956e-02 -6.065510213e-02 -1.575895399e-01 -1.279231533e-02 5.115819350e-02 -3.570453078e-02 4.062488675e-02 5.234336108e-02 -8.900903910e-02 1.870147511e-02 2.992162853e-02 -5.588907003e-02 -1.394703388e-01 -7.482121885e-02 1.234135106e-01 -2.381039225e-02 -6.429290771e-02 -8.584104478e-03 -7.815986872e-03 1.282252222e-01 9.212225676e-02 -5.752390623e-02 -5.216916651e-02 5.786515772e-03 -2.535131201e-02 5.909103900e-03 7.635948062e-02 -6.709831953e-02 -5.144592375e-02 -1.468488872e-01 8.414585888e-02 7.179554552e-02 -4.306785017e-02 9.936074913e-02 1.269328147e-01 4.395537823e-02 -5.664009601e-02 9.775559604e-02 3.595439717e-02 1.313971579e-01 1.288539022e-01 5.271297693e-02 1.130520403e-01 -3.298523277e-02 2.231591940e-02 1.428014189e-01 -6.585457921e-02 7.254792750e-02 2.057790160e-01 9.104593098e-02 -3.959624469e-02 -2.994618192e-02 -1.141832918e-01 2.407144010e-02 -1.596763730e-01 -5.401892960e-02 9.698858112e-02 -9.859679639e-02 1.705025136e-01 7.411132008e-02 1.828299370e-03 -9.819441475e-03 1.951304823e-02 5.525597185e-02 -2.925457805e-02 -1.059771478e-01 -9.734963626e-02 4.941381142e-02 3.510996699e-02 -8.173809201e-02 2.951302752e-02 2.452839911e-02 -8.248466998e-02 -4.366999120e-02 1.263103448e-02 -8.193431050e-02 -1.573636979e-01 -7.860058546e-02 8.108942211e-02 3.142805770e-02 -7.876744866e-02 -1.558382809e-02 9.991507977e-03 1.268811375e-01 1.001099348e-01 -4.696786776e-02 -4.633498192e-02 -1.010966022e-02 -2.261163853e-02 -4.073502496e-03 9.183464944e-02 -6.348879635e-02 -5.295183882e-02 -1.446780860e-01 8.371654153e-02 7.378605753e-02 -3.079257905e-02 8.429332823e-02 1.184025630e-01 4.138750955e-02 -4.983851314e-02 8.767279238e-02 5.014445633e-02 1.230822876e-01 1.334874779e-01 4.549682885e-02 1.110183969e-01 -3.194758669e-02 4.084913991e-03 1.428295970e-01 -6.072411314e-02 6.693243235e-02 1.964165419e-01 8.611262590e-02 -5.259916931e-02 -2.357523143e-02 -1.264630258e-01 2.706992254e-02 -1.459911466e-01 -6.458587945e-02 9.298355132e-02 -1.187259853e-01 1.667774469e-01 7.241949439e-02 4.284123424e-03 -1.284886338e-02 2.109856345e-02 5.212351307e-02 -3.414346278e-02 -9.399324656e-02 -1.112139523e-01 3.617342189e-02 4.110966250e-02 -6.523667276e-02 2.450851724e-02 2.856059745e-02 -8.350739628e-02 -2.286651358e-02 1.415611804e-02 -7.398854941e-02 -1.561238468e-01 -7.668714970e-02 9.115362167e-02 1.027261373e-02 -1.078436896e-01 -3.442744911e-02 3.507808596e-02 1.333781481e-01 1.195167005e-01 -2.429868095e-02 -3.036108986e-02 -2.748476528e-02 -1.062310766e-02 -2.118411474e-02 1.171664819e-01 -6.444813311e-02 -6.661088020e-02 -1.467779130e-01 9.240825474e-02 7.511071861e-02 -1.437318418e-02 5.555583164e-02 9.160688519e-02 3.338118643e-02 -2.517077141e-02 6.232422590e-02 8.330845833e-02 1.014349237e-01 1.505204737e-01 3.096701205e-02 1.199010089e-01 -2.881356142e-02 -3.069063649e-02 1.341590881e-01 -4.998043552e-02 6.231170148e-02 1.664011329e-01 7.190310955e-02 -7.244672626e-02 -5.500241183e-03 -1.487428099e-01 4.588127136e-02 -1.225930527e-01 -8.882942796e-02 8.129013330e-02 -1.517354548e-01 1.629728377e-01 8.268015832e-02 -3.838147968e-04 -1.852915809e-02 2.025881223e-02 3.490078822e-02 -5.161083490e-02 -7.044722140e-02 -1.427097321e-01 3.042034805e-03 4.926919565e-02 -4.257380962e-02 3.258103132e-02 4.387570545e-02 -8.823829144e-02 8.198836818e-03 2.436612919e-02 -6.102915853e-02 -1.456999779e-01 -7.356955856e-02 1.136549935e-01 -1.706154086e-02 -1.354632974e-01 -5.348370224e-02 5.403016508e-02 1.431367695e-01 1.373144090e-01 -3.723876551e-03 -1.466309559e-02 -3.700950742e-02 2.479398623e-03 -3.593794256e-02 1.375243068e-01 -6.938189268e-02 -8.373359591e-02 -1.510832757e-01 1.041479334e-01 7.434773445e-02 -1.584647223e-03 2.920909226e-02 6.197775528e-02 2.545888908e-02 1.322016120e-03 3.634877503e-02 1.156241894e-01 7.872441411e-02 1.695889235e-01 1.763987727e-02 1.346777231e-01 -2.452343144e-02 -6.221298128e-02 1.223716140e-01 -4.076995701e-02 6.088190898e-02 1.334885359e-01 5.698594823e-02 -8.699541539e-02 1.214799285e-02 -1.679341942e-01 6.685245782e-02 -1.034823060e-01 -1.112772524e-01 6.846435368e-02 -1.772095561e-01 1.601128578e-01 9.742925316e-02 -8.088447154e-03 -2.367901057e-02 1.801913045e-02 1.527957805e-02 -7.071387023e-02 -5.033170804e-02 -1.728125066e-01 -2.972937003e-02 5.502415448e-02 -2.616154216e-02 4.732872918e-02 6.013208628e-02 -9.221328795e-02 3.123019077e-02 3.593825549e-02 -5.043360218e-02 -1.334295869e-01 -7.246752828e-02 1.341900229e-01 -3.461687639e-02 -7.220499963e-02 -1.415698975e-02 -4.210975021e-03 1.318569034e-01 9.747827798e-02 -5.181481317e-02 -4.763227701e-02 5.158539861e-03 -2.120300941e-02 2.184621990e-03 8.137623221e-02 -6.930133700e-02 -5.741916224e-02 -1.488866657e-01 8.848898858e-02 7.094141841e-02 -4.051176831e-02 9.236492217e-02 1.174951792e-01 4.156511277e-02 -4.851402715e-02 9.027089924e-02 4.551103711e-02 1.246090904e-01 1.353408098e-01 4.920272529e-02 1.188376769e-01 -3.152947128e-02 1.385522634e-02 1.384131759e-01 -6.345825642e-02 7.301959395e-02 1.956777722e-01 8.672408760e-02 -4.251127318e-02 -2.424701303e-02 -1.190847158e-01 3.095107526e-02 -1.553448886e-01 -6.033244729e-02 9.286563098e-02 -1.043260396e-01 1.702865511e-01 8.003350347e-02 -1.600138843e-03 -1.118201111e-02 1.865427196e-02 4.860091209e-02 -3.528145701e-02 -1.010118425e-01 -1.061580032e-01 3.972259164e-02 3.634598106e-02 -7.892276347e-02 3.590826318e-02 2.978305705e-02 -8.372283727e-02 -3.939259797e-02 1.673489064e-02 -7.960161567e-02 -1.529364288e-01 -7.859341055e-02 8.668318391e-02 2.906074002e-02 -1.265288591e-01 -4.801846296e-02 4.815961048e-02 1.419845223e-01 1.307576895e-01 -8.833479136e-03 -1.875546947e-02 -3.250519931e-02 -4.302784801e-04 -3.144747019e-02 1.296705008e-01 -6.912083924e-02 -7.958024740e-02 -1.492342800e-01 1.009958014e-01 7.297958434e-02 -6.210545078e-03 3.977654874e-02 6.999381632e-02 2.743848972e-02 -3.486622125e-03 4.319863766e-02 1.034009308e-01 8.599311113e-02 1.641255617e-01 2.077163942e-02 1.332437396e-01 -2.394866757e-02 -5.552365631e-02 1.246766448e-01 -4.340501130e-02 6.208171323e-02 1.426607072e-01 5.916607380e-02 -8.614917099e-02 5.435135216e-03 -1.626029015e-01 6.143149734e-02 -1.070164293e-01 -1.050649434e-01 7.200701535e-02 -1.708106995e-01 1.603181660e-01 9.412652254e-02 -5.445816554e-03 -2.189390361e-02 1.865102723e-02 2.217140794e-02 -6.784954667e-02 -5.280732363e-02 -1.624521613e-01 -1.772218943e-02 5.247978866e-02 -3.141196072e-02 4.328728840e-02 5.685795844e-02 -8.901048452e-02 2.678872272e-02 3.212846816e-02 -5.326128006e-02 -1.360612512e-01 -7.576469332e-02 1.283749044e-01 -2.945335954e-02 -6.747337431e-02 -1.165094972e-02 -5.398362875e-03 1.304282248e-01 9.426913410e-02 -5.427374318e-02 -4.972743988e-02 5.742255598e-03 -2.280815877e-02 4.374731332e-03 7.822979987e-02 -6.842444092e-02 -5.464340001e-02 -1.475570798e-01 8.581542969e-02 7.101371139e-02 -4.176152498e-02 9.676600993e-02 1.223475337e-01 4.216508940e-02 -5.148178339e-02 9.362562001e-02 3.933617473e-02 1.281185299e-01 1.318244785e-01 5.034305528e-02 1.163380742e-01 -3.183392808e-02 1.689930260e-02 1.406301707e-01 -6.469810009e-02 7.255621254e-02 2.011318952e-01 8.843195438e-02 -4.319042712e-02 -2.749039978e-02 -1.172754914e-01 2.806222439e-02 -1.562415659e-01 -5.810946971e-02 9.504331648e-02 -1.029103845e-01 1.695418954e-01 7.667345554e-02 5.763852969e-04 -1.035387535e-02 1.888504811e-02 5.265802145e-02 -3.346985951e-02 -1.014796346e-01 -1.011503935e-01 4.546568170e-02 3.607970476e-02 -7.988167554e-02 3.224650398e-02 2.743014134e-02 -8.260563761e-02 -4.025340080e-02 1.436446235e-02 -8.050498366e-02 -1.549140066e-01 -7.944916934e-02 8.410212398e-02 2.963626757e-02 -1.254623234e-01 -4.810499400e-02 4.959227145e-02 1.412993222e-01 1.306479275e-01 -8.419368416e-03 -1.868985593e-02 -3.389247507e-02 -4.386734217e-04 -3.129713237e-02 1.299567074e-01 -6.828913838e-02 -7.868326455e-02 -1.486510634e-01 9.973722696e-02 7.338697463e-02 -5.636319518e-03 4.031688720e-02 7.146093249e-02 2.689441666e-02 -3.415215760e-03 4.347566515e-02 1.020088345e-01 8.664242923e-02 1.630197167e-01 2.025611326e-02 1.316560209e-01 -2.417539805e-02 -5.624200776e-02 1.256768852e-01 -4.313638806e-02 6.118330732e-02 1.442103684e-01 5.941639841e-02 -8.846620470e-02 5.182798952e-03 -1.634303331e-01 6.149620563e-02 -1.054168791e-01 -1.060662493e-01 7.265949249e-02 -1.732525676e-01 1.595145762e-01 9.238878638e-02 -4.494118039e-03 -2.175955102e-02 1.866940595e-02 2.344506234e-02 -6.798155606e-02 -5.095553398e-02 -1.618348360e-01 -1.673875004e-02 5.336515605e-02 -2.988571674e-02 4.159435630e-02 5.664175004e-02 -8.917067200e-02 2.897942066e-02 3.154268861e-02 -5.281607062e-02 -1.364028007e-01 -7.557993382e-02 1.287642419e-01 -3.176793084e-02 -9.559822083e-02 -2.913848124e-02 1.785146073e-02 1.362686753e-01 1.113299429e-01 -3.450237215e-02 -3.570103645e-02 -9.441454895e-03 -1.211768948e-02 -1.128033083e-02 1.011827141e-01 -6.996935606e-02 -6.782886386e-02 -1.493521929e-01 9.372904897e-02 7.161653787e-02 -2.577191778e-02 6.937677413e-02 9.578936547e-02 3.515807539e-02 -3.010950610e-02 6.962535530e-02 7.095817477e-02 1.069329828e-01 1.485596150e-01 3.692061454e-02 1.258361340e-01 -2.838787064e-02 -1.522320136e-02 1.323500276e-01 -5.578676239e-02 6.841730326e-02 1.729764491e-01 7.600140572e-02 -6.020732969e-02 -1.109892689e-02 -1.379824430e-01 4.413215816e-02 -1.360675693e-01 -8.009789884e-02 8.357387781e-02 -1.313988268e-01 1.650207043e-01 8.655196428e-02 -3.559780307e-03 -1.566286571e-02 1.786231808e-02 3.641524538e-02 -4.954974353e-02 -8.165122569e-02 -1.311147213e-01 1.456770673e-02 4.378216341e-02 -5.969114974e-02 3.947951272e-02 4.071352631e-02 -8.625964075e-02 -1.410847157e-02 2.330705151e-02 -6.882896274e-02 -1.460960209e-01 -7.749707252e-02 1.039273962e-01 6.689913571e-03 -1.267267466e-01 -4.810986668e-02 4.525358230e-02 1.426979750e-01 1.297117770e-01 -1.150931977e-02 -1.973417588e-02 -2.843658067e-02 -4.922552034e-04 -2.977861278e-02 1.272044629e-01 -7.113677263e-02 -8.124822378e-02 -1.503390074e-01 1.020120084e-01 7.222332805e-02 -7.336603478e-03 3.961256146e-02 6.757617742e-02 2.798606828e-02 -5.121398717e-03 4.300518706e-02 1.045326144e-01 8.457718045e-02 1.657905579e-01 2.174813300e-02 1.358811259e-01 -2.378536016e-02 -5.258937925e-02 1.235640123e-01 -4.508189112e-02 6.354175508e-02 1.416987777e-01 6.056712568e-02 -8.148626983e-02 5.438968539e-03 -1.610879302e-01 6.116798520e-02 -1.112892479e-01 -1.038879380e-01 7.128172368e-02 -1.650613248e-01 1.600587070e-01 9.622441977e-02 -6.841077469e-03 -2.160860412e-02 1.751455292e-02 2.030697651e-02 -6.755557656e-02 -5.737759173e-02 -1.630617380e-01 -1.832113042e-02 5.168238655e-02 -3.529427946e-02 4.588435218e-02 5.595819652e-02 -8.912121505e-02 1.955343783e-02 3.238057345e-02 -5.497596785e-02 -1.365175843e-01 -7.628131658e-02 1.264601648e-01 -2.261293866e-02
-9.632506967e-02 -1.642554067e-02 -3.558671102e-02 9.808719158e-02 1.364264339e-01 -6.889462471e-02 -5.727345124e-04 -1.653999835e-02 5.909539759e-03 4.093855992e-02 1.217796877e-01 -4.519839585e-02 -4.114537314e-02 -1.471791267e-01 1.009434834e-02 6.982011348e-02 3.470268846e-02 6.674242020e-02 1.451125294e-01 3.508117422e-02 -6.033089012e-02 6.686548889e-02 1.909553073e-02 6.121393293e-02 1.757401079e-01 4.739195108e-02 9.839764237e-02 -7.834021002e-02 3.881078213e-02 1.749580204e-01 -2.989699133e-02 1.078364626e-01 1.852016151e-01 1.552344561e-01 -6.370314956e-02 -2.365936711e-02 -1.366434246e-01 1.658669114e-02 -9.391906857e-02 -8.166369796e-02 1.373111755e-01 -1.372744739e-01 1.616278887e-01 2.297915891e-02 2.308499999e-02 3.151113633e-03 3.393853549e-03 8.660466224e-02 -8.442870528e-02 -9.020598978e-02 -6.343834102e-02 4.688119888e-02 6.748436391e-02 -5.913625285e-02 1.731018350e-02 7.982394099e-02 -1.173963547e-01 -8.750486374e-02 5.760223046e-02 -8.762931824e-02 -1.600588262e-01 -7.170981169e-02 7.508809865e-02 1.843176037e-02 -4.837580398e-02 1.089573279e-02 -4.601674527e-02 9.663885087e-02 1.028824151e-01 -8.909332752e-02 -4.452311993e-02 1.118171215e-02 -2.372885682e-02 4.568627104e-02 7.351100445e-02 -4.811319336e-02 -1.645791717e-02 -1.478167772e-01 2.369398624e-02 7.896898687e-02 -2.189602330e-02 1.166060865e-01 1.822373569e-01 5.009618029e-02 -9.265461564e-02 1.126341522e-01 -1.482175291e-02 1.247753873e-01 1.317599863e-01 6.197892502e-02 7.966768742e-02 -5.541472137e-02 7.030031085e-02 1.625676751e-01 -6.054371223e-02 9.083005041e-02 2.367523313e-01 1.467687190e-01 -3.859089315e-02 -4.965077713e-02 -9.107269347e-02 -9.649422020e-03 -1.510838270e-01 -4.416013882e-02 1.337490380e-01 -9.456756711e-02 1.732330620e-01 3.037743270e-02 1.636799797e-02 8.524939418e-03 1.953351311e-02 9.511417150e-02 -3.265417367e-02 -1.162153780e-01 -4.536791146e-02 8.953309059e-02 4.264923930e-02 -9.909812361e-02 9.209923446e-03 3.881863505e-02 -9.679640830e-02 -1.029377058e-01 2.731209248e-02 -1.042442769e-01 -1.768860221e-01 -7.088704407e-02 5.049741641e-02 5.100066960e-02 -8.643281460e-02 -1.560328156e-02 7.691938430e-03 1.107981429e-01 1.237213016e-01 -5.022428185e-02 -3.450665250e-02 -2.023900300e-02 -1.457262971e-02 7.005168125e-03 1.088664681e-01 -5.033918843e-02 -3.511942551e-02 -1.480109543e-01 5.077011883e-02 8.267073333e-02 -1.072328631e-02 7.812848687e-02 1.413765401e-01 4.068471491e-02 -5.717045814e-02 8.276519179e-02 3.980403394e-02 1.094699502e-01 1.449732929e-01 3.936425969e-02 9.064487368e-02 -4.100237042e-02 8.527357131e-03 1.468328238e-01 -5.315990746e-02 7.043326646e-02 1.995261163e-01 1.094232425e-01 -6.986525655e-02 -2.417650633e-02 -1.223294139e-01 1.634491049e-02 -1.280459166e-01 -7.433860004e-02 1.081855968e-01 -1.440977007e-01 1.673429757e-01 5.347591639e-02 8.146467619e-03 -4.346603528e-03 2.551127039e-02 6.602855027e-02 -4.342941195e-02 -7.972548902e-02 -1.028328985e-01 4.086574167e-02 5.129585043e-02 -6.312538683e-02 1.558599249e-02 4.545530677e-02 -9.434990585e-02 -3.533187509e-02 2.946393751e-02 -8.173501492e-02 -1.630390584e-01 -6.642688066e-02 8.863532543e-02 1.049153507e-04 -4.915267974e-02 3.104217350e-03 -1.662202924e-02 1.091824397e-01 9.849428385e-02 -7.140794396e-02 -5.644626915e-02 2.561174333e-04 -2.995278500e-02 2.008966357e-02 7.762382179e-02 -5.223479122e-02 -2.560104802e-02 -1.468851566e-01 5.525463447e-02 8.048383892e-02 -3.986523300e-02 1.104495898e-01 1.645768881e-01 4.860027879e-02 -8.052657545e-02 1.130049080e-01 1.116974093e-02 1.395716369e-01 1.207937375e-01 5.696493387e-02 8.416306227e-02 -4.279630631e-02 4.561536759e-02 1.545565277e-01 -6.796289980e-02 7.049632818e-02 2.317326665e-01 1.156848297e-01 -4.100182652e-02 -3.995859623e-02 -9.699882567e-02 2.191276290e-03 -1.607655883e-01 -4.536301643e-02 1.156989336e-01 -1.039401144e-01 1.739659309e-01 5.190483481e-02 8.262076415e-03 -1.719795400e-03 2.694622800e-02 7.611152530e-02 -1.769720018e-02 -1.078387797e-01 -7.608944178e-02 7.301453501e-02 4.041156173e-02 -8.764366060e-02 1.177727431e-02 2.161929384e-02 -8.782201260e-02 -6.287325919e-02 1.489832811e-02 -9.419398010e-02 -1.708677113e-01 -6.723827124e-02 6.754821539e-02 2.921197005e-02 -4.483951256e-02 5.361068994e-03 -1.282171719e-02 1.089118049e-01 9.238474071e-02 -7.118478417e-02 -6.139015406e-02 -3.518224461e-03 -3.465375304e-02 1.660850085e-02 7.616192847e-02 -5.067937449e-02 -2.464758419e-02 -1.443096697e-01 5.968391523e-02 7.992872596e-02 -4.311173782e-02 1.122434959e-01 1.656365991e-01 4.967172071e-02 -8.382801712e-02 1.180370301e-01 1.083509810e-02 1.461808234e-01 1.138519123e-01 5.939250067e-02 8.147226274e-02 -4.247884080e-02 4.614689574e-02 1.581000984e-01 -6.985882670e-02 6.649471074e-02 2.371495813e-01 1.124352962e-01 -3.780201077e-02 -4.097789526e-02 -9.736075997e-02 7.533899043e-05 -1.641000509e-01 -4.090233147e-02 1.144686416e-01 -1.010459065e-01 1.741208583e-01 5.071887001e-02 1.010830235e-02 -3.924313933e-03 2.832109481e-02 7.718539983e-02 -1.037983131e-02 -1.116568819e-01 -7.553710043e-02 7.515438646e-02 4.003050551e-02 -8.416377008e-02 7.436711341e-03 1.403678581e-02 -8.537217230e-02 -5.582778901e-02 9.139608592e-03 -9.197958559e-02 -1.715224534e-01 -6.693313271e-02 6.705402583e-02 2.464511804e-02 -9.384035319e-02 -2.623399347e-02 3.143130988e-02 1.224018037e-01 1.218640506e-01 -3.097336367e-02 -3.570972383e-02 -3.339314833e-02 -1.554607414e-02 -1.485763490e-02 1.178081185e-01 -5.303632468e-02 -5.008892715e-02 -1.463876218e-01 7.868374884e-02 8.027221262e-02 -1.696669310e-02 6.502546370e-02 1.178217754e-01 3.585553542e-02 -4.018270969e-02 7.599426806e-02 6.697821617e-02 1.121552512e-01 1.410741806e-01 3.529600427e-02 9.907085449e-02 -3.553042933e-02 -1.603477821e-02 1.435775757e-01 -5.197796971e-02 5.793790147e-02 1.867567897e-01 8.404702693e-02 -7.197339833e-02 -1.028923318e-02 -1.374582499e-01 3.332553804e-02 -1.247418076e-01 -8.128299564e-02 9.251396358e-02 -1.556180418e-01 1.673358828e-01 6.954293698e-02 2.745634876e-03 -1.496325806e-02 2.676763199e-02 4.766730219e-02 -3.965071589e-02 -7.189144194e-02 -1.292814016e-01 1.896113902e-02 5.291160196e-02 -4.432242736e-02 2.097002231e-02 3.812590986e-02 -9.111424536e-02 2.621527761e-03 2.378304303e-02 -6.779858470e-02 -1.519905180e-01 -6.407909840e-02 1.061646342e-01 -2.314403653e-02 -1.378324777e-01 -5.700927973e-02 6.260867417e-02 1.397341937e-01 1.482293755e-01 3.099378198e-03 -1.080759428e-02 -4.850630090e-02 5.123069510e-03 -3.947301209e-02 1.491982937e-01 -6.192816421e-02 -7.972499728e-02 -1.527106464e-01 1.001826152e-01 7.793761045e-02 2.846866846e-03 2.322914638e-02 6.854574382e-02 2.247669734e-02 4.236571491e-03 3.414979577e-02 1.189422905e-01 7.672675699e-02 1.706054509e-01 1.418294571e-02 1.246876568e-01 -2.795879543e-02 -6.815087795e-02 1.247443929e-01 -3.698098660e-02 5.540533736e-02 1.334632933e-01 5.759341642e-02 -9.506721795e-02 1.832382753e-02 -1.699738503e-01 6.887277961e-02 -9.386043996e-02 -1.174877286e-01 7.062969357e-02 -1.951964796e-01 1.623104662e-01 9.371846914e-02 -9.373667650e-03 -2.401758172e-02 2.240863442e-02 1.558509283e-02 -7.061535120e-02 -3.965440765e-02 -1.776004285e-01 -3.431190923e-02 6.162159145e-02 -1.671141386e-02 4.521812871e-02 6.333822012e-02 -9.664958715e-02 4.275132716e-02 4.109249264e-02 -4.920408875e-02 -1.309402883e-01 -6.378766894e-02 1.398224831e-01 -5.170013756e-02 -1.305034459e-01 -5.197105557e-02 4.484651238e-02 1.439486295e-01 1.387253255e-01 -7.555882446e-03 -1.670817658e-02 -2.874257043e-02 2.954174532e-03 -3.132482618e-02 1.333837807e-01 -6.961051375e-02 -8.403057605e-02 -1.552612484e-01 1.050939560e-01 7.312166691e-02 -7.751892321e-03 3.343980759e-02 6.595652550e-02 2.551268041e-02 -1.284595579e-03 3.960781172e-02 1.125104800e-01 7.962418348e-02 1.711503565e-01 2.073337510e-02 1.352278739e-01 -2.633742429e-02 -5.371617526e-02 1.210258007e-01 -4.342861101e-02 6.270170957e-02 1.353747845e-01 6.038424745e-02 -7.801790535e-02 1.358907484e-02 -1.602592617e-01 6.637101620e-02 -1.105950326e-01 -1.072945744e-01 7.001315802e-02 -1.692166626e-01 1.644126624e-01 1.010580137e-01 -1.339796185e-02 -2.226854302e-02 1.946051605e-02 1.369455736e-02 -6.814484298e-02 -5.579691753e-02 -1.694862098e-01 -2.683693543e-02 5.453883857e-02 -3.489970416e-02 5.411630496e-02 5.954766273e-02 -9.345661849e-02 1.773838326e-02 3.986060247e-02 -5.619643629e-02 -1.312011331e-01 -6.954745948e-02 1.297216415e-01 -2.369754948e-02 -1.182981133e-01 -4.213741794e-02 3.044307604e-02 1.430181861e-01 1.258022636e-01 -2.059203386e-02 -2.542305365e-02 -1.597478986e-02 -3.145684488e-03 -2.276083082e-02 1.175402775e-01 -7.241048664e-02 -7.977305353e-02 -1.536970735e-01 1.030613855e-01 7.031787932e-02 -1.661715657e-02 4.852417856e-02 7.409360260e-02 3.087544627e-02 -1.331022475e-02 5.121241510e-02 9.682983160e-02 8.951467276e-02 1.645078659e-01 2.848694287e-02 1.368243396e-01 -2.555905282e-02 -3.698813170e-02 1.231511682e-01 -5.012839288e-02 6.736441702e-02 1.477023363e-01 6.581785530e-02 -6.586684287e-02 2.666583285e-03 -1.491717547e-01 5.605636910e-02 -1.251598895e-01 -9.334245324e-02 7.401335239e-02 -1.465709507e-01 1.653328985e-01 9.925685078e-02 -1.102925930e-02 -1.961984113e-02 1.870451123e-02 2.119828016e-02 -6.103262678e-02 -7.061572373e-02 -1.542157084e-01 -1.004941016e-02 4.768782854e-02 -4.960917309e-02 5.153033882e-02 5.191264674e-02 -8.851761371e-02 -1.209920272e-03 3.352295235e-02 -6.280131638e-02 -1.367976964e-01 -7.550248504e-02 1.170942783e-01 -4.072168842e-03 -6.517396122e-02 -7.844123989e-03 -1.147302240e-02 1.304346025e-01 9.054421633e-02 -6.004441902e-02 -5.351338536e-02 1.106534339e-02 -2.503192052e-02 6.910959259e-03 7.320456952e-02 -6.920776516e-02 -5.315873027e-02 -1.483397633e-01 8.597129583e-02 6.936780363e-02 -4.489226639e-02 1.009418219e-01 1.249237210e-01 4.512252659e-02 -5.702190101e-02 9.774441272e-02 3.515230119e-02 1.307850182e-01 1.310326010e-01 5.399832875e-02 1.177995950e-01 -3.158093616e-02 2.385496721e-02 1.406738162e-01 -6.800624728e-02 7.448697835e-02 2.038778514e-01 9.049822390e-02 -3.451002017e-02 -3.105722740e-02 -1.111071706e-01 2.247048542e-02 -1.639845967e-01 -5.070437491e-02 9.626241028e-02 -9.141060710e-02 1.713477820e-01 7.752420753e-02 -1.464411616e-04 -9.534574114e-03 2.009134181e-02 5.478974432e-02 -2.966266125e-02 -1.097516194e-01 -9.643849730e-02 5.081091076e-02 3.302102908e-02 -8.692175150e-02 3.334345669e-02 2.445542067e-02 -8.029501140e-02 -5.061093718e-02 1.346302032e-02 -8.431853354e-02 -1.564758867e-01 -8.121409267e-02 7.824328542e-02 3.896203637e-02 -1.270446777e-01 -4.746236280e-02 4.988123477e-02 1.418783218e-01 1.301145703e-01 -8.861817420e-03 -1.912811399e-02 -3.381733224e-02 -4.115030169e-04 -3.216372803e-02 1.301137507e-01 -6.832251698e-02 -7.846422493e-02 -1.483951360e-01 1.002271697e-01 7.297607511e-02 -5.437899381e-03 4.032215476e-02 7.094338536e-02 2.788825519e-02 -3.850061446e-03 4.359447956e-02 1.021996513e-01 8.677950501e-02 1.634391844e-01 2.042972296e-02 1.326944381e-01 -2.371662669e-02 -5.697884411e-02 1.253371984e-01 -4.362649471e-02 6.132518500e-02 1.433796138e-01 5.854059011e-02 -8.772657812e-02 4.195056856e-03 -1.628895700e-01 5.980111659e-02 -1.062465981e-01 -1.043440849e-01 7.263795286e-02 -1.715210229e-01 1.598667502e-01 9.310986102e-02 -4.336175509e-03 -2.200954407e-02 1.939979941e-02 2.396408655e-02 -6.780897081e-02 -5.163096637e-02 -1.618447900e-01 -1.612333953e-02 5.220007896e-02 -3.047774173e-02 4.108406976e-02 5.660188943e-02 -8.785884827e-02 2.868781984e-02 3.139029443e-02 -5.300327390e-02 -1.367065161e-01 -7.669527084e-02 1.281599253e-01 -3.133058548e-02 -5.413401872e-02 -3.868341446e-03 -1.457247883e-02 1.276783198e-01 8.658332378e-02 -6.273899227e-02 -5.589279905e-02 1.164555922e-02 -2.725278586e-02 1.133501157e-02 6.820761412e-02 -6.702214479e-02 -4.803761840e-02 -1.463588625e-01 8.154809475e-02 7.113032043e-02 -4.871349409e-02 1.095474735e-01 1.354629248e-01 4.499401152e-02 -6.068219244e-02 1.045733616e-01 2.409968153e-02 1.381865442e-01 1.234436333e-01 5.587448180e-02 1.108828336e-01 -3.370238096e-02 3.051635623e-02 1.450539678e-01 -6.856203079e-02 7.363186032e-02 2.145537585e-01 9.380285442e-02 -3.730700165e-02 -3.514805809e-02 -1.084323972e-01 2.087494172e-02 -1.641463190e-01 -4.874135554e-02 1.009148806e-01 -9.182794392e-02 1.711634099e-01 7.112248242e-02 3.005241044e-03 -8.006135933e-03 1.953696832e-02 6.089397520e-02 -2.641668729e-02 -1.086745784e-01 -8.724918962e-02 6.011217833e-02 3.297396004e-02 -8.781189471e-02 2.770412713e-02 2.145320550e-02 -8.094778657e-02 -5.017618835e-02 1.009095088e-02 -8.554662764e-02 -1.590349376e-01 -8.013071865e-02 7.555327564e-02 3.805413097e-02 -3.778791055e-02 8.669854142e-03 -2.035349235e-02 1.171524525e-01 7.547400892e-02 -7.524719089e-02 -6.665690988e-02 9.714345448e-03 -3.793554381e-02 1.852209494e-02 5.986556411e-02 -6.020334363e-02 -3.321263567e-02 -1.417426914e-01 7.033784688e-02 7.343561202e-02 -5.149063468e-02 1.221879944e-01 1.574867070e-01 5.053636432e-02 -8.094557375e-02 1.214811653e-01 4.404481500e-03 1.526352316e-01 1.084122658e-01 6.373924017e-02 9.496942908e-02 -3.739567846e-02 4.924438894e-02 1.562449634e-01 -7.369547337e-02 7.094493508e-02 2.378883660e-01 1.050370783e-01 -2.980483696e-02 -4.679948092e-02 -9.808790684e-02 3.843185492e-03 -1.734367460e-01 -3.477299213e-02 1.099264026e-01 -8.047580719e-02 1.713773608e-01 5.517597497e-02 1.128125750e-02 -5.281697959e-03 2.251063846e-02 7.671950758e-02 -1.078549586e-02 -1.211119741e-01 -6.839065254e-02 8.035960048e-02 3.228161857e-02 -9.139738232e-02 1.227219403e-02 8.362526074e-03 -7.867544144e-02 -5.904383212e-02 6.944704801e-04 -9.036389738e-02 -1.695101857e-01 -7.872791588e-02 6.282725185e-02 4.079212993e-02 -9.373283386e-02 -2.615200356e-02 3.175293282e-02 1.266874075e-01 1.129071414e-01 -3.056760132e-02 -3.662628680e-02 -2.924221382e-02 -1.655231789e-02 -1.580139250e-02 1.114733070e-01 -5.860598013e-02 -5.580931902e-02 -1.433843672e-01 8.389394730e-02 7.699953765e-02 -1.756475866e-02 6.732805073e-02 1.095474511e-01 3.551179171e-02 -3.602010012e-02 7.466726005e-02 6.635626405e-02 1.133951768e-01 1.388190091e-01 3.526899591e-02 1.073540971e-01 -3.164123371e-02 -1.996283606e-02 1.422939897e-01 -5.230563134e-02 5.974749476e-02 1.845667064e-01 7.857553661e-02 -7.292661071e-02 -1.289052516e-02 -1.428354532e-01 3.674554825e-02 -1.253803670e-01 -8.178313076e-02 8.871977031e-02 -1.492450982e-01 1.632663757e-01 7.078535855e-02 5.395082291e-03 -1.630399749e-02 2.246277407e-02 4.723771662e-02 -4.284601659e-02 -7.329150289e-02 -1.282141507e-01 1.900649071e-02 4.959824681e-02 -4.384977743e-02 2.151886746e-02 3.674551845e-02 -8.724810183e-02 6.728991866e-03 1.836170070e-02 -6.396022439e-02 -1.512654275e-01 -7.236552984e-02 1.065964550e-01 -1.863878593e-02 -5.142238736e-02 -1.355478540e-03 -8.531793952e-03 1.191091686e-01 8.849469572e-02 -6.233264506e-02 -5.776876956e-02 -2.093464136e-04 -3.173122928e-02 1.024673320e-02 7.472015917e-02 -5.882266536e-02 -3.980438784e-02 -1.437908113e-01 7.500584424e-02 7.543373108e-02 -4.446726292e-02 1.067605540e-01 1.453208625e-01 4.551867768e-02 -6.873103231e-02 1.094323099e-01 2.343133651e-02 1.417739689e-01 1.172136217e-01 5.674099550e-02 9.631924331e-02 -3.790371493e-02 3.338738903e-02 1.523928195e-01 -6.685037911e-02 6.799998879e-02 2.234832048e-01 9.933231771e-02 -3.928694874e-02 -3.429423273e-02 -1.091621295e-01 1.508530788e-02 -1.611249447e-01 -4.854867235e-02 1.045400724e-01 -9.967040271e-02 1.717189699e-01 6.087194756e-02 7.220095024e-03 -8.196823299e-03 2.253530361e-02 6.561969221e-02 -1.795816422e-02 -1.089558303e-01 -8.580636978e-02 6.152709201e-02 3.785613552e-02 -7.912945747e-02 1.708316058e-02 1.654575020e-02 -8.422607183e-02 -4.299474508e-02 7.913814858e-03 -8.397576213e-02 -1.631808132e-01 -7.295611501e-02 7.555570453e-02 2.502421662e-02 -3.577953577e-02 9.911862202e-03 -1.837981865e-02 1.122370362e-01 7.831212878e-02 -7.407212257e-02 -6.717354804e-02 3.264164552e-03 -4.018152133e-02 1.801041514e-02 6.426430494e-02 -5.492859334e-02 -2.874904498e-02 -1.412663311e-01 6.772056222e-02 7.619295269e-02 -5.046371371e-02 1.204256192e-01 1.634204090e-01 5.044638366e-02 -8.496423811e-02 1.245581359e-01 5.321654491e-03 1.546233594e-01 1.053552181e-01 6.473612785e-02 8.590169996e-02 -4.060747847e-02 5.202890933e-02 1.599398702e-01 -7.189085335e-02 6.797668338e-02 2.423209995e-01 1.082784832e-01 -2.964049205e-02 -4.446867481e-02 -9.762048721e-02 1.737478189e-03 -1.717517227e-01 -3.484548628e-02 1.120105386e-01 -8.535955846e-02 1.737742722e-01 5.073556677e-02 1.199167687e-02 -5.409541074e-03 2.474363707e-02 7.769539207e-02 -5.105898716e-03 -1.213998795e-01 -6.803972274e-02 7.998106629e-02 3.513025120e-02 -8.679446578e-02 8.055336773e-03 6.335592363e-03 -8.201943338e-02 -5.508593470e-02 1.152792480e-03 -8.981359750e-02 -1.705300510e-01 -7.256472856e-02 6.344534457e-02 3.305565566e-02 -8.071541786e-02 -1.723418757e-02 2.187018469e-02 1.206285134e-01 1.073704362e-01 -3.929834813e-02 -4.380887002e-02 -2.623939514e-02 -2.330325916e-02 -9.116563946e-03 1.043292806e-01 -5.440536886e-02 -4.723320901e-02 -1.428235173e-01 7.916603982e-02 7.840219140e-02 -2.402696386e-02 7.730672508e-02 1.247004494e-01 3.891365975e-02 -4.957846180e-02 8.753827214e-02 5.423843488e-02 1.234609783e-01 1.300859749e-01 4.260613024e-02 9.716561437e-02 -3.557305783e-02 -2.583991736e-03 1.482074112e-01 -5.557378381e-02 5.975171924e-02 1.995339096e-01 8.696229011e-02 -6.249362230e-02 -1.793671027e-02 -1.325095147e-01 2.734085172e-02 -1.349932849e-01 -7.119435072e-02 9.477120638e-02 -1.377853453e-01 1.675084978e-01 6.415402889e-02 6.933459081e-03 -1.417710725e-02 2.473858558e-02 5.417206883e-02 -3.078822792e-02 -8.465789258e-02 -1.152341366e-01 3.143630922e-02 4.807263613e-02 -5.069953948e-02 1.642806828e-02 2.880344912e-02 -8.808472753e-02 -4.666898400e-03 1.518210396e-02 -6.927571446e-02 -1.558116376e-01 -6.843074411e-02 9.743958712e-02 -1.185873896e-02 -6.464028358e-02 -7.957582362e-03 3.368571401e-03 1.191688403e-01 9.786384553e-02 -5.251642689e-02 -5.200422183e-02 -1.145795174e-02 -2.856988460e-02 1.879988238e-03 8.840613812e-02 -5.623950809e-02 -4.310856387e-02 -1.442860961e-01 7.767166197e-02 7.701285183e-02 -3.618331999e-02 9.265645593e-02 1.363625526e-01 4.279999807e-02 -6.175822392e-02 1.004053131e-01 3.892592341e-02 1.333196163e-01 1.234243065e-01 5.158284307e-02 9.573084116e-02 -3.793336824e-02 1.983286627e-02 1.505176723e-01 -6.178396195e-02 6.443333626e-02 2.125289440e-01 9.487491846e-02 -4.594247788e-02 -2.550420351e-02 -1.181375831e-01 2.007324621e-02 -1.513323188e-01 -5.754306167e-02 1.001153365e-01 -1.147045866e-01 1.716126651e-01 6.328612566e-02 5.696516018e-03 -1.101722196e-02 2.415720560e-02 5.892905220e-02 -2.156081982e-02 -1.007767171e-01 -9.937739372e-02 4.678685591e-02 4.246623442e-02 -6.731911749e-02 1.803760789e-02 2.135333605e-02 -8.712711930e-02 -2.829630859e-02 1.237774920e-02 -7.806861401e-02 -1.594587862e-01 -6.894060224e-02 8.475808054e-02 9.818816558e-03 -2.284357883e-02 1.771412417e-02 -2.974362671e-02 1.093243733e-01 7.200548798e-02 -8.209896088e-02 -7.315891981e-02 9.847559035e-03 -4.493471608e-02 2.497545257e-02 5.483339727e-02 -5.339222401e-02 -2.281090617e-02 -1.414095610e-01 6.510551274e-02 7.629162073e-02 -5.847895518e-02 1.319594681e-01 1.758524477e-01 5.320119485e-02 -9.426939487e-02 1.354959905e-01 -7.506091148e-03 1.638747305e-01 9.781805426e-02 7.134911418e-02 8.035655320e-02 -4.316890240e-02 6.763587892e-02 1.635442525e-01 -7.504422963e-02 6.967800111e-02 2.539202869e-01 1.138904244e-01 -1.997201517e-02 -5.011749640e-02 -8.737035096e-02 -4.729293287e-03 -1.807610095e-01 -2.477029338e-02 1.172572747e-01 -7.278599590e-02 1.777597964e-01 4.697793350e-02 1.236894727e-02 -3.206864698e-03 2.598978765e-02 8.363123238e-02 3.551477566e-03 -1.306974441e-01 -5.472959951e-02 9.245637059e-02 3.184468299e-02 -9.544011950e-02 6.360339932e-03 6.346404552e-04 -8.170980215e-02 -6.645008922e-02 -1.251963899e-03 -9.518449754e-02 -1.732179523e-01 -7.133590430e-02 5.498128384e-02 4.249382392e-02 -8.997882903e-02 -2.350055799e-02 3.146909177e-02 1.229047626e-01 1.149205640e-01 -2.926498838e-02 -3.762480989e-02 -3.398388252e-02 -1.885654405e-02 -1.577925310e-02 1.142362282e-01 -5.330882221e-02 -5.109298229e-02 -1.432906687e-01 8.202242851e-02 7.900565118e-02 -1.850363426e-02 6.835813820e-02 1.173999012e-01 3.529700637e-02 -3.927266225e-02 7.913811505e-02 6.428711116e-02 1.171504408e-01 1.348823607e-01 3.717761487e-02 9.855324030e-02 -3.464934975e-02 -1.643955708e-02 1.455571353e-01 -5.060271174e-02 5.736886710e-02 1.896059811e-01 8.076320589e-02 -7.212793082e-02 -1.106409542e-02 -1.407667845e-01 3.464340419e-02 -1.240369901e-01 -8.046405017e-02 9.120780230e-02 -1.529522240e-01 1.671133488e-01 6.690516323e-02 5.387029145e-03 -1.629232988e-02 2.551813237e-02 4.924551398e-02 -3.715190664e-02 -7.302808762e-02 -1.250529438e-01 2.052599192e-02 5.132358521e-02 -4.093749821e-02 1.882646047e-02 3.518619016e-02 -8.979619294e-02 1.082868874e-02 1.925456896e-02 -6.390763819e-02 -1.507642865e-01 -6.680931151e-02 1.064925790e-01 -2.530015633e-02 -1.042826399e-01 -3.371395171e-02 3.522031754e-02 1.302886456e-01 1.234364957e-01 -2.179353312e-02 -3.029629216e-02 -3.134243190e-02 -1.140489429e-02 -2.073577046e-02 1.207282096e-01 -5.942235887e-02 -6.385170668e-02 -1.481545419e-01 9.110875428e-02 7.711109519e-02 -1.521456242e-02 5.493550375e-02 9.821111709e-02 3.131747246e-02 -2.622396871e-02 6.507337093e-02 8.309143037e-02 1.032693088e-01 1.479237825e-01 3.193604574e-02 1.113616973e-01 -3.259763494e-02 -2.797660418e-02 1.368978322e-01 -4.782970622e-02 5.945760384e-02 1.698106378e-01 7.423952222e-02 -7.164477557e-02 -7.202560082e-04 -1.477924436e-01 4.704416543e-02 -1.205434576e-01 -9.035629779e-02 8.323502541e-02 -1.571667790e-01 1.665770710e-01 7.961882651e-02 -2.126052976e-03 -1.869986765e-02 2.271015197e-02 3.476863354e-02 -4.733427614e-02 -6.878969073e-02 -1.415650994e-01 1.687062904e-03 5.268005654e-02 -3.913564608e-02 3.256793693e-02 4.319861531e-02 -9.243568033e-02 1.157869492e-02 2.711467817e-02 -6.108213961e-02 -1.434032470e-01 -6.670718640e-02 1.148156002e-01 -2.316959389e-02 -7.625223696e-02 -1.571257040e-02 5.842002109e-03 1.264990419e-01 1.037812606e-01 -4.566226900e-02 -4.595304653e-02 -8.167034946e-03 -2.212049812e-02 -2.438432537e-03 9.254273772e-02 -6.170694903e-02 -5.371167511e-02 -1.478608102e-01 8.563412726e-02 7.411663234e-02 -3.418523818e-02 8.398066461e-02 1.205637082e-01 3.959391266e-02 -4.923608154e-02 8.892990649e-02 5.212330073e-02 1.229148358e-01 1.340233982e-01 4.715108871e-02 1.081690863e-01 -3.479875997e-02 8.421847597e-03 1.424730271e-01 -5.938594788e-02 6.684017926e-02 1.959543228e-01 8.762668073e-02 -4.735226184e-02 -1.816031523e-02 -1.237851605e-01 3.015610948e-02 -1.474137455e-01 -6.516870111e-02 9.337683767e-02 -1.182629466e-01 1.713602245e-01 7.453826815e-02 -4.036249593e-04 -1.288091019e-02 2.242290042e-02 4.831393436e-02 -3.134340048e-02 -9.534042329e-02 -1.112949848e-01 3.335670754e-02 4.243891686e-02 -6.661134213e-02 2.991644666e-02 2.918701246e-02 -8.750583231e-02 -2.588390186e-02 1.863064244e-02 -7.560916245e-02 -1.523267925e-01 -7.122569531e-02 9.145837277e-02 1.166276820e-02 -6.637573987e-02 -7.815739140e-03 -7.550013252e-04 1.227187291e-01 9.530158341e-02 -5.447615683e-02 -5.260313675e-02 -4.783827811e-03 -2.774326317e-02 2.799742389e-03 8.412270248e-02 -6.028164551e-02 -4.664046690e-02 -1.454527378e-01 8.077505231e-02 7.401192933e-02 -3.817098960e-02 9.416189045e-02 1.315662861e-01 4.359807819e-02 -6.016111374e-02 9.883373231e-02 3.901633620e-02 1.317316890e-01 1.262872815e-01 5.236218125e-02 1.033255383e-01 -3.555257246e-02 2.015283890e-02 1.470851004e-01 -6.349310279e-02 6.752265245e-02 2.084349692e-01 9.291255474e-02 -4.151665419e-02 -2.684882842e-02 -1.162227094e-01 2.026814409e-02 -1.551380455e-01 -5.517106876e-02 9.821385145e-02 -1.069795489e-01 1.716336757e-01 6.823806465e-02 3.689560341e-03 -1.092915796e-02 2.337700501e-02 5.716057867e-02 -2.381427586e-02 -1.039371043e-01 -9.899522364e-02 4.709643871e-02 3.940512985e-02 -7.286421210e-02 2.306278050e-02 2.228803374e-02 -8.449288458e-02 -3.459528834e-02 1.294947788e-02 -7.952812314e-02 -1.581520736e-01 -7.328157127e-02 8.272163570e-02 1.861286536e-02 -1.266572773e-01 -4.734100029e-02 5.320874602e-02 1.379968971e-01 1.342236698e-01 -5.714438856e-03 -1.844514906e-02 -4.117150605e-02 -1.757623628e-03 -3.366491571e-02 1.359390914e-01 -6.328375638e-02 -7.537162304e-02 -1.485466063e-01 9.858270735e-02 7.572942227e-02 -3.417480737e-03 3.661971912e-02 7.565495372e-02 2.657125518e-02 -5.216032267e-03 4.491122067e-02 1.048012897e-01 8.743783832e-02 1.611127853e-01 2.061165497e-02 1.240642220e-01 -2.691494673e-02 -5.648013204e-02 1.283435524e-01 -4.076493904e-02 5.805849284e-02 1.455277205e-01 6.034291536e-02 -8.838684857e-02 8.526302874e-03 -1.641262323e-01 6.021628529e-02 -1.029016003e-01 -1.066600084e-01 7.369606197e-02 -1.786096394e-01 1.621232927e-01 8.911794424e-02 -4.480521195e-03 -2.267476916e-02 2.140252665e-02 2.366944402e-02 -6.363025308e-02 -4.997207969e-02 -1.629963815e-01 -1.952307671e-02 5.566598102e-02 -2.446435206e-02 3.900061548e-02 5.591277033e-02 -9.189214557e-02 3.508509696e-02 3.294764459e-02 -5.134380236e-02 -1.359328926e-01 -7.019083202e-02 1.305641234e-01 -4.065595940e-02 -6.838095933e-02 -1.202524267e-02 -2.910904586e-03 1.285905093e-01 9.765493125e-02 -5.129513517e-02 -4.885701835e-02 1.242190599e-03 -2.287849970e-02 2.817369998e-03 8.271470666e-02 -6.504210830e-02 -5.333824456e-02 -1.479545683e-01 8.560827374e-02 7.244078070e-02 -4.058226943e-02 9.381981194e-02 1.242660433e-01 4.100091010e-02 -5.119233206e-02 9.365752339e-02 4.229595885e-02 1.277695745e-01 1.312445551e-01 5.001982301e-02 1.115777865e-01 -3.389984369e-02 1.586260274e-02 1.419137269e-01 -6.252440810e-02 7.030624896e-02 2.009114623e-01 8.864879608e-02 -4.377202690e-02 -2.379136533e-02 -1.183298007e-01 2.879578806e-02 -1.534973681e-01 -5.988186225e-02 9.544704109e-02 -1.080114543e-01 1.715252548e-01 7.544399798e-02 -3.418354318e-04 -1.111925207e-02 2.071983367e-02 5.153211579e-02 -3.125378117e-02 -9.934015572e-02 -1.028384343e-01 4.246382043e-02 3.824130446e-02 -7.567079365e-02 3.159433603e-02 2.777333558e-02 -8.506908268e-02 -3.535427153e-02 1.642242819e-02 -7.931691408e-02 -1.534263194e-01 -7.529801875e-02 8.622699976e-02 2.318968624e-02 -3.104955889e-02 1.270294935e-02 -2.791886777e-02 1.160851121e-01 7.288896292e-02 -7.905749977e-02 -6.960409880e-02 1.443234365e-02 -4.019515216e-02 2.247022651e-02 5.471639335e-02 -5.956464633e-02 -3.093328699e-02 -1.428512335e-01 7.012429088e-02 7.301829010e-02 -5.669544637e-02 1.280629933e-01 1.635290682e-01 5.156882852e-02 -8.503699303e-02 1.270542443e-01 -1.404147595e-03 1.570258290e-01 1.051605344e-01 6.770483404e-02 9.266966581e-02 -3.897674382e-02 5.826654658e-02 1.573208272e-01 -7.492554188e-02 7.236527652e-02 2.427813262e-01 1.077738330e-01 -2.274687961e-02 -4.832772911e-02 -9.191571176e-02 1.533625647e-03 -1.787810177e-01 -2.944838069e-02 1.122650504e-01 -7.284988463e-02 1.747924834e-01 5.472113565e-02 9.846054949e-03 -4.199365154e-03 2.343477122e-02 7.838619500e-02 -5.947172642e-03 -1.266020536e-01 -6.152798235e-02 8.584904671e-02 3.037546761e-02 -9.690968692e-02 1.387511939e-02 5.976462737e-03 -7.919242233e-02 -6.619257480e-02 8.514281362e-04 -9.359004349e-02 -1.694738269e-01 -7.743919641e-02 5.842553824e-02 4.706142843e-02 -1.159991045e-02 2.599569224e-02 -3.523717076e-02 1.054816917e-01 6.171701476e-02 -9.162193537e-02 -8.044422418e-02 1.341536734e-02 -5.065219477e-02 3.068234399e-02 4.546198621e-02 -5.230015889e-02 -1.501031499e-02 -1.383318454e-01 5.863029882e-02 7.635346800e-02 -6.141909957e-02 1.430894583e-01 1.881120503e-01 5.698780715e-02 -1.051737964e-01 1.456965059e-01 -2.344792150e-02 1.732590348e-01 8.842913806e-02 7.595296204e-02 7.498711348e-02 -4.358823970e-02 7.870563120e-02 1.689774841e-01 -7.984541357e-02 6.972888112e-02 2.678138912e-01 1.192579865e-01 -1.587112993e-02 -6.035847217e-02 -8.059173822e-02 -1.492385007e-02 -1.881520003e-01 -1.515571587e-02 1.226287335e-01 -6.175800785e-02 1.760578305e-01 3.808935732e-02 1.799275912e-02 -1.053785789e-03 2.629092708e-02 9.499686956e-02 1.030707173e-02 -1.383443624e-01 -4.052880779e-02 1.079879403e-01 2.917772159e-02 -1.012456864e-01 -1.653822139e-03 -6.919428706e-03 -7.768044621e-02 -7.472951710e-02 -8.483692072e-03 -9.897463024e-02 -1.798626781e-01 -7.489760220e-02 4.562686011e-02 4.975194484e-02 -6.660333276e-02 -7.462549955e-03 1.562787965e-02 1.143668890e-01 9.893961251e-02 -4.807719961e-02 -5.148427188e-02 -2.504567057e-02 -3.011243790e-02 -2.940837294e-03 9.665665030e-02 -4.993886128e-02 -3.655960411e-02 -1.397511512e-01 7.153528929e-02 8.020085841e-02 -2.839714475e-02 8.960185200e-02 1.418931782e-01 4.240534455e-02 -6.270220876e-02 1.010128111e-01 3.719282895e-02 1.355227083e-01 1.184233204e-01 4.830513895e-02 8.601549268e-02 -3.845738992e-02 1.128718257e-02 1.557261795e-01 -5.921089649e-02 5.855422467e-02 2.172152400e-01 9.426832944e-02 -5.833205953e-02 -2.652420476e-02 -1.246719956e-01 1.656040549e-02 -1.419017613e-01 -6.124232709e-02 1.020548269e-01 -1.293361783e-01 1.683414131e-01 5.337612331e-02 1.232807525e-02 -1.192452386e-02 2.645300701e-02 6.618581712e-02 -2.069266140e-02 -9.208488464e-02 -9.949916601e-02 4.794535786e-02 4.648233950e-02 -5.531072617e-02 6.536435336e-03 2.055662870e-02 -8.643548191e-02 -1.112925261e-02 8.714953437e-03 -7.330644131e-02 -1.622718424e-01 -6.810399145e-02 8.836477995e-02 -8.174266666e-03 -1.117335707e-01 -3.851375356e-02 4.769383743e-02 1.292443275e-01 1.296473742e-01 -1.373914815e-02 -2.554992773e-02 -4.312402010e-02 -9.081047960e-03 -2.729293704e-02 1.315057874e-01 -5.622885749e-02 -6.376256794e-02 -1.467095912e-01 8.994444460e-02 7.960892469e-02 -7.366167381e-03 4.619624466e-02 9.532092512e-02 2.901714854e-02 -2.016958781e-02 5.932588875e-02 9.031952173e-02 9.938916564e-02 1.493039727e-01 2.665360272e-02 1.077276245e-01 -3.260321170e-02 -4.016194120e-02 1.377334744e-01 -4.341014475e-02 5.527720228e-02 1.652646661e-01 7.072944939e-02 -8.298376203e-02 3.613997251e-03 -1.565194130e-01 5.092519522e-02 -1.097113267e-01 -9.869977832e-02 8.169510216e-02 -1.734515429e-01 1.641882658e-01 7.665629685e-02 -6.535276771e-05 -2.048235014e-02 2.337329276e-02 3.400818631e-02 -5.118026957e-02 -5.833688751e-02 -1.495356113e-01 -6.248086691e-03 5.703325570e-02 -2.713307738e-02 2.900215797e-02 4.681006074e-02 -9.422797710e-02 2.809398994e-02 2.797474526e-02 -5.559170246e-02 -1.422612369e-01 -6.456447393e-02 1.227158532e-01 -3.981474787e-02 -1.482596546e-01 -6.407917291e-02 6.831432134e-02 1.450625658e-01 1.516040862e-01 1.178421453e-02 -5.038481206e-03 -4.941255227e-02 9.161949158e-03 -4.525602236e-02 1.544423997e-01 -6.637659669e-02 -8.982934058e-02 -1.540055275e-01 1.081377640e-01 7.627164572e-02 7.132491097e-03 1.279914938e-02 5.278899893e-02 1.883466542e-02 1.654631644e-02 2.361908555e-02 1.330080628e-01 6.790409982e-02 1.768401563e-01 9.813710116e-03 1.334007680e-01 -2.535443753e-02 -8.029133081e-02 1.192771047e-01 -3.262756765e-02 5.603728443e-02 1.185537130e-01 4.995276406e-02 -9.794145823e-02 2.637561969e-02 -1.796666682e-01 7.980827987e-02 -8.781719208e-02 -1.267717332e-01 6.328786910e-02 -2.005856335e-01 1.608113945e-01 1.002971679e-01 -1.259101182e-02 -2.695651539e-02 1.946043037e-02 5.905371159e-03 -7.820399851e-02 -3.456594050e-02 -1.888887882e-01 -4.953612387e-02 6.260341406e-02 -1.034109294e-02 5.373317376e-02 6.907391548e-02 -9.809248149e-02 5.211564898e-02 4.428330064e-02 -4.326600954e-02 -1.246521398e-01 -6.558635086e-02 1.481458843e-01 -5.494058877e-02 -1.632098258e-01 -7.365206629e-02 6.938499212e-02 1.551259905e-01 1.565223038e-01 1.773409918e-02 1.482070424e-03 -4.142801091e-02 1.703022048e-02 -4.984702170e-02 1.570463032e-01 -7.601722330e-02 -1.042872965e-01 -1.583770961e-01 1.187904701e-01 7.182714343e-02 9.384385310e-03 2.014036290e-03 2.988366410e-02 1.636235975e-02 3.095583245e-02 8.601372130e-03 1.499116719e-01 5.336139351e-02 1.912056208e-01 4.593192600e-03 1.527027488e-01 -1.995564252e-02 -9.311648458e-02 1.077315956e-01 -3.159471974e-02 6.065060943e-02 9.619539976e-02 4.116215184e-02 -9.705086052e-02 3.334382549e-02 -1.855731159e-01 9.072971344e-02 -8.625286818e-02 -1.343361288e-01 5.397279188e-02 -1.994968504e-01 1.594243050e-01 1.158574969e-01 -2.007876150e-02 -2.892609686e-02 1.610037498e-02 -7.775651291e-03 -9.082289785e-02 -3.152371943e-02 -2.035999149e-01 -6.550946087e-02 6.099151447e-02 -1.253384724e-02 6.957118213e-02 7.806868106e-02 -9.680896997e-02 4.989317060e-02 5.096494406e-02 -4.131797701e-02 -1.172931120e-01 -7.073334605e-02 1.544798017e-01 -4.655456170e-02 -1.247474030e-01 -4.659624025e-02 2.893057838e-02 1.494517773e-01 1.270049810e-01 -1.725635305e-02 -2.192807198e-02 -9.205369279e-03 9.562363848e-04 -2.441464365e-02 1.169118807e-01 -7.899218798e-02 -8.855156600e-02 -1.561273336e-01 1.095792651e-01 6.756865978e-02 -1.663109288e-02 4.471233860e-02 6.138563901e-02 2.912128717e-02 -4.101019353e-03 4.392200336e-02 1.041693985e-01 8.273452520e-02 1.713543087e-01 2.595635317e-02 1.482925713e-01 -2.219334804e-02 -4.326170310e-02 1.162562147e-01 -4.913997650e-02 7.105202973e-02 1.359575093e-01 6.044575945e-02 -6.544180214e-02 6.596405059e-03 -1.529904753e-01 6.396224350e-02 -1.249547452e-01 -9.800903499e-02 6.858588755e-02 -1.443304271e-01 1.645078957e-01 1.078678668e-01 -1.521029044e-02 -2.058967575e-02 1.555215009e-02 1.393807866e-02 -6.898588687e-02 -6.918165833e-02 -1.603899300e-01 -1.825752482e-02 4.590670392e-02 -5.240636691e-02 6.198142841e-02 5.746769905e-02 -8.799616247e-02 -2.947565168e-03 3.657919168e-02 -6.154935434e-02 -1.318957955e-01 -7.981251180e-02 1.206479222e-01 3.174118698e-03 -1.186984926e-01 -4.031775519e-02 2.717751637e-02 1.458418518e-01 1.193138957e-01 -2.417159826e-02 -2.714989334e-02 -9.496673942e-03 -3.908365965e-03 -2.149929106e-02 1.112141535e-01 -7.746572047e-02 -8.200208098e-02 -1.522980928e-01 1.043270975e-01 6.772566587e-02 -1.771698706e-02 5.211640149e-02 6.945836544e-02 3.301223367e-02 -1.341244299e-02 5.115379021e-02 9.377030283e-02 8.989445120e-02 1.648894548e-01 2.917596512e-02 1.442237496e-01 -2.212047018e-02 -3.658537194e-02 1.209177673e-01 -5.241492018e-02 7.083999366e-02 1.463796198e-01 6.410380453e-02 -6.411664188e-02 -2.189087681e-03 -1.487791389e-01 5.422949046e-02 -1.292740852e-01 -9.024690837e-02 7.257376611e-02 -1.375513524e-01 1.627828777e-01 1.014569998e-01 -9.361951612e-03 -1.933866553e-02 1.624126174e-02 2.248199657e-02 -6.369417906e-02 -7.439255714e-02 -1.514977813e-01 -6.709585898e-03 4.347383603e-02 -5.500207469e-02 5.216994882e-02 5.139903724e-02 -8.430577815e-02 -6.315771956e-03 3.009925410e-02 -6.329546124e-02 -1.385807842e-01 -8.300175518e-02 1.142546609e-01 5.176092032e-03 -1.502271444e-01 -6.134437025e-02 5.773036182e-02 1.528696269e-01 1.390745789e-01 1.390540972e-03 -9.052572772e-03 -3.081080504e-02 9.502221830e-03 -4.110243917e-02 1.390338242e-01 -7.865112275e-02 -9.599106759e-02 -1.527852863e-01 1.126065776e-01 6.954620779e-02 1.819541678e-03 2.109134570e-02 4.039927199e-02 2.436781861e-02 1.487949863e-02 2.253301814e-02 1.284148246e-01 6.655901670e-02 1.820105761e-01 1.193223335e-02 1.537482738e-01 -1.780621149e-02 -7.719044387e-02 1.121533886e-01 -4.024811834e-02 6.507094204e-02 1.136566997e-01 4.712314159e-02 -9.031882882e-02 1.501904987e-02 -1.746729761e-01 7.445741445e-02 -1.004157662e-01 -1.173653752e-01 6.025251001e-02 -1.769015789e-01 1.566308588e-01 1.106594056e-01 -1.197722368e-02 -2.561986819e-02 1.487558987e-02 5.802179687e-03 -8.404561877e-02 -4.515475035e-02 -1.850736737e-01 -4.124630988e-02 5.219525099e-02 -2.719542384e-02 5.761999264e-02 6.830636412e-02 -8.811024576e-02 3.282335401e-02 3.938151151e-02 -4.762867093e-02 -1.285484284e-01 -8.125104755e-02 1.397894472e-01 -2.896838449e-02 -1.012115777e-01 -3.050423600e-02 1.339819282e-02 1.428780854e-01 1.086826324e-01 -3.669974953e-02 -3.505291045e-02 8.139759302e-05 -9.639369324e-03 -1.160224341e-02 9.649653733e-02 -7.762876153e-02 -7.440423965e-02 -1.506902874e-01 9.936669469e-02 6.833626330e-02 -2.756733261e-02 6.942965090e-02 8.488105983e-02 3.698703647e-02 -2.626898512e-02 6.552480161e-02 7.416912168e-02 1.028316841e-01 1.548264474e-01 3.659241647e-02 1.389843076e-01 -2.429392189e-02 -1.712433994e-02 1.259407252e-01 -5.818668753e-02 7.376374304e-02 1.642138660e-01 7.188221812e-02 -5.582442880e-02 -1.306022890e-02 -1.374814361e-01 4.590193182e-02 -1.415671408e-01 -7.817531377e-02 7.969866693e-02 -1.208572537e-01 1.638377756e-01 9.549576044e-02 -6.030321587e-03 -1.597441360e-02 1.491504349e-02 3.213357180e-02 -5.556220189e-02 -8.583079278e-02 -1.340207011e-01 1.222674549e-02 3.845512867e-02 -6.784538925e-02 4.692785442e-02 4.366216063e-02 -8.259172738e-02 -2.277577668e-02 2.363551781e-02 -7.015842944e-02 -1.450793743e-01 -8.462914079e-02 1.030011922e-01 1.982494071e-02 -5.308850482e-02 1.353733242e-04 -1.898192987e-02 1.276791245e-01 7.948367298e-02 -7.032692432e-02 -6.004738808e-02 1.654214039e-02 -3.059945814e-02 1.341778040e-02 6.172126532e-02 -7.037337124e-02 -4.673251882e-02 -1.448712945e-01 8.043468744e-02 6.966577470e-02 -4.942456633e-02 1.135488749e-01 1.356271207e-01 4.936051741e-02 -6.740332395e-02 1.079414636e-01 1.900557429e-02 1.406225264e-01 1.221060157e-01 5.877966434e-02 1.145964041e-01 -3.153062984e-02 3.642594814e-02 1.452656388e-01 -7.283416390e-02 7.651868463e-02 2.176707983e-01 9.578887373e-02 -3.074531257e-02 -4.242096469e-02 -1.044887081e-01 1.400008053e-02 -1.724712700e-01 -4.126037285e-02 1.012399644e-01 -7.859365642e-02 1.690386534e-01 7.023507357e-02 5.830100738e-03 -7.162629161e-03 1.805436984e-02 6.480976194e-02 -2.456482872e-02 -1.183405519e-01 -8.247939497e-02 6.624244153e-02 2.880650014e-02 -9.480056167e-02 2.569692582e-02 1.753317937e-02 -7.671744376e-02 -6.076624244e-02 5.176747218e-03 -8.806688339e-02 -1.640521884e-01 -8.579391986e-02 6.938876212e-02 4.892551899e-02 -5.932272971e-02 -2.371207578e-03 -4.083680920e-03 1.217757612e-01 8.512350917e-02 -6.343362480e-02 -5.757988617e-02 -6.032399833e-04 -3.137025982e-02 6.730256602e-03 7.487775385e-02 -6.306555122e-02 -4.213058576e-02 -1.414253265e-01 7.569427043e-02 7.388464361e-02 -3.962545469e-02 1.038363799e-01 1.374481022e-01 4.799548164e-02 -6.780777872e-02 1.052061915e-01 2.578234673e-02 1.386808306e-01 1.202381030e-01 5.453011766e-02 1.041895449e-01 -3.348712623e-02 2.642593347e-02 1.501266956e-01 -6.863051653e-02 6.941463798e-02 2.184359133e-01 9.581614286e-02 -4.191167653e-02 -3.886955976e-02 -1.128625795e-01 1.240796689e-02 -1.614370644e-01 -4.773420468e-02 1.015913785e-01 -9.677581489e-02 1.666934043e-01 6.227423251e-02 1.067162678e-02 -8.966217749e-03 2.071526088e-02 6.686225533e-02 -2.290774137e-02 -1.096568853e-01 -8.913870156e-02 6.042719632e-02 3.525085375e-02 -7.912043482e-02 1.500059292e-02 1.718796417e-02 -7.894027233e-02 -4.229637980e-02 4.256449640e-03 -8.198785037e-02 -1.660848558e-01 -8.072403073e-02 7.571150362e-02 2.716064826e-02 -6.236816570e-02 -4.734425806e-03 1.972618513e-03 1.193060055e-01 9.043670446e-02 -5.885099620e-02 -5.520597845e-02 -8.411796764e-03 -3.082028776e-02 3.613529028e-03 8.230999112e-02 -5.932899192e-02 -4.103704914e-02 -1.412262917e-01 7.489202917e-02 7.647337765e-02 -3.609628230e-02 9.788367897e-02 1.376788616e-01 4.640850052e-02 -6.662860513e-02 1.032925695e-01 3.159957379e-02 1.367273480e-01 1.205867827e-01 5.254665017e-02 9.872746468e-02 -3.553547338e-02 2.250596136e-02 1.516837329e-01 -6.561406702e-02 6.626465917e-02 2.172461003e-01 9.594215453e-02 -4.596976563e-02 -3.429942206e-02 -1.166713834e-01 1.429668814e-02 -1.560818404e-01 -5.226667225e-02 1.014224067e-01 -1.064908355e-01 1.673245579e-01 6.031867489e-02 1.080299821e-02 -9.971452877e-03 2.192673460e-02 6.495165080e-02 -2.201065980e-02 -1.053972244e-01 -9.414971620e-02 5.480152741e-02 3.888157010e-02 -7.178669423e-02 1.265176944e-02 1.818247885e-02 -8.226026595e-02 -3.393848985e-02 6.041634828e-03 -7.930370420e-02 -1.653654426e-01 -7.567473501e-02 8.009888232e-02 1.662878878e-02 -5.197567865e-02 1.113068778e-03 -5.652126390e-03 1.155553684e-01 8.670605719e-02 -6.465812773e-02 -5.976901203e-02 -5.436503328e-03 -3.497437015e-02 8.853176609e-03 7.655958831e-02 -5.669364333e-02 -3.540427983e-02 -1.411249787e-01 7.182264328e-02 7.739447057e-02 -4.152451083e-02 1.058139354e-01 1.486685276e-01 4.828011990e-02 -7.492326200e-02 1.122141182e-01 2.230429836e-02 1.440129131e-01 1.142736524e-01 5.752624199e-02 9.187457711e-02 -3.836958110e-02 3.496176749e-02 1.555943042e-01 -6.767441332e-02 6.652881950e-02 2.277186364e-01 1.015322134e-01 -3.922503442e-02 -3.775946796e-02 -1.091858521e-01 9.036736563e-03 -1.622961611e-01 -4.533491284e-02 1.058991402e-01 -9.894496948e-02 1.704558134e-01 5.596374348e-02 1.147031132e-02 -8.282703348e-03 2.322259545e-02 6.961365044e-02 -1.419025287e-02 -1.123421192e-01 -8.450501412e-02 6.392366439e-02 3.777901828e-02 -7.684254646e-02 9.900992736e-03 1.319013163e-02 -8.313707262e-02 -4.176843911e-02 4.185543861e-03 -8.321832865e-02 -1.679602563e-01 -7.282089442e-02 7.397580147e-02 2.156420425e-02 -1.007932574e-01 -3.030756488e-02 3.631008044e-02 1.271656752e-01 1.194990873e-01 -2.532190084e-02 -3.268999979e-02 -3.459492698e-02 -1.462797076e-02 -2.026176266e-02 1.190423518e-01 -5.798520893e-02 -5.849548057e-02 -1.446132511e-01 8.669610322e-02 7.862474024e-02 -1.431578398e-02 5.885259435e-02 1.041024774e-01 3.434375674e-02 -3.196087107e-02 6.970754266e-02 7.659864426e-02 1.084049717e-01 1.430645734e-01 3.296410292e-02 1.074822545e-01 -3.229032829e-02 -2.523020655e-02 1.405328214e-01 -4.924431443e-02 5.885740742e-02 1.775146127e-01 7.648654282e-02 -7.442170382e-02 -7.261233404e-03 -1.467950344e-01 4.105955362e-02 -1.214825436e-01 -8.642588556e-02 8.600457758e-02 -1.560452282e-01 1.644862294e-01 7.369412482e-02 3.395244945e-03 -1.778839901e-02 2.265600674e-02 4.142405838e-02 -4.461079463e-02 -7.056779414e-02 -1.366339028e-01 9.113457054e-03 5.151441693e-02 -3.874546662e-02 2.413364314e-02 3.996898234e-02 -9.024961293e-02 1.244301721e-02 2.170418948e-02 -6.117022038e-02 -1.489740312e-01 -6.855556369e-02 1.121182367e-01 -2.538733557e-02
-1.105047166e-01 -1.207459345e-02 -1.646836847e-02 1.006861627e-01 1.406738907e-01 -5.549613386e-02 -2.331068181e-02 9.198320098e-03 2.344554290e-02 2.117301337e-02 1.390440166e-01 -4.172880575e-02 -5.069049820e-02 -1.346522570e-01 4.309452698e-02 7.422259450e-02 9.907495230e-03 2.560494095e-02 1.126009151e-01 2.673134208e-02 -6.773648411e-02 3.375142813e-02 4.488950968e-02 8.184947819e-02 1.928196847e-01 7.158619910e-02 1.279398650e-01 -6.510633230e-02 2.362201177e-02 1.789595485e-01 -2.717508003e-02 9.495849162e-02 1.426264644e-01 1.066293120e-01 -7.696025074e-02 -1.088302583e-03 -1.383234113e-01 4.286025651e-03 -8.268427849e-02 -8.295449615e-02 1.253743470e-01 -1.399415433e-01 1.849847138e-01 5.023701489e-02 3.547847271e-02 -4.847898614e-03 1.562903076e-02 5.912626162e-02 -7.983765006e-02 -7.905435562e-02 -9.598667920e-02 8.076062426e-03 7.199772447e-02 -6.235241890e-02 3.910657763e-02 4.570344836e-02 -1.314775348e-01 -6.074081734e-02 8.773371577e-02 -7.508883625e-02 -1.689728051e-01 -8.327658474e-02 1.032724977e-01 1.863729395e-02 -1.412099153e-01 -3.766842186e-02 3.262766078e-02 1.264479160e-01 1.520672590e-01 -2.139772102e-02 -1.096113864e-02 -1.719468459e-02 1.751694083e-02 -1.420495659e-02 1.524739265e-01 -5.312681571e-02 -6.443850696e-02 -1.457386613e-01 7.297182083e-02 7.581730932e-02 1.277528889e-02 1.433378737e-02 8.247439563e-02 2.835969441e-02 -2.350611426e-02 2.140238509e-02 9.436507523e-02 7.237170637e-02 1.937777996e-01 3.209743276e-02 1.326383203e-01 -3.627334908e-02 -4.040210322e-02 1.397159845e-01 -3.275140002e-02 7.435129583e-02 1.237076744e-01 7.413102686e-02 -9.691638499e-02 9.506368078e-03 -1.573181748e-01 3.980797529e-02 -8.152718842e-02 -1.130376235e-01 9.337355196e-02 -1.787514389e-01 1.719249040e-01 7.841526717e-02 5.178505555e-03 -1.488319878e-02 2.212745696e-02 2.647919022e-02 -8.230070025e-02 -4.761899263e-02 -1.519391537e-01 -2.938335016e-02 6.477615237e-02 -4.128187150e-02 4.782628268e-02 6.507687271e-02 -1.125604808e-01 -2.185899764e-03 6.797876954e-02 -6.031651050e-02 -1.480750293e-01 -7.810193300e-02 1.274804622e-01 -2.137340233e-02 -7.556001097e-02 -3.217093647e-03 -1.342760399e-02 1.228289455e-01 1.064531207e-01 -6.299169362e-02 -4.587355256e-02 1.575121656e-02 -1.422537118e-02 1.361460052e-02 9.036754072e-02 -5.903154239e-02 -4.133585468e-02 -1.465101987e-01 6.910558045e-02 7.335565239e-02 -3.416414559e-02 8.699138463e-02 1.342245936e-01 4.499679804e-02 -6.420072913e-02 8.426784724e-02 3.361830860e-02 1.246428043e-01 1.462354064e-01 5.521302298e-02 1.134736985e-01 -3.716447577e-02 2.459886670e-02 1.458905488e-01 -6.247556955e-02 7.682533562e-02 1.948949993e-01 9.677790105e-02 -4.871512204e-02 -2.790813521e-02 -1.094158292e-01 1.322452165e-02 -1.448102593e-01 -6.196032092e-02 1.075939760e-01 -1.082877815e-01 1.763440222e-01 7.029289752e-02 2.107182052e-03 -5.983709358e-03 2.314738557e-02 5.407418683e-02 -3.963339329e-02 -9.642331302e-02 -9.805734456e-02 4.080162942e-02 4.061730206e-02 -8.984681964e-02 3.447190672e-02 3.279754147e-02 -9.360581636e-02 -5.884001404e-02 3.366052359e-02 -8.715365082e-02 -1.622097492e-01 -8.047076315e-02 8.202163130e-02 3.386540711e-02 -5.799828470e-02 4.879897460e-03 -1.398136932e-02 1.184586510e-01 9.163871408e-02 -7.081187516e-02 -5.705536902e-02 1.011117268e-02 -2.711296268e-02 1.504194830e-02 7.804467529e-02 -5.733530223e-02 -3.283747286e-02 -1.433121711e-01 6.661016494e-02 7.445139438e-02 -4.184128344e-02 1.044001132e-01 1.496516168e-01 4.942809418e-02 -7.618179172e-02 1.040950119e-01 1.887567155e-02 1.405299753e-01 1.261233538e-01 5.923097953e-02 1.006570756e-01 -3.795900196e-02 3.648605570e-02 1.520818174e-01 -7.017198205e-02 7.141166925e-02 2.192495763e-01 1.022930220e-01 -3.953480348e-02 -3.915751353e-02 -1.015764475e-01 3.924424294e-03 -1.598532498e-01 -4.714658856e-02 1.101698130e-01 -9.622977674e-02 1.735762656e-01 6.149334833e-02 6.459427532e-03 -5.905395839e-03 2.484188229e-02 6.662240624e-02 -2.313010395e-02 -1.078458354e-01 -8.502060175e-02 6.117787957e-02 3.667218611e-02 -9.065797180e-02 1.968703233e-02 1.928872429e-02 -8.528395742e-02 -5.910467356e-02 1.688578539e-02 -8.995663375e-02 -1.677701026e-01 -7.896871865e-02 7.164897770e-02 3.358779475e-02 -5.711767450e-02 2.975968877e-03 -5.641299300e-03 1.164750382e-01 9.072001278e-02 -6.678117067e-02 -5.796387419e-02 -9.950473905e-04 -3.047701344e-02 1.017371565e-02 8.098916709e-02 -5.507374182e-02 -3.234457597e-02 -1.416845918e-01 6.775113940e-02 7.645277679e-02 -4.001215845e-02 1.034480631e-01 1.501621306e-01 4.869867489e-02 -7.561790943e-02 1.073785424e-01 2.191810310e-02 1.422365904e-01 1.200616285e-01 5.723783746e-02 9.406273067e-02 -3.882227466e-02 3.254453838e-02 1.544555575e-01 -6.941693276e-02 6.662221998e-02 2.237354070e-01 1.016235054e-01 -4.164187238e-02 -3.802095726e-02 -1.059766635e-01 5.103222094e-03 -1.593362540e-01 -4.726014286e-02 1.083978191e-01 -1.019239128e-01 1.714935750e-01 5.813410506e-02 8.706993423e-03 -7.876263000e-03 2.543279156e-02 6.837943941e-02 -1.855186373e-02 -1.069585234e-01 -8.748227358e-02 6.125856936e-02 3.837032244e-02 -8.134828508e-02 1.252682693e-02 1.624020562e-02 -8.383698761e-02 -4.701464251e-02 1.110747084e-02 -8.633043617e-02 -1.676890552e-01 -7.511549443e-02 7.399070263e-02 2.223514766e-02 -9.421906620e-02 -2.289379016e-02 2.891263738e-02 1.254062951e-01 1.152420342e-01 -3.481099755e-02 -3.741426393e-02 -2.671345137e-02 -1.601100713e-02 -1.396341436e-02 1.136299744e-01 -5.646084994e-02 -5.188767612e-02 -1.441421956e-01 8.131511509e-02 7.793012261e-02 -1.910913177e-02 6.687234342e-02 1.140505224e-01 3.742225096e-02 -4.145286605e-02 7.577942312e-02 6.596384943e-02 1.147539020e-01 1.404101104e-01 3.763955086e-02 1.050112545e-01 -3.433589265e-02 -1.471937820e-02 1.431185901e-01 -5.475593358e-02 5.975694954e-02 1.858605146e-01 8.182580024e-02 -6.826508045e-02 -1.347682253e-02 -1.372115612e-01 3.192616999e-02 -1.289905757e-01 -7.889968902e-02 9.155421704e-02 -1.461818814e-01 1.660285443e-01 7.169320434e-02 3.082023701e-03 -1.607858203e-02 2.413385548e-02 4.613120481e-02 -4.044843838e-02 -7.614041865e-02 -1.289325804e-01 1.842473261e-02 4.911641032e-02 -4.889589548e-02 2.181230672e-02 3.569896519e-02 -8.891537040e-02 -1.543369144e-03 2.195665613e-02 -6.779562682e-02 -1.526215076e-01 -7.031465322e-02 1.043822616e-01 -1.616675779e-02 -9.321889281e-02 -2.434847690e-02 2.326286584e-02 1.282314062e-01 1.145612299e-01 -3.549594060e-02 -3.760609031e-02 -2.082806453e-02 -1.560157444e-02 -1.244247612e-02 1.092889309e-01 -6.012389436e-02 -5.697299540e-02 -1.468106657e-01 8.625928313e-02 7.627452165e-02 -2.299428359e-02 6.781619787e-02 1.094553843e-01 3.684169427e-02 -3.948513046e-02 7.561834902e-02 6.840620935e-02 1.129425541e-01 1.424151212e-01 3.888545558e-02 1.099691615e-01 -3.397618234e-02 -1.126632467e-02 1.400708258e-01 -5.538292602e-02 6.249156594e-02 1.828624010e-01 8.145733923e-02 -6.140424311e-02 -1.145606861e-02 -1.355201602e-01 3.578262404e-02 -1.340631992e-01 -7.759408653e-02 8.926218003e-02 -1.388212889e-01 1.674995273e-01 7.701583207e-02 -4.402047489e-04 -1.612335443e-02 2.252553776e-02 4.180240259e-02 -4.058161005e-02 -8.115323633e-02 -1.294314861e-01 1.677863859e-02 4.732794315e-02 -5.339785293e-02 2.840163372e-02 3.609673306e-02 -8.925215155e-02 -8.408293128e-03 2.302436903e-02 -6.916794926e-02 -1.500193179e-01 -6.999386102e-02 1.033217683e-01 -7.345641032e-03 -1.287742704e-01 -4.832462966e-02 5.084216595e-02 1.395804137e-01 1.360051185e-01 -7.747912779e-03 -1.794062927e-02 -3.724569827e-02 -1.783920452e-04 -3.292364627e-02 1.360942125e-01 -6.513398141e-02 -7.755228877e-02 -1.503526568e-01 1.001988724e-01 7.527870685e-02 -4.717868753e-03 3.457593173e-02 7.257930934e-02 2.696778998e-02 -5.616188049e-03 4.311434925e-02 1.083138436e-01 8.519244939e-02 1.647702157e-01 2.118968777e-02 1.272266954e-01 -2.752269246e-02 -5.449191853e-02 1.263740361e-01 -4.271595925e-02 5.940824747e-02 1.426216513e-01 6.135860458e-02 -8.381099999e-02 9.699374437e-03 -1.621187627e-01 6.100473925e-02 -1.068809181e-01 -1.062469631e-01 7.287721336e-02 -1.745240241e-01 1.626798213e-01 9.315489978e-02 -7.453582715e-03 -2.290939726e-02 2.050741948e-02 1.966644824e-02 -6.452183425e-02 -5.335981771e-02 -1.667835712e-01 -2.309172973e-02 5.506767333e-02 -2.863665298e-02 4.298233986e-02 5.625551194e-02 -9.269136935e-02 2.739712968e-02 3.533295169e-02 -5.363029987e-02 -1.352652311e-01 -6.958217174e-02 1.300364435e-01 -3.496941179e-02 -1.476756930e-01 -6.151557714e-02 5.966981500e-02 1.488330215e-01 1.456473172e-01 4.422034137e-03 -7.999140769e-03 -3.770523146e-02 9.146600030e-03 -4.161918163e-02 1.456794888e-01 -7.228002697e-02 -9.247644246e-02 -1.543531120e-01 1.108266488e-01 7.283648103e-02 2.050550655e-03 1.804246008e-02 4.830526188e-02 2.198870108e-02 1.333517395e-02 2.464553714e-02 1.303308159e-01 6.823378056e-02 1.795667857e-01 1.275212318e-02 1.430497468e-01 -2.288087457e-02 -7.454369962e-02 1.156955212e-01 -3.788816184e-02 6.106090918e-02 1.174693257e-01 5.034107715e-02 -8.983674645e-02 2.081240900e-02 -1.739506721e-01 7.613948733e-02 -9.758795798e-02 -1.199068651e-01 6.252010167e-02 -1.850450188e-01 1.604630500e-01 1.067351028e-01 -1.407258771e-02 -2.609336749e-02 1.756026968e-02 4.788538441e-03 -7.904568315e-02 -4.316408932e-02 -1.865045279e-01 -4.495429248e-02 5.678837746e-02 -2.205169015e-02 5.719377846e-02 6.761860102e-02 -9.376760572e-02 3.708034754e-02 4.308800027e-02 -4.758475348e-02 -1.262288839e-01 -7.174780220e-02 1.421833634e-01 -3.847126663e-02 -7.932296395e-02 -1.821894571e-02 -2.591002733e-03 1.363957673e-01 1.009370834e-01 -4.816021398e-02 -4.435179010e-02 7.288336754e-03 -1.720210165e-02 -5.639418960e-04 8.411904424e-02 -7.225646079e-02 -6.329721957e-02 -1.508883238e-01 9.310327470e-02 6.898981333e-02 -3.941399232e-02 8.751581609e-02 1.085212156e-01 3.998226672e-02 -4.146010429e-02 8.380467445e-02 5.282179639e-02 1.188768521e-01 1.416738927e-01 4.679949209e-02 1.260930002e-01 -2.969413251e-02 6.963253021e-03 1.335827112e-01 -6.269129366e-02 7.422877103e-02 1.862034202e-01 8.234601468e-02 -4.319202900e-02 -2.021876350e-02 -1.219163239e-01 3.595152870e-02 -1.535607874e-01 -6.417698413e-02 8.908891678e-02 -1.059478074e-01 1.703077853e-01 8.681757748e-02 -5.318590440e-03 -1.242082473e-02 1.812315546e-02 4.281048104e-02 -4.095035046e-02 -9.790440649e-02 -1.132347286e-01 3.218580037e-02 3.606537357e-02 -7.900063694e-02 4.270225018e-02 3.427949920e-02 -8.335384727e-02 -3.834797442e-02 2.056681179e-02 -7.863652706e-02 -1.484766752e-01 -8.024398983e-02 9.024909139e-02 3.021195531e-02 -5.108320713e-02 1.681569964e-03 -1.744571701e-02 1.242976785e-01 8.107880503e-02 -6.921244413e-02 -6.100338325e-02 1.211304124e-02 -3.208100796e-02 1.323410403e-02 6.469526887e-02 -6.571927667e-02 -4.326935485e-02 -1.447552294e-01 7.831694186e-02 7.060979307e-02 -4.882949963e-02 1.129957736e-01 1.411860138e-01 4.864533246e-02 -6.987201422e-02 1.104003340e-01 1.814670116e-02 1.426339149e-01 1.192642450e-01 5.975723267e-02 1.077712029e-01 -3.390181065e-02 3.780078888e-02 1.481808126e-01 -7.179708034e-02 7.359762490e-02 2.213895768e-01 9.772586823e-02 -3.050522506e-02 -4.057763517e-02 -1.035146117e-01 1.197268348e-02 -1.706422269e-01 -4.080468416e-02 1.030399725e-01 -8.248635381e-02 1.711545438e-01 6.656243652e-02 5.942763761e-03 -7.349810563e-03 2.101398073e-02 6.665080041e-02 -2.007521503e-02 -1.173769012e-01 -8.090132475e-02 6.702980399e-02 3.127208352e-02 -9.113218635e-02 2.297215909e-02 1.574086770e-02 -7.820488513e-02 -5.706624687e-02 6.202851422e-03 -8.789317310e-02 -1.633439511e-01 -8.180744201e-02 6.911095977e-02 4.266432300e-02 -5.888396129e-02 -1.900177449e-03 -2.981928177e-03 1.201356202e-01 8.691211790e-02 -6.195692345e-02 -5.770967528e-02 -3.213359043e-03 -3.173231333e-02 6.315107457e-03 7.731521130e-02 -6.014717370e-02 -4.064456373e-02 -1.418210119e-01 7.517401874e-02 7.442250103e-02 -3.934928775e-02 1.027317792e-01 1.399617791e-01 4.712361097e-02 -6.838504970e-02 1.060529649e-01 2.653845586e-02 1.391651034e-01 1.192003712e-01 5.492440239e-02 1.002251655e-01 -3.511125594e-02 2.661092207e-02 1.513809264e-01 -6.755012274e-02 6.760908663e-02 2.194337547e-01 9.647432715e-02 -4.154346883e-02 -3.653816506e-02 -1.125933826e-01 1.203217451e-02 -1.599754095e-01 -4.816779122e-02 1.023293957e-01 -9.968017042e-02 1.685406417e-01 6.096464023e-02 9.879052639e-03 -9.310982190e-03 2.269494534e-02 6.686981767e-02 -2.040126361e-02 -1.086374819e-01 -8.914688230e-02 5.958787724e-02 3.684842959e-02 -7.666938007e-02 1.440639608e-02 1.669904776e-02 -8.034958690e-02 -3.946223110e-02 5.803247448e-03 -8.171867579e-02 -1.647680700e-01 -7.773003727e-02 7.621084899e-02 2.301330119e-02 -8.426906168e-02 -1.840387657e-02 2.038005181e-02 1.242691129e-01 1.054085121e-01 -4.114542902e-02 -4.346318543e-02 -2.117492259e-02 -2.173238620e-02 -9.205721319e-03 1.015959606e-01 -5.913362280e-02 -5.128238350e-02 -1.432412565e-01 8.187884092e-02 7.677448541e-02 -2.433808893e-02 7.662897557e-02 1.180210412e-01 3.986569494e-02 -4.777455702e-02 8.455855399e-02 5.647242814e-02 1.206875667e-01 1.334838271e-01 4.200075939e-02 1.049612090e-01 -3.344257921e-02 -3.906162456e-03 1.450058669e-01 -5.727940798e-02 6.246476620e-02 1.946103573e-01 8.496958762e-02 -6.025273725e-02 -1.955521479e-02 -1.329194158e-01 2.833223529e-02 -1.382408142e-01 -7.036662102e-02 9.265151620e-02 -1.315974742e-01 1.656189561e-01 6.864256412e-02 6.266133860e-03 -1.443747059e-02 2.245337330e-02 5.178954452e-02 -3.451715410e-02 -8.720318228e-02 -1.175083220e-01 2.987520583e-02 4.522376508e-02 -5.481091887e-02 1.955650561e-02 2.985417098e-02 -8.583424240e-02 -1.002290845e-02 1.482905634e-02 -6.976309419e-02 -1.560825706e-01 -7.291623205e-02 9.686945379e-02 -4.324480891e-03 -1.216087118e-01 -4.406914860e-02 4.867696017e-02 1.358292252e-01 1.308420300e-01 -1.168452762e-02 -2.178552747e-02 -3.823607415e-02 -4.540123045e-03 -3.019755892e-02 1.316139251e-01 -6.340228021e-02 -7.259023190e-02 -1.481318027e-01 9.627580643e-02 7.674590498e-02 -5.810512230e-03 4.046665132e-02 8.029104769e-02 2.875051275e-02 -1.228164323e-02 5.008314177e-02 1.000073478e-01 9.112113714e-02 1.580557525e-01 2.348228358e-02 1.215112358e-01 -2.838227339e-02 -4.803175479e-02 1.307270229e-01 -4.359765723e-02 5.894036964e-02 1.520934254e-01 6.505307555e-02 -8.312897384e-02 4.918517545e-03 -1.602052599e-01 5.629939958e-02 -1.095423177e-01 -1.019382030e-01 7.607944310e-02 -1.708718687e-01 1.618189365e-01 8.638665080e-02 -2.919448540e-03 -2.157213539e-02 2.037236467e-02 2.645175718e-02 -5.960305408e-02 -5.737045780e-02 -1.585148722e-01 -1.440091431e-02 5.442481488e-02 -2.935422026e-02 3.647539392e-02 5.177105218e-02 -9.198696166e-02 2.592817321e-02 3.016614169e-02 -5.423498154e-02 -1.398239136e-01 -6.992756575e-02 1.259681880e-01 -3.380730748e-02 -5.719890073e-02 -5.221676081e-03 -1.109349728e-02 1.249749064e-01 9.125862271e-02 -5.962862074e-02 -5.442996696e-02 5.443681031e-03 -2.778411470e-02 8.717972785e-03 7.460573316e-02 -6.384531409e-02 -4.710083455e-02 -1.467763931e-01 8.144569397e-02 7.309803367e-02 -4.594337940e-02 1.037882864e-01 1.355419159e-01 4.437440634e-02 -6.113284081e-02 1.035892516e-01 3.022998199e-02 1.364572793e-01 1.240165755e-01 5.531794950e-02 1.062280461e-01 -3.566944972e-02 2.926327288e-02 1.462115198e-01 -6.609050184e-02 7.151991874e-02 2.132019103e-01 9.474287182e-02 -3.724419698e-02 -3.084438294e-02 -1.103285104e-01 2.167342044e-02 -1.615878642e-01 -5.101599172e-02 1.004074588e-01 -9.734059125e-02 1.728309095e-01 6.998296082e-02 2.353765070e-03 -8.932240307e-03 2.088430524e-02 5.854015052e-02 -2.401593700e-02 -1.081755310e-01 -9.154154360e-02 5.459976941e-02 3.569909185e-02 -8.265836537e-02 2.695774846e-02 2.172672749e-02 -8.411146700e-02 -4.570076615e-02 1.198248751e-02 -8.386053145e-02 -1.584298313e-01 -7.524484396e-02 7.841429859e-02 3.098687530e-02 -9.213151038e-02 -2.492010593e-02 2.304586023e-02 1.292773932e-01 1.111419946e-01 -3.407313675e-02 -3.800809383e-02 -2.037284151e-02 -1.669096574e-02 -1.277740113e-02 1.057929695e-01 -6.219993532e-02 -5.891038477e-02 -1.458937079e-01 8.756605536e-02 7.466500252e-02 -2.278925106e-02 7.014222443e-02 1.071304232e-01 3.657992557e-02 -3.686931357e-02 7.558840513e-02 6.622616947e-02 1.130518019e-01 1.411698908e-01 3.816865385e-02 1.130334064e-01 -3.112037107e-02 -1.366250962e-02 1.392293572e-01 -5.435812473e-02 6.363165379e-02 1.824451685e-01 7.913676649e-02 -6.379736960e-02 -1.317960210e-02 -1.375976205e-01 3.701030836e-02 -1.324056983e-01 -7.755236328e-02 8.772217482e-02 -1.383380145e-01 1.659784317e-01 7.662025094e-02 1.604285557e-03 -1.573242992e-02 2.180094086e-02 4.384830594e-02 -4.213025421e-02 -8.022611588e-02 -1.264858991e-01 1.962822117e-02 4.640414938e-02 -5.218606442e-02 2.824272402e-02 3.650945425e-02 -8.673255891e-02 -4.616461694e-03 2.011986636e-02 -6.725400686e-02 -1.498246044e-01 -7.342865318e-02 1.031378061e-01 -6.561711431e-03 -1.070501357e-01 -3.453543037e-02 3.274528682e-02 1.339146495e-01 1.201860681e-01 -2.439483255e-02 -3.041519597e-02 -2.524082735e-02 -1.030018367e-02 -2.021921054e-02 1.163593829e-01 -6.474943459e-02 -6.768639386e-02 -1.481426358e-01 9.356732666e-02 7.456547022e-02 -1.598144695e-02 5.579975620e-02 9.138137102e-02 3.283059970e-02 -2.474308759e-02 6.240890548e-02 8.385995030e-02 1.009904072e-01 1.513211280e-01 3.165867180e-02 1.204707623e-01 -2.930663340e-02 -2.900695428e-02 1.333891898e-01 -5.006075650e-02 6.287620962e-02 1.656217426e-01 7.226532698e-02 -6.980729103e-02 -3.935283050e-03 -1.474020630e-01 4.700101167e-02 -1.239154860e-01 -8.868249506e-02 8.104732633e-02 -1.500599980e-01 1.643781215e-01 8.432564884e-02 -2.344267908e-03 -1.843978837e-02 2.045901306e-02 3.326269239e-02 -5.120192468e-02 -7.162273675e-02 -1.426757574e-01 2.200940624e-03 4.933482036e-02 -4.426028579e-02 3.541459143e-02 4.409871250e-02 -8.907563239e-02 5.545550026e-03 2.593892254e-02 -6.199241802e-02 -1.442299932e-01 -7.251904160e-02 1.132349968e-01 -1.452134922e-02 -1.471153498e-01 -6.176249310e-02 6.354148686e-02 1.470843703e-01 1.453072876e-01 6.413651630e-03 -7.565166801e-03 -4.258062690e-02 8.251672611e-03 -4.279896617e-02 1.471540332e-01 -7.058596611e-02 -9.057991952e-02 -1.526514441e-01 1.087887958e-01 7.391238213e-02 4.447268322e-03 1.791094616e-02 5.019699410e-02 2.159020491e-02 1.377744228e-02 2.494555339e-02 1.289422810e-01 6.921356916e-02 1.771855056e-01 1.146995090e-02 1.400335133e-01 -2.258912660e-02 -7.722896338e-02 1.176594570e-01 -3.608759865e-02 5.948577076e-02 1.194372028e-01 4.982442781e-02 -9.505385906e-02 2.005283162e-02 -1.766899526e-01 7.593950629e-02 -9.318007529e-02 -1.216221154e-01 6.314503402e-02 -1.906468123e-01 1.590626240e-01 1.029234678e-01 -1.114329509e-02 -2.599545568e-02 1.783428155e-02 7.564902306e-03 -7.901211083e-02 -3.947787732e-02 -1.853732765e-01 -4.354892299e-02 5.812037736e-02 -1.725498773e-02 5.300976709e-02 6.750258803e-02 -9.377325326e-02 4.437095672e-02 4.110588133e-02 -4.524043947e-02 -1.275356114e-01 -7.175125927e-02 1.436798573e-01 -4.512390867e-02 -8.275678754e-02 -2.117799409e-02 2.158861607e-03 1.361867338e-01 1.038040742e-01 -4.419292137e-02 -4.196731374e-02 3.044117242e-03 -1.600942574e-02 -3.041915596e-03 8.829706907e-02 -7.163429260e-02 -6.451395899e-02 -1.507081091e-01 9.333994985e-02 6.996025145e-02 -3.621339798e-02 8.307800442e-02 1.055796221e-01 3.843481466e-02 -3.821260110e-02 8.041043580e-02 5.739676207e-02 1.158645451e-01 1.431390494e-01 4.421020299e-02 1.256307065e-01 -2.950259112e-02 1.646757126e-03 1.333260685e-01 -6.033946201e-02 7.284287363e-02 1.830002367e-01 8.081766963e-02 -4.781139642e-02 -1.740655676e-02 -1.262441725e-01 3.889587522e-02 -1.486529559e-01 -6.877718866e-02 8.769990504e-02 -1.130294800e-01 1.692272425e-01 8.658078313e-02 -5.001360551e-03 -1.307842601e-02 1.784904301e-02 4.097806662e-02 -4.306440800e-02 -9.344147891e-02 -1.173479408e-01 2.769074589e-02 3.828246891e-02 -7.385453582e-02 4.231899977e-02 3.617614880e-02 -8.473711461e-02 -3.173279017e-02 2.136663906e-02 -7.590503991e-02 -1.477313787e-01 -7.900767028e-02 9.404759109e-02 2.409212664e-02 -6.972840428e-02 -1.028266642e-02 -2.599318977e-03 1.283337325e-01 9.296521544e-02 -5.537405610e-02 -5.125028640e-02 2.318515442e-03 -2.485105954e-02 2.917238977e-03 7.992672175e-02 -6.691974401e-02 -5.248036608e-02 -1.461280584e-01 8.403915912e-02 7.105460018e-02 -3.873673826e-02 9.489601851e-02 1.230241284e-01 4.373819008e-02 -5.499254540e-02 9.428070486e-02 3.975106776e-02 1.283304691e-01 1.308846027e-01 5.068296939e-02 1.145155802e-01 -3.151310980e-02 1.629434153e-02 1.422592998e-01 -6.527380645e-02 7.125429064e-02 2.023126632e-01 8.926281333e-02 -4.237043858e-02 -2.902212739e-02 -1.175694689e-01 2.357838303e-02 -1.566836536e-01 -5.610804260e-02 9.514752775e-02 -1.021843106e-01 1.685842872e-01 7.399145514e-02 2.790082712e-03 -1.076454483e-02 2.015240863e-02 5.498509109e-02 -3.116093762e-02 -1.036092043e-01 -1.011039019e-01 4.611892998e-02 3.645217419e-02 -7.782407105e-02 2.838801965e-02 2.522678301e-02 -8.114066720e-02 -3.922398761e-02 1.252914593e-02 -7.988899946e-02 -1.571808606e-01 -8.019134402e-02 8.283266425e-02 2.741475776e-02 -1.125046313e-01 -3.733348101e-02 3.845669702e-02 1.359072179e-01 1.208742857e-01 -2.107224241e-02 -2.796233073e-02 -2.797906287e-02 -8.145776577e-03 -2.358363941e-02 1.191896051e-01 -6.616036594e-02 -6.979787350e-02 -1.468854547e-01 9.418792278e-02 7.390991598e-02 -1.217560936e-02 5.267027766e-02 8.597424626e-02 3.228471056e-02 -1.976649277e-02 5.763035268e-02 8.690832555e-02 9.794849157e-02 1.536693573e-01 2.833055146e-02 1.243704334e-01 -2.680076659e-02 -3.752959520e-02 1.316929758e-01 -4.886320978e-02 6.248030439e-02 1.607615650e-01 6.828737259e-02 -7.649159431e-02 -4.126824439e-03 -1.522271633e-01 4.886186123e-02 -1.189020649e-01 -9.224723279e-02 7.901314646e-02 -1.554755718e-01 1.615205407e-01 8.534188569e-02 -9.376434609e-04 -1.925890893e-02 1.976306364e-02 3.289603814e-02 -5.626626313e-02 -6.589838862e-02 -1.466890574e-01 -5.981065333e-04 4.947113618e-02 -4.035498947e-02 3.457944840e-02 4.693289101e-02 -8.715514839e-02 1.265126467e-02 2.544997633e-02 -5.918172002e-02 -1.437602192e-01 -7.594957203e-02 1.166097671e-01 -1.921921223e-02 -8.836208284e-02 -2.281946316e-02 1.394126005e-02 1.318468601e-01 1.065158024e-01 -4.056412727e-02 -4.062729329e-02 -9.733891115e-03 -1.701929420e-02 -8.059758693e-03 9.720555693e-02 -6.698106974e-02 -6.103040650e-02 -1.474312097e-01 8.946519345e-02 7.300542295e-02 -2.819399163e-02 7.558996975e-02 1.059307531e-01 3.834098950e-02 -3.974724561e-02 7.807186246e-02 6.244488060e-02 1.141769066e-01 1.418649107e-01 4.112778232e-02 1.188197583e-01 -3.048705496e-02 -5.553428084e-03 1.371655315e-01 -5.803337693e-02 6.786980480e-02 1.834094971e-01 8.095651120e-02 -5.543149263e-02 -1.647601277e-02 -1.324471980e-01 3.618735075e-02 -1.415843666e-01 -7.258349657e-02 8.791771531e-02 -1.245377585e-01 1.662371010e-01 8.043606579e-02 -2.599553263e-04 -1.451096404e-02 1.922839694e-02 4.292695224e-02 -4.188399017e-02 -8.853603154e-02 -1.225686744e-01 2.375427634e-02 4.226548225e-02 -6.264041364e-02 3.278282285e-02 3.494428098e-02 -8.550626785e-02 -1.916356757e-02 1.933454722e-02 -7.138586044e-02 -1.509828717e-01 -7.651032507e-02 9.803971648e-02 8.935060352e-03 -1.112926602e-01 -3.682354093e-02 3.422923759e-02 1.363759786e-01 1.205375046e-01 -2.330918424e-02 -2.876858041e-02 -2.417445183e-02 -8.505973965e-03 -2.179709077e-02 1.168301851e-01 -6.745720655e-02 -7.078203559e-02 -1.481878310e-01 9.551533312e-02 7.362586260e-02 -1.460866816e-02 5.349545926e-02 8.545081317e-02 3.286042809e-02 -2.142583765e-02 5.860936269e-02 8.738716692e-02 9.780833125e-02 1.545683593e-01 2.993047424e-02 1.256773621e-01 -2.732831612e-02 -3.314429894e-02 1.308391839e-01 -4.998699948e-02 6.408437341e-02 1.606600881e-01 6.976795197e-02 -7.136765122e-02 -3.848783672e-03 -1.496302336e-01 4.892355204e-02 -1.230795979e-01 -9.041818231e-02 7.888583839e-02 -1.500757784e-01 1.627655029e-01 8.748061955e-02 -2.757963492e-03 -1.892899536e-02 1.911872625e-02 3.093809262e-02 -5.502226576e-02 -7.037930191e-02 -1.463148594e-01 -7.698051631e-04 4.840956628e-02 -4.439827055e-02 3.741946444e-02 4.623873904e-02 -8.793132752e-02 5.952408537e-03 2.620662004e-02 -6.107430905e-02 -1.437420100e-01 -7.512696087e-02 1.148864552e-01 -1.323658414e-02 -1.494288594e-01 -6.304530799e-02 6.411223859e-02 1.486333013e-01 1.450688094e-01 6.579143927e-03 -6.726106629e-03 -4.147491604e-02 9.278865531e-03 -4.353018850e-02 1.469087452e-01 -7.258339971e-02 -9.244737029e-02 -1.525698751e-01 1.098996550e-01 7.337993383e-02 5.113111809e-03 1.685068756e-02 4.647519439e-02 2.177615836e-02 1.546363905e-02 2.282015979e-02 1.307296753e-01 6.741140783e-02 1.790698171e-01 1.049304754e-02 1.434942186e-01 -2.130838484e-02 -7.930707932e-02 1.161022186e-01 -3.633648530e-02 6.044824049e-02 1.166681051e-01 4.848271608e-02 -9.587240219e-02 1.955239847e-02 -1.778964102e-01 7.696068287e-02 -9.310527146e-02 -1.223592460e-01 6.191285700e-02 -1.900279522e-01 1.577992141e-01 1.048612595e-01 -1.114987768e-02 -2.619259618e-02 1.671040058e-02 6.340125576e-03 -8.140888810e-02 -3.911634535e-02 -1.873012334e-01 -4.489824548e-02 5.728781596e-02 -1.781170815e-02 5.403779820e-02 6.860501319e-02 -9.289953113e-02 4.390951991e-02 4.092307389e-02 -4.483442754e-02 -1.276144683e-01 -7.371284813e-02 1.443955153e-01 -4.359950870e-02 -1.607736647e-01 -7.091125846e-02 6.551747024e-02 1.558900774e-01 1.502077579e-01 1.187821664e-02 -1.257682685e-03 -3.642363101e-02 1.551109459e-02 -4.726997018e-02 1.502321213e-01 -7.922368497e-02 -1.033523306e-01 -1.563902795e-01 1.179130748e-01 7.086496055e-02 7.188133895e-03 7.572161965e-03 2.951727249e-02 1.917473786e-02 2.659749240e-02 1.136201806e-02 1.444519907e-01 5.603944883e-02 1.899663806e-01 6.256391294e-03 1.565378606e-01 -1.809736714e-02 -8.900637925e-02 1.076754183e-01 -3.504665941e-02 6.337217987e-02 9.973672032e-02 4.228549078e-02 -9.540628642e-02 2.628480643e-02 -1.830280125e-01 8.652632684e-02 -9.138627350e-02 -1.293528676e-01 5.489983037e-02 -1.909805536e-01 1.569653451e-01 1.161719263e-01 -1.725639962e-02 -2.784995176e-02 1.401081309e-02 -4.631517455e-03 -9.086356312e-02 -3.634264693e-02 -1.993193626e-01 -5.855790526e-02 5.702393129e-02 -1.854916848e-02 6.656847894e-02 7.564846426e-02 -9.328591824e-02 4.284955189e-02 4.663065076e-02 -4.311801121e-02 -1.215320006e-01 -7.604244351e-02 1.501479298e-01 -3.844658658e-02 -1.168608218e-01 -4.128329083e-02 2.281028405e-02 1.478967369e-01 1.197794825e-01 -2.494165301e-02 -2.642783523e-02 -4.711389542e-03 -2.537641674e-03 -1.974074543e-02 1.085886806e-01 -7.995923609e-02 -8.428373933e-02 -1.540158391e-01 1.063877344e-01 6.766645610e-02 -2.064538747e-02 5.382392183e-02 6.805275381e-02 3.229325265e-02 -1.196146756e-02 5.109713599e-02 9.355668724e-02 8.947935700e-02 1.662329733e-01 2.961800620e-02 1.469824612e-01 -2.215327136e-02 -3.394528106e-02 1.189444736e-01 -5.296646804e-02 7.299283147e-02 1.455093771e-01 6.430958956e-02 -6.218924001e-02 -1.593476161e-03 -1.476375908e-01 5.783209950e-02 -1.315919310e-01 -9.078940749e-02 7.204371691e-02 -1.347224712e-01 1.633613408e-01 1.043992713e-01 -1.164424978e-02 -1.877989992e-02 1.425282098e-02 2.011670358e-02 -6.538408995e-02 -7.580457628e-02 -1.514158845e-01 -7.232923061e-03 4.241213202e-02 -5.917635933e-02 5.702493340e-02 5.278616399e-02 -8.549613506e-02 -1.151289046e-02 3.128567711e-02 -6.471317261e-02 -1.372006387e-01 -8.283032477e-02 1.142053306e-01 1.106772572e-02 -6.203234941e-02 -5.604997277e-03 -1.618165523e-02 1.321824342e-01 8.467850089e-02 -6.470249593e-02 -5.551569536e-02 1.729510166e-02 -2.617675997e-02 9.613705799e-03 6.623005122e-02 -7.342745364e-02 -5.374418199e-02 -1.473729461e-01 8.569623530e-02 6.796623766e-02 -4.711751640e-02 1.063795909e-01 1.245283037e-01 4.705670103e-02 -5.868460611e-02 9.976462275e-02 2.915344387e-02 1.330759525e-01 1.297340393e-01 5.540666729e-02 1.223791987e-01 -2.935766615e-02 2.752166614e-02 1.398111135e-01 -7.067950815e-02 7.768630236e-02 2.061334848e-01 9.081459045e-02 -3.269136697e-02 -3.658953682e-02 -1.091203094e-01 2.098118886e-02 -1.687339246e-01 -4.724619538e-02 9.636356682e-02 -8.294919133e-02 1.691016555e-01 7.766228169e-02 1.697913744e-03 -8.503404446e-03 1.729626581e-02 5.746257305e-02 -3.124891594e-02 -1.139552742e-01 -9.168277681e-02 5.609662086e-02 2.951739728e-02 -9.310341626e-02 3.369681165e-02 2.322238497e-02 -7.733745128e-02 -5.754783377e-02 9.769780561e-03 -8.592481911e-02 -1.589031219e-01 -8.674376458e-02 7.470031083e-02 4.832283407e-02 -5.596552044e-02 -1.319767907e-04 -1.014707051e-02 1.231309175e-01 8.171337843e-02 -6.724385172e-02 -5.971272662e-02 5.793187302e-03 -3.213292733e-02 9.726787917e-03 6.917096674e-02 -6.530123949e-02 -4.263586551e-02 -1.423633993e-01 7.645808905e-02 7.215475291e-02 -4.327385128e-02 1.085041314e-01 1.384648532e-01 4.916553199e-02 -6.952465326e-02 1.076270193e-01 2.140548453e-02 1.405856013e-01 1.196953058e-01 5.688956007e-02 1.071858928e-01 -3.277175128e-02 3.147685528e-02 1.491836160e-01 -7.080204040e-02 7.183139771e-02 2.199888676e-01 9.661559761e-02 -3.678963706e-02 -4.146508500e-02 -1.087191477e-01 1.100406609e-02 -1.665358692e-01 -4.365059361e-02 1.020990536e-01 -8.842696249e-02 1.676002145e-01 6.384242326e-02 9.661387652e-03 -8.034371771e-03 2.025989816e-02 6.782610714e-02 -2.215363830e-02 -1.142573953e-01 -8.479861170e-02 6.460763514e-02 3.267598525e-02 -8.541909605e-02 1.777777635e-02 1.601951197e-02 -7.738441974e-02 -5.012875423e-02 3.728485899e-03 -8.468771726e-02 -1.661729813e-01 -8.305014670e-02 7.186865062e-02 3.590999544e-02 -3.314059600e-02 1.336533576e-02 -2.192302048e-02 1.132656187e-01 7.139268517e-02 -8.043517172e-02 -7.035596669e-02 8.146198466e-03 -4.209411889e-02 2.020708099e-02 5.759282038e-02 -5.849812180e-02 -2.755726874e-02 -1.393911391e-01 6.628484279e-02 7.550614327e-02 -5.189380795e-02 1.259673685e-01 1.646416634e-01 5.393769965e-02 -8.924809098e-02 1.276510656e-01 -1.608166844e-03 1.579279602e-01 1.029852405e-01 6.643813103e-02 8.958113939e-02 -3.863841668e-02 5.607843027e-02 1.602948755e-01 -7.562001050e-02 7.050001621e-02 2.459025681e-01 1.090227813e-01 -2.716823295e-02 -5.223469436e-02 -9.492068738e-02 -3.164410591e-03 -1.778502762e-01 -2.891865745e-02 1.131624281e-01 -7.508951426e-02 1.710745692e-01 4.928731918e-02 1.547782589e-02 -4.369469825e-03 2.266485989e-02 8.242619038e-02 -5.269921385e-03 -1.272053123e-01 -6.255165488e-02 8.720895648e-02 3.087180108e-02 -9.292692691e-02 5.308686756e-03 3.586738370e-03 -7.772581279e-02 -6.253991276e-02 -3.878097050e-03 -9.168972075e-02 -1.751750857e-01 -7.855778188e-02 5.858682841e-02 4.205248877e-02 -2.116419189e-02 2.059410140e-02 -2.562906966e-02 1.058186740e-01 6.765325367e-02 -8.579440415e-02 -7.582133263e-02 5.240393803e-03 -4.813036695e-02 2.458612993e-02 5.473010615e-02 -5.212791637e-02 -1.750827953e-02 -1.372898519e-01 5.955702811e-02 7.853006572e-02 -5.484676734e-02 1.334317625e-01 1.806291640e-01 5.609457940e-02 -1.007030308e-01 1.388947517e-01 -1.281586476e-02 1.674108058e-01 9.298093617e-02 7.117293775e-02 7.592158020e-02 -4.289487749e-02 6.837320328e-02 1.678040028e-01 -7.703327388e-02 6.785764545e-02 2.609641552e-01 1.164191589e-01 -2.368380688e-02 -5.649518967e-02 -8.855253458e-02 -1.142320130e-02 -1.815566570e-01 -2.211061679e-02 1.196056753e-01 -7.241857797e-02 1.735214144e-01 3.919422626e-02 1.923491061e-02 -2.745868172e-03 2.525598370e-02 9.088604897e-02 5.582656711e-03 -1.325860023e-01 -5.127163976e-02 9.827847034e-02 3.183446825e-02 -9.326242656e-02 -3.635783680e-03 -3.458458930e-03 -7.911404967e-02 -6.504132599e-02 -7.683041506e-03 -9.441605210e-02 -1.800443083e-01 -7.362660766e-02 5.263450369e-02 3.981114924e-02 -3.197609261e-02 1.421015151e-02 -1.330070850e-02 1.048253328e-01 7.750561088e-02 -7.545495778e-02 -6.998825818e-02 -6.997803226e-03 -4.505509138e-02 1.687599160e-02 6.868570298e-02 -4.815893248e-02 -1.940711774e-02 -1.373273879e-01 6.078737602e-02 8.090865612e-02 -4.701570794e-02 1.207108796e-01 1.742765307e-01 5.271324888e-02 -9.399472922e-02 1.312118173e-01 7.168576121e-04 1.604189575e-01 9.774286300e-02 6.574701518e-02 7.261013240e-02 -4.375709593e-02 5.519593507e-02 1.671448648e-01 -7.158022374e-02 6.345005333e-02 2.528067231e-01 1.129232943e-01 -3.291161358e-02 -4.747449234e-02 -9.791666269e-02 -5.978805479e-03 -1.704019755e-01 -3.221714869e-02 1.163226888e-01 -9.042344987e-02 1.733315140e-01 3.986276314e-02 1.835041679e-02 -5.267099943e-03 2.695551701e-02 8.536919951e-02 2.304806374e-03 -1.224380210e-01 -6.370641291e-02 8.499383926e-02 3.754637763e-02 -8.042907715e-02 -4.352876917e-03 1.257071272e-03 -8.289548755e-02 -4.861789942e-02 -3.526201239e-03 -8.847368509e-02 -1.764733344e-01 -6.846702844e-02 6.223200262e-02 2.239420265e-02 -5.612499639e-02 -1.065423712e-03 5.798852071e-03 1.102185771e-01 9.490933269e-02 -5.627529323e-02 -5.683569610e-02 -2.073834836e-02 -3.528206795e-02 2.979864366e-03 8.996985853e-02 -4.822924361e-02 -3.108340874e-02 -1.399389952e-01 6.885570288e-02 8.161247522e-02 -3.470804170e-02 9.707902372e-02 1.523787677e-01 4.575588182e-02 -7.393220812e-02 1.109427661e-01 2.893597819e-02 1.427364647e-01 1.127814204e-01 5.451317132e-02 7.963611931e-02 -4.174833372e-02 2.745038830e-02 1.595854312e-01 -6.244953722e-02 5.988045782e-02 2.281770408e-01 1.016225815e-01 -4.770161211e-02 -3.069873154e-02 -1.154853627e-01 9.927602485e-03 -1.518274546e-01 -5.212214589e-02 1.064245105e-01 -1.174249947e-01 1.718800813e-01 4.991016909e-02 1.291596144e-02 -1.004649326e-02 2.707247809e-02 6.973069161e-02 -1.140148379e-02 -1.036595851e-01 -9.021257609e-02 5.672357231e-02 4.455766827e-02 -6.278915703e-02 3.876805305e-03 1.420927513e-02 -8.769904822e-02 -2.416487597e-02 6.362315267e-03 -7.827040553e-02 -1.664788276e-01 -6.461701542e-02 8.079455793e-02 5.469676107e-04 -8.598128706e-02 -2.062326297e-02 2.605213411e-02 1.201721430e-01 1.143795252e-01 -3.402476385e-02 -4.042724147e-02 -3.196353093e-02 -2.184310928e-02 -1.290807780e-02 1.121912971e-01 -5.227846652e-02 -4.881679267e-02 -1.443306059e-01 8.117324859e-02 8.049106598e-02 -2.136461437e-02 6.947641075e-02 1.218277365e-01 3.728003055e-02 -4.649410769e-02 8.410623670e-02 6.317906082e-02 1.195509136e-01 1.331408918e-01 4.082387313e-02 9.457332641e-02 -3.747627884e-02 -6.401497871e-03 1.475437135e-01 -5.238867179e-02 5.800263584e-02 1.943496466e-01 8.591882139e-02 -6.340400130e-02 -1.137132850e-02 -1.358186007e-01 3.139572591e-02 -1.312317848e-01 -7.572597265e-02 9.295190126e-02 -1.452994496e-01 1.695593148e-01 6.574905664e-02 4.662738182e-03 -1.562353410e-02 2.566463687e-02 4.900624976e-02 -3.108923696e-02 -8.190628141e-02 -1.223701164e-01 2.211527526e-02 5.092016235e-02 -4.520282149e-02 1.862113364e-02 3.131135553e-02 -9.197239578e-02 1.201301813e-03 1.894697547e-02 -6.684901565e-02 -1.530985683e-01 -6.308957934e-02 1.025912985e-01 -1.939669065e-02 -1.276470125e-01 -4.879054800e-02 5.448513478e-02 1.358549744e-01 1.399115175e-01 -3.081971779e-03 -1.702667400e-02 -4.563317448e-02 -1.996153966e-03 -3.507505357e-02 1.415414810e-01 -6.026158482e-02 -7.495525479e-02 -1.503931731e-01 9.893038124e-02 7.816503942e-02 -2.379287034e-03 3.147195280e-02 7.729057968e-02 2.538976632e-02 -5.632270128e-03 4.485027492e-02 1.099447384e-01 8.612710238e-02 1.617516577e-01 2.077069134e-02 1.186266541e-01 -2.994260006e-02 -5.524659902e-02 1.294515133e-01 -3.876280412e-02 5.620766804e-02 1.448968202e-01 6.220164895e-02 -8.639209718e-02 1.396171935e-02 -1.646469980e-01 6.249643117e-02 -1.019255146e-01 -1.089924723e-01 7.351376116e-02 -1.831452250e-01 1.648564339e-01 8.826414496e-02 -6.525193341e-03 -2.326880954e-02 2.257331088e-02 2.058888972e-02 -6.099733710e-02 -5.043185130e-02 -1.665798873e-01 -2.558771893e-02 5.882161483e-02 -2.109354548e-02 4.067331925e-02 5.610566959e-02 -9.634926915e-02 3.673385829e-02 3.588787466e-02 -5.075143278e-02 -1.342781186e-01 -6.351219118e-02 1.330501586e-01 -4.545029625e-02 -1.530355662e-01 -6.615491211e-02 6.594583392e-02 1.487997174e-01 1.526356041e-01 1.255265251e-02 -3.700375557e-03 -4.496669397e-02 1.111995894e-02 -4.626549035e-02 1.540186107e-01 -7.011667639e-02 -9.486748278e-02 -1.558296084e-01 1.128319949e-01 7.432485372e-02 6.292250007e-03 9.907267988e-03 4.505181685e-02 1.884468645e-02 1.999496110e-02 1.959187537e-02 1.387158185e-01 6.348090619e-02 1.820285320e-01 9.496080689e-03 1.408808082e-01 -2.356335707e-02 -8.223235607e-02 1.148277968e-01 -3.295017406e-02 5.860168487e-02 1.108793914e-01 4.724229127e-02 -9.438525140e-02 2.824611589e-02 -1.795996279e-01 8.226653934e-02 -8.968830109e-02 -1.269763410e-01 5.995602161e-02 -1.966302097e-01 1.618372947e-01 1.070633978e-01 -1.589083672e-02 -2.747428603e-02 1.878362708e-02 6.412342191e-04 -8.110684901e-02 -3.624910489e-02 -1.929510385e-01 -5.440688133e-02 6.079985946e-02 -1.339609176e-02 6.013103575e-02 7.154480368e-02 -9.723922610e-02 4.849972576e-02 4.686701670e-02 -4.338286817e-02 -1.220556274e-01 -6.724155694e-02 1.488783062e-01 -4.925430939e-02 -8.279185742e-02 -2.099900693e-02 -5.387291312e-04 1.371943355e-01 1.050864905e-01 -4.348632321e-02 -4.189486057e-02 5.252026021e-03 -1.564005949e-02 -2.810470760e-03 8.823814243e-02 -7.173365355e-02 -6.579314172e-02 -1.524835527e-01 9.526181221e-02 6.910040230e-02 -3.791470453e-02 8.295359462e-02 1.052744165e-01 3.794298694e-02 -3.693849221e-02 8.048918843e-02 5.836957693e-02 1.154224426e-01 1.442511976e-01 4.507701099e-02 1.265999675e-01 -2.984821983e-02 2.674356103e-03 1.319998801e-01 -5.995249748e-02 7.354468107e-02 1.811076999e-01 8.026196063e-02 -4.453745112e-02 -1.512112468e-02 -1.247214153e-01 4.019772261e-02 -1.498404145e-01 -6.821065396e-02 8.706584573e-02 -1.112320870e-01 1.717230529e-01 8.889365196e-02 -7.633298170e-03 -1.316890121e-02 1.885435358e-02 3.918483481e-02 -4.261139780e-02 -9.438649565e-02 -1.171874776e-01 2.625712752e-02 3.805387765e-02 -7.555659115e-02 4.645527899e-02 3.713945299e-02 -8.531345427e-02 -3.356547654e-02 2.376475185e-02 -7.669466734e-02 -1.450446546e-01 -7.814233005e-02 9.384252131e-02 2.641163021e-02 -1.244160086e-01 -4.554290324e-02 4.165692255e-02 1.433883607e-01 1.277651191e-01 -1.257636584e-02 -2.130242623e-02 -2.535930648e-02 -1.319416799e-03 -2.859607898e-02 1.245583296e-01 -7.109910995e-02 -8.066450804e-02 -1.506309211e-01 1.025623903e-01 7.082075626e-02 -9.994789958e-03 4.318961874e-02 6.988759339e-02 2.859110758e-02 -5.667805672e-03 4.533253238e-02 1.009168625e-01 8.686070144e-02 1.646056175e-01 2.341555618e-02 1.365104616e-01 -2.359136194e-02 -5.039700493e-02 1.232502460e-01 -4.572324455e-02 6.441093981e-02 1.428277344e-01 6.008206680e-02 -7.887395471e-02 4.380060360e-03 -1.581651270e-01 5.947379023e-02 -1.132101566e-01 -1.006815284e-01 7.194183022e-02 -1.612378955e-01 1.621025801e-01 9.695927799e-02 -7.552253082e-03 -2.134615555e-02 1.889036223e-02 2.175936475e-02 -6.628341973e-02 -5.863433331e-02 -1.590483636e-01 -1.503655687e-02 5.009502545e-02 -3.810972348e-02 4.694770649e-02 5.549769476e-02 -8.757650107e-02 1.778408140e-02 3.265244514e-02 -5.617890134e-02 -1.354628950e-01 -7.757600397e-02 1.242183894e-01 -1.953399554e-02 -6.379644573e-02 -8.131891489e-03 -1.001023129e-02 1.303850710e-01 9.014000744e-02 -5.841857567e-02 -5.276713893e-02 1.006194949e-02 -2.467890829e-02 7.057085633e-03 7.326032221e-02 -6.904870272e-02 -5.312002078e-02 -1.474224180e-01 8.523119986e-02 6.987074018e-02 -4.461841658e-02 1.015854031e-01 1.255023330e-01 4.384525865e-02 -5.506406352e-02 9.736536443e-02 3.394536301e-02 1.312416494e-01 1.296395361e-01 5.293799192e-02 1.167152077e-01 -3.171706572e-02 2.208946273e-02 1.412182897e-01 -6.686760485e-02 7.387487590e-02 2.045035958e-01 8.977757394e-02 -3.844691813e-02 -3.072880954e-02 -1.132152826e-01 2.439225093e-02 -1.610923111e-01 -5.319720507e-02 9.647054970e-02 -9.521997720e-02 1.703113168e-01 7.612203062e-02 8.947770111e-04 -9.613241069e-03 1.930285059e-02 5.536412075e-02 -3.095822223e-02 -1.061719581e-01 -9.576340020e-02 5.088844895e-02 3.376124054e-02 -8.473893255e-02 3.200139105e-02 2.506083995e-02 -8.076076210e-02 -4.620750248e-02 1.286094636e-02 -8.285430074e-02 -1.561489999e-01 -8.144813031e-02 7.980193198e-02 3.601541743e-02 -8.984653652e-02 -2.260501869e-02 1.877907850e-02 1.309177577e-01 1.056618392e-01 -3.897545487e-02 -4.063580930e-02 -1.390292309e-02 -1.745843142e-02 -9.903496131e-03 9.923645854e-02 -6.541717052e-02 -5.935448408e-02 -1.453861594e-01 8.747015893e-02 7.284059376e-02 -2.516357042e-02 7.500351965e-02 1.066750884e-01 3.829952329e-02 -3.921246529e-02 7.737731189e-02 6.125996262e-02 1.145878062e-01 1.405480802e-01 3.968186677e-02 1.173890159e-01 -2.952448092e-02 -1.024907082e-02 1.384695023e-01 -5.745974556e-02 6.601336598e-02 1.840759069e-01 7.961270958e-02 -6.045591831e-02 -1.775131002e-02 -1.349101514e-01 3.423856944e-02 -1.376263052e-01 -7.357200235e-02 8.813486248e-02 -1.293670386e-01 1.643915176e-01 7.754146308e-02 2.420023084e-03 -1.490895078e-02 2.036340348e-02 4.596831650e-02 -4.257384688e-02 -8.457657695e-02 -1.223499551e-01 2.491467260e-02 4.326102138e-02 -5.834635720e-02 2.845226787e-02 3.478719667e-02 -8.365079015e-02 -1.222409308e-02 1.766819321e-02 -6.944806874e-02 -1.517865509e-01 -7.825292647e-02 9.894679487e-02 2.797910944e-03 -4.466564581e-02 4.421915859e-03 -1.736358926e-02 1.197768077e-01 7.986256480e-02 -7.091336697e-02 -6.296752393e-02 8.660469204e-03 -3.487070650e-02 1.540728100e-02 6.416280568e-02 -6.192022562e-02 -3.775939345e-02 -1.430096179e-01 7.402049005e-02 7.339190692e-02 -4.965490848e-02 1.162420958e-01 1.496040970e-01 4.909302294e-02 -7.515272498e-02 1.155661345e-01 1.312012225e-02 1.472356468e-01 1.136037856e-01 6.112450361e-02 9.930377454e-02 -3.663473576e-02 4.293550178e-02 1.528751701e-01 -7.152092457e-02 7.151257992e-02 2.295324802e-01 1.016652733e-01 -3.163437545e-02 -4.227895290e-02 -1.020796001e-01 8.824183606e-03 -1.704176664e-01 -3.953578696e-02 1.067737639e-01 -8.454636484e-02 1.715015620e-01 6.028016284e-02 8.740228601e-03 -6.503582466e-03 2.160192467e-02 7.066744566e-02 -1.501329057e-02 -1.179584265e-01 -7.616246492e-02 7.211901248e-02 3.267375752e-02 -8.912286907e-02 1.642304659e-02 1.239866950e-02 -8.011760563e-02 -5.535833165e-02 3.793330863e-03 -8.824401349e-02 -1.667777747e-01 -7.819563895e-02 6.760924309e-02 3.851859272e-02
z 4 640
-9.301066399e-02 7.137852907e-02 -2.817068622e-02 -3.915713727e-02 1.095177084e-01 4.322960973e-03 -1.063591093e-01 1.038117614e-02 -4.249399155e-02 5.336828530e-03 -9.874758124e-02 3.935059160e-02 -9.680405259e-02 -1.015011594e-02 6.841817498e-02 -2.597503364e-03 -8.671216667e-02 6.404542923e-02 -2.136316337e-02 -4.147990793e-02 9.742440283e-02 2.916768566e-02 -1.002470478e-01 8.895010687e-03 -5.513590574e-02 1.472387090e-02 -8.846482635e-02 4.918360710e-02 -8.507461846e-02 -1.562057063e-02 5.783674866e-02 -4.940312356e-03 -9.252305329e-02 6.841529161e-02 -2.611277439e-02 -3.890709952e-02 9.977826476e-02 2.086713910e-02 -9.727868438e-02 9.061130695e-03 -5.132064596e-02 1.537651941e-02 -9.434382617e-02 4.951444268e-02 -8.293127269e-02 -1.330123469e-02 6.339158118e-02 -7.159391418e-03 -9.086185694e-02 6.785143912e-02 -2.536051720e-02 -3.942447901e-02 9.743155539e-02 2.618796378e-02 -9.598879516e-02 8.946959861e-03 -5.422440916e-02 1.823618636e-02 -9.246276319e-02 5.127405375e-02 -7.991222292e-02 -1.364426315e-02 6.128422171e-02 -7.445212454e-03 -8.926214278e-02 6.738971919e-02 -2.425630391e-02 -3.940629587e-02 9.536004066e-02 3.219257668e-02 -9.573160112e-02 8.190440945e-03 -5.731321126e-02 2.110105008e-02 -8.965928853e-02 5.293346941e-02 -7.777795196e-02 -1.381269842e-02 5.842653662e-02 -7.341869175e-03 -8.392922580e-02 6.373786926e-02 -1.942981966e-02 -3.984187916e-02 8.936280012e-02 5.018652976e-02 -9.646116197e-02 5.713648163e-03 -6.589764357e-02 2.747376449e-02 -8.029856533e-02 5.703976005e-02 -7.406081259e-02 -1.541028544e-02 4.904995114e-02 -6.338095292e-03 -9.673530608e-02 7.537694275e-02 -3.141098469e-02 -3.491171449e-02 1.022846550e-01 1.674334705e-02 -9.444942325e-02 7.602064870e-03 -4.833121598e-02 1.791881211e-02 -9.811276197e-02 4.896137118e-02 -8.028995991e-02 -9.509116411e-03 6.630331278e-02 -7.872665301e-03 -8.765974641e-02 6.834977120e-02 -2.418631688e-02 -3.884871677e-02 9.404744208e-02 3.686960042e-02 -9.465411305e-02 7.042341866e-03 -5.861598998e-02 2.275929227e-02 -8.759241551e-02 5.289833993e-02 -7.627040893e-02 -1.321569830e-02 5.625216290e-02 -6.518822163e-03 -8.337926865e-02 6.472584605e-02 -1.959941164e-02 -3.902103752e-02 8.863910288e-02 5.290346220e-02 -9.605723619e-02 4.689573310e-03 -6.672367454e-02 2.859475836e-02 -7.875382900e-02 5.704102665e-02 -7.322312891e-02 -1.461918280e-02 4.782707989e-02 -5.926698446e-03 -8.551733196e-02 6.600157917e-02 -2.027560957e-02 -3.671444207e-02 8.883488178e-02 5.397158489e-02 -9.690227360e-02 3.324030899e-03 -6.755064428e-02 3.054587729e-02 -7.718067616e-02 5.799148232e-02 -7.304652035e-02 -1.359619573e-02 4.746671021e-02 -6.348282099e-03 -9.776069224e-02 7.695046067e-02 -3.203830495e-02 -3.296678886e-02 1.017937213e-01 1.926489174e-02 -9.440471232e-02 6.081688218e-03 -4.933783412e-02 1.963022910e-02 -9.587267041e-02 4.930103570e-02 -7.962901890e-02 -8.354391903e-03 6.550130248e-02 -7.848635316e-03 -8.991772681e-02 7.072085142e-02 -2.623454109e-02 -3.722586110e-02 9.531432390e-02 3.376083449e-02 -9.436684102e-02 6.583050825e-03 -5.699498951e-02 2.235796675e-02 -8.855466545e-02 5.185849220e-02 -7.667706907e-02 -1.171921939e-02 5.843849108e-02 -6.755322218e-03 -8.756206930e-02 6.852558255e-02 -2.366773784e-02 -3.779882193e-02 9.252949059e-02 4.143440723e-02 -9.525415301e-02 5.777399056e-03 -6.123714522e-02 2.503998950e-02 -8.436899632e-02 5.410961062e-02 -7.516965270e-02 -1.263338700e-02 5.442514643e-02 -6.573688239e-03 -8.480180055e-02 6.599889696e-02 -2.054645494e-02 -3.770938516e-02 8.892682940e-02 5.258858949e-02 -9.634198248e-02 4.047130235e-03 -6.679344177e-02 2.920146473e-02 -7.821351290e-02 5.703353137e-02 -7.319226116e-02 -1.368021592e-02 4.856565595e-02 -6.102759391e-03 -8.707032353e-02 6.741809100e-02 -2.165408805e-02 -3.587524220e-02 8.982588351e-02 5.132808536e-02 -9.680913389e-02 3.291857429e-03 -6.632771343e-02 2.995862439e-02 -7.819371670e-02 5.724164099e-02 -7.350039482e-02 -1.275875792e-02 4.937950522e-02 -6.479555741e-03 -9.709581733e-02 7.638585567e-02 -3.140059486e-02 -3.311210126e-02 1.006932110e-01 2.185813338e-02 -9.461617470e-02 5.878443830e-03 -5.093926564e-02 2.051219344e-02 -9.418926388e-02 4.986022413e-02 -7.903678715e-02 -8.564177901e-03 6.466177851e-02 -7.777718827e-03 -9.188076854e-02 7.238052040e-02 -2.800050378e-02 -3.656731918e-02 9.703212976e-02 2.895613015e-02 -9.425292909e-02 6.953072734e-03 -5.483766273e-02 2.109538019e-02 -9.090436995e-02 5.080144852e-02 -7.745988667e-02 -1.086095348e-02 6.129299477e-02 -7.109703496e-03 -8.759640157e-02 6.871575862e-02 -2.400349267e-02 -3.809139132e-02 9.284161776e-02 4.022596776e-02 -9.507399797e-02 6.124232896e-03 -6.067263708e-02 2.438124642e-02 -8.510238677e-02 5.363666266e-02 -7.534663379e-02 -1.261733472e-02 5.530881509e-02 -6.529547274e-03 -9.314218163e-02 7.327999175e-02 -2.870244160e-02 -3.613534570e-02 9.830931574e-02 2.599395812e-02 -9.466101229e-02 7.043506019e-03 -5.362705886e-02 2.044098824e-02 -9.257751703e-02 5.071713030e-02 -7.803561538e-02 -1.037348434e-02 6.253403425e-02 -7.418731228e-03 -9.759500623e-02 7.774941623e-02 -3.433977440e-02 -3.591287136e-02 1.048350409e-01 7.482048124e-03 -9.305447340e-02 9.479430504e-03 -4.388067126e-02 1.371733472e-02 -1.032996327e-01 4.561818391e-02 -8.144484460e-02 -8.417643607e-03 7.196395099e-02 -7.940450683e-03 -9.855072945e-02 7.931105793e-02 -3.729815409e-02 -3.760517389e-02 1.086814031e-01 -4.930838943e-03 -9.165486693e-02 1.219812687e-02 -3.741773218e-02 8.160915226e-03 -1.109901816e-01 4.179809988e-02 -8.360160887e-02 -7.912348956e-03 7.819626480e-02 -8.085876703e-03 -9.572923183e-02 7.709805667e-02 -3.562220931e-02 -4.029934853e-02 1.077441424e-01 -4.492983222e-03 -9.138986468e-02 1.375621837e-02 -3.811774403e-02 6.808469072e-03 -1.112633944e-01 4.182983935e-02 -8.336723596e-02 -9.395398200e-03 7.783096284e-02 -7.824849337e-03 -9.650766104e-02 7.783909142e-02 -3.704600036e-02 -4.099459574e-02 1.101659313e-01 -1.126503944e-02 -9.115745127e-02 1.511206385e-02 -3.470970690e-02 4.024524242e-03 -1.155889481e-01 4.019818455e-02 -8.474071324e-02 -9.158752859e-03 8.094349504e-02 -7.857443765e-03 -8.827467263e-02 7.048761845e-02 -2.841960639e-02 -4.420224950e-02 1.016384363e-01 1.117676124e-02 -9.231901169e-02 1.365909260e-02 -4.665665701e-02 1.017557830e-02 -1.033818275e-01 4.635450244e-02 -8.057959378e-02 -1.344188303e-02 6.910964847e-02 -6.745239720e-03 -8.267339319e-02 6.510764360e-02 -2.129870281e-02 -4.436294734e-02 9.397707880e-02 3.471152857e-02 -9.439118207e-02 1.001939829e-02 -5.845851451e-02 1.880578697e-02 -9.047503769e-02 5.301458389e-02 -7.642614841e-02 -1.603825763e-02 5.632191151e-02 -5.957299843e-03 -9.089215100e-02 7.136867940e-02 -2.742819116e-02 -3.965851665e-02 1.002272144e-01 2.057149634e-02 -9.465074539e-02 9.539990686e-03 -5.132294819e-02 1.678718813e-02 -9.716868401e-02 5.039144307e-02 -7.936467230e-02 -1.253690943e-02 6.363416463e-02 -7.031630725e-03 -9.608882666e-02 7.625892758e-02 -3.346988186e-02 -3.813659772e-02 1.063396186e-01 3.921449184e-03 -9.321697056e-02 1.120611187e-02 -4.237246513e-02 1.163342968e-02 -1.063403189e-01 4.554281384e-02 -8.250075579e-02 -1.006558165e-02 7.251454145e-02 -7.552163675e-03 -9.171131253e-02 7.272519916e-02 -2.999565564e-02 -4.053392261e-02 1.024678499e-01 1.226121932e-02 -9.306366742e-02 1.155669335e-02 -4.694509506e-02 1.323762164e-02 -1.018591076e-01 4.715707898e-02 -8.068722486e-02 -1.204740629e-02 6.857517362e-02 -7.097726688e-03 -9.411595762e-02 7.485789806e-02 -3.252760321e-02 -3.989692032e-02 1.052725986e-01 4.672288895e-03 -9.278231114e-02 1.229258161e-02 -4.309637100e-02 1.095592417e-02 -1.061440483e-01 4.530292004e-02 -8.207319677e-02 -1.083995029e-02 7.246368378e-02 -7.467299700e-03 -8.660094440e-02 6.840285659e-02 -2.507027797e-02 -4.240579903e-02 9.728671610e-02 2.595647052e-02 -9.372675419e-02 1.054817531e-02 -5.390756577e-02 1.697476394e-02 -9.469769150e-02 5.049040914e-02 -7.810790092e-02 -1.423332840e-02 6.139285117e-02 -6.419129670e-03 -8.762843907e-02 6.868220866e-02 -2.468888462e-02 -4.073081166e-02 9.658478200e-02 2.949317917e-02 -9.474749863e-02 9.050172754e-03 -5.592111871e-02 1.953350566e-02 -9.221374989e-02 5.212570727e-02 -7.751916349e-02 -1.377276331e-02 5.947165191e-02 -6.697809324e-03 -8.545477688e-02 6.657409668e-02 -2.191483974e-02 -4.017099366e-02 9.298883379e-02 4.063871130e-02 -9.562686086e-02 7.090079598e-03 -6.135826558e-02 2.394020185e-02 -8.583484590e-02 5.491201580e-02 -7.555022836e-02 -1.459477842e-02 5.376365036e-02 -6.311429664e-03 -8.964571357e-02 6.978747994e-02 -2.502807043e-02 -3.769784421e-02 9.582269192e-02 3.399771452e-02 -9.561321139e-02 6.768510677e-03 -5.800953880e-02 2.306895889e-02 -8.871066570e-02 5.356896669e-02 -7.683581859e-02 -1.271490380e-02 5.747515708e-02 -6.929330528e-03 -9.910602868e-02 7.892042398e-02 -3.566917405e-02 -3.518911824e-02 1.072853580e-01 3.103554249e-03 -9.301954508e-02 9.617972188e-03 -4.115135223e-02 1.277840324e-02 -1.061819643e-01 4.488702863e-02 -8.269202709e-02 -8.130002767e-03 7.339452207e-02 -7.856965065e-03 -8.650225401e-02 6.857514381e-02 -2.472684719e-02 -4.071189463e-02 9.546998888e-02 3.217436373e-02 -9.357686341e-02 8.607151918e-03 -5.595709756e-02 1.958255470e-02 -9.091150761e-02 5.106753111e-02 -7.711640745e-02 -1.360668242e-02 5.854473263e-02 -6.052153185e-03 -9.632367641e-02 7.695204020e-02 -3.378401324e-02 -3.716389835e-02 1.055649966e-01 5.802392960e-03 -9.275792539e-02 1.027056854e-02 -4.254311696e-02 1.217947342e-02 -1.051744521e-01 4.513861984e-02 -8.207593858e-02 -9.071547538e-03 7.183519006e-02 -7.518123835e-03 -8.774245530e-02 6.957913190e-02 -2.591615915e-02 -4.088184610e-02 9.711026400e-02 2.676758170e-02 -9.350857139e-02 9.444643743e-03 -5.367245525e-02 1.758722216e-02 -9.382680058e-02 5.012718588e-02 -7.799427211e-02 -1.309213415e-02 6.116290390e-02 -6.476681679e-03 -8.350140601e-02 6.549315155e-02 -2.075353637e-02 -4.096898809e-02 9.124670923e-02 4.435181618e-02 -9.522206336e-02 6.809073500e-03 -6.270284951e-02 2.419587597e-02 -8.405621350e-02 5.504413694e-02 -7.476366311e-02 -1.484784856e-02 5.181489885e-02 -5.970347673e-03 -8.191563189e-02 6.361569464e-02 -1.788729988e-02 -3.927097470e-02 8.745823056e-02 5.734353513e-02 -9.678038210e-02 3.937388770e-03 -6.912228465e-02 3.009569645e-02 -7.634866238e-02 5.868515372e-02 -7.247232646e-02 -1.532150432e-02 4.504472017e-02 -5.706101656e-03 -9.707295895e-02 7.658506930e-02 -3.158587217e-02 -3.365838155e-02 1.023334786e-01 1.848457009e-02 -9.442929178e-02 6.360224448e-03 -4.871753976e-02 1.877265424e-02 -9.682555497e-02 4.928439856e-02 -8.002275229e-02 -8.826721460e-03 6.524997950e-02 -7.545830682e-03
-9.377777576e-02 7.052148879e-02 -2.839376032e-02 -3.671654314e-02 1.112124622e-01 2.624072134e-03 -1.062801331e-01 9.449663572e-03 -3.916095570e-02 4.713380709e-03 -9.973260015e-02 3.739272058e-02 -9.929650277e-02 -9.996384382e-03 6.746658683e-02 -1.848552376e-03 -9.671074152e-02 7.181597501e-02 -3.143320233e-02 -3.839115053e-02 1.088054627e-01 -2.012200654e-03 -9.848934412e-02 1.149724517e-02 -3.790628165e-02 4.603117704e-03 -1.053428948e-01 4.109615833e-02 -9.176243097e-02 -1.121808961e-02 7.375905663e-02 -5.604263395e-03 -8.718232065e-02 6.427496672e-02 -2.292366698e-02 -4.254010320e-02 9.727026522e-02 2.555264905e-02 -9.643960744e-02 1.034966763e-02 -5.278819427e-02 1.397517323e-02 -9.269373864e-02 4.963511229e-02 -8.220682293e-02 -1.571508870e-02 6.060383096e-02 -6.045216694e-03 -8.849658817e-02 6.569436193e-02 -2.336674929e-02 -4.092626274e-02 9.612126648e-02 2.942817658e-02 -9.621667862e-02 9.084816091e-03 -5.558999255e-02 1.816754416e-02 -9.113329649e-02 5.229078978e-02 -7.932637632e-02 -1.478922740e-02 5.903045833e-02 -7.097821683e-03 -8.990764618e-02 6.767007709e-02 -2.468365431e-02 -3.949078172e-02 9.645820409e-02 2.945592254e-02 -9.585592151e-02 8.462018333e-03 -5.587630719e-02 1.995345950e-02 -9.123159945e-02 5.273114890e-02 -7.831370085e-02 -1.377921924e-02 5.940964073e-02 -7.465176284e-03 -9.344729781e-02 7.169818878e-02 -2.869082987e-02 -3.801010549e-02 1.001859605e-01 1.975011081e-02 -9.485395253e-02 9.127852507e-03 -5.089770257e-02 1.766511053e-02 -9.661814570e-02 5.013804883e-02 -7.963384688e-02 -1.181998476e-02 6.475850195e-02 -7.856676355e-03 -9.885706007e-02 7.789595425e-02 -3.605977446e-02 -3.707876429e-02 1.080772281e-01 -1.892387867e-03 -9.270703793e-02 1.160261128e-02 -3.909989446e-02 1.018500701e-02 -1.093002409e-01 4.368010908e-02 -8.346175402e-02 -8.764848113e-03 7.593422383e-02 -8.273275569e-03 -9.040346742e-02 7.130917907e-02 -2.885399014e-02 -4.119085521e-02 1.005761176e-01 1.585565880e-02 -9.288887680e-02 1.149923261e-02 -4.861846566e-02 1.400281489e-02 -9.990793467e-02 4.763068259e-02 -7.982409745e-02 -1.249872521e-02 6.697434187e-02 -7.173312828e-03 -9.545639157e-02 7.589893788e-02 -3.387125954e-02 -3.943781927e-02 1.063413620e-01 1.213081181e-03 -9.251014888e-02 1.249173563e-02 -4.108831286e-02 9.821770713e-03 -1.081293970e-01 4.423375428e-02 -8.262858540e-02 -1.000935584e-02 7.424005121e-02 -7.791671902e-03 -8.551636338e-02 6.755492091e-02 -2.421879582e-02 -4.289107770e-02 9.615994245e-02 2.837410569e-02 -9.360334277e-02 1.038487535e-02 -5.486316979e-02 1.729245484e-02 -9.357228875e-02 5.078961700e-02 -7.760595530e-02 -1.452974975e-02 6.004900858e-02 -6.308577955e-03 -8.842661977e-02 6.933240592e-02 -2.537128702e-02 -4.044938087e-02 9.721474349e-02 2.745246887e-02 -9.463571012e-02 9.135770611e-03 -5.482538417e-02 1.883194223e-02 -9.330078959e-02 5.161932856e-02 -7.785594463e-02 -1.331439987e-02 6.042709947e-02 -6.888138130e-03 -9.514415264e-02 7.529188693e-02 -3.204899281e-02 -3.791892156e-02 1.042771488e-01 9.261805564e-03 -9.360560775e-02 1.034571882e-02 -4.520741478e-02 1.368231140e-02 -1.031123102e-01 4.693710059e-02 -8.139051497e-02 -1.028336212e-02 6.991985440e-02 -7.596289739e-03 -8.356627822e-02 6.581991166e-02 -2.154155821e-02 -4.178534821e-02 9.268727154e-02 4.020948708e-02 -9.450474381e-02 7.913899608e-03 -6.030760333e-02 2.210444957e-02 -8.685516566e-02 5.362208933e-02 -7.570512593e-02 -1.517604664e-02 5.386914685e-02 -5.695333704e-03 -8.433467150e-02 6.565500796e-02 -2.049996145e-02 -3.958431631e-02 9.093236178e-02 4.689224064e-02 -9.597326815e-02 5.729471333e-03 -6.408189237e-02 2.626005188e-02 -8.227331936e-02 5.623880774e-02 -7.442823052e-02 -1.465971395e-02 5.040721223e-02 -6.093036383e-03 -8.923570812e-02 6.929880381e-02 -2.406613901e-02 -3.681892529e-02 9.419697523e-02 3.902120888e-02 -9.600159526e-02 5.496879108e-03 -6.031988561e-02 2.520871721e-02 -8.556287736e-02 5.477405339e-02 -7.592493296e-02 -1.259146631e-02 5.487284437e-02 -6.872612983e-03 -9.372914582e-02 7.338407636e-02 -2.878010087e-02 -3.563106433e-02 9.896537662e-02 2.553578094e-02 -9.487353265e-02 6.883922033e-03 -5.340813845e-02 2.096464299e-02 -9.273471683e-02 5.111020058e-02 -7.834263146e-02 -1.061755046e-02 6.227342412e-02 -7.472496480e-03 -9.502941370e-02 7.505244762e-02 -3.128388897e-02 -3.640424833e-02 1.016436592e-01 1.659903303e-02 -9.376084059e-02 8.652488701e-03 -4.885268211e-02 1.719857007e-02 -9.801477194e-02 4.828359932e-02 -7.980319113e-02 -9.933698922e-03 6.715799868e-02 -7.672172040e-03 -8.689568192e-02 6.838729978e-02 -2.415316179e-02 -3.960782290e-02 9.399016201e-02 3.648631275e-02 -9.449207783e-02 7.511022501e-03 -5.876516923e-02 2.226017788e-02 -8.781291544e-02 5.263716727e-02 -7.610896230e-02 -1.331305131e-02 5.682375282e-02 -6.389433518e-03 -9.157296270e-02 7.200152427e-02 -2.766994014e-02 -3.750918806e-02 9.795911610e-02 2.657448128e-02 -9.461347759e-02 7.738132961e-03 -5.404858291e-02 2.006586082e-02 -9.276573360e-02 5.097158998e-02 -7.797340304e-02 -1.132880151e-02 6.184018403e-02 -7.220515981e-03 -9.568157792e-02 7.588132471e-02 -3.236114979e-02 -3.682052344e-02 1.032226458e-01 1.189070195e-02 -9.350684285e-02 9.425058030e-03 -4.642299190e-02 1.507097110e-02 -1.010242924e-01 4.708153754e-02 -8.069267869e-02 -9.551838040e-03 6.942076236e-02 -7.725853473e-03 -8.914186060e-02 7.044039667e-02 -2.667669952e-02 -3.978168964e-02 9.726747125e-02 2.672076970e-02 -9.392063320e-02 8.997055702e-03 -5.406880006e-02 1.859719679e-02 -9.329727292e-02 5.038262159e-02 -7.786328346e-02 -1.251380518e-02 6.179898232e-02 -6.801418960e-03 -8.928384632e-02 7.020866126e-02 -2.608694509e-02 -3.923215717e-02 9.672399610e-02 2.895664051e-02 -9.458608925e-02 8.338632993e-03 -5.545002967e-02 1.994414441e-02 -9.187734127e-02 5.149141699e-02 -7.747228444e-02 -1.250749454e-02 6.050670892e-02 -6.932348013e-03 -9.506331384e-02 7.532154769e-02 -3.179791197e-02 -3.734499589e-02 1.030885130e-01 1.231921464e-02 -9.367902577e-02 9.623347782e-03 -4.674245790e-02 1.496058516e-02 -1.010127515e-01 4.737985879e-02 -8.067506552e-02 -9.981837124e-03 6.900126487e-02 -7.613610476e-03 -9.004393220e-02 7.114660740e-02 -2.752640843e-02 -3.972030804e-02 9.855867177e-02 2.332037687e-02 -9.387409687e-02 9.457112290e-03 -5.247732624e-02 1.751444861e-02 -9.522788227e-02 4.976908863e-02 -7.853449881e-02 -1.230682805e-02 6.342954189e-02 -6.937351078e-03 -9.080360830e-02 7.158681750e-02 -2.783463895e-02 -3.922380507e-02 9.898430109e-02 2.259447798e-02 -9.417699277e-02 9.279209189e-03 -5.229189992e-02 1.771128364e-02 -9.550477564e-02 4.995667189e-02 -7.867126912e-02 -1.201652735e-02 6.372444332e-02 -7.127109915e-03 -9.200473130e-02 7.258579880e-02 -2.896179818e-02 -3.881823644e-02 1.002527252e-01 1.932240650e-02 -9.406074882e-02 9.539864026e-03 -5.066025630e-02 1.683120802e-02 -9.725965559e-02 4.922300577e-02 -7.930000871e-02 -1.155005768e-02 6.541690230e-02 -7.286986336e-03 -8.342760801e-02 6.547222286e-02 -2.087695710e-02 -4.103561491e-02 9.130862355e-02 4.447361827e-02 -9.519009292e-02 6.932375021e-03 -6.275177747e-02 2.431560494e-02 -8.409119397e-02 5.489064753e-02 -7.479611784e-02 -1.504912600e-02 5.212946236e-02 -5.782580003e-03 -9.482519329e-02 7.495402545e-02 -3.072298318e-02 -3.631603718e-02 1.020571291e-01 1.699966192e-02 -9.417816997e-02 8.209749125e-03 -4.860898852e-02 1.701669767e-02 -9.839111567e-02 4.874136299e-02 -8.010336757e-02 -1.004018262e-02 6.618978083e-02 -7.355742157e-03 -9.211197495e-02 7.279920578e-02 -2.905258909e-02 -3.827293962e-02 1.000211984e-01 2.033575624e-02 -9.381173551e-02 9.034785442e-03 -5.069619045e-02 1.721929759e-02 -9.658766538e-02 4.911827296e-02 -7.921664417e-02 -1.133851334e-02 6.484661996e-02 -7.153760642e-03 -8.617652953e-02 6.770733744e-02 -2.335117012e-02 -4.006849602e-02 9.372013807e-02 3.742668033e-02 -9.476067126e-02 7.523938082e-03 -5.933096260e-02 2.234727331e-02 -8.750407398e-02 5.320689082e-02 -7.601960003e-02 -1.380700991e-02 5.594507232e-02 -6.309626624e-03 -9.673537314e-02 7.695434988e-02 -3.335046023e-02 -3.625955060e-02 1.048209220e-01 8.725129068e-03 -9.334626049e-02 9.373330511e-03 -4.423445836e-02 1.394221559e-02 -1.031359583e-01 4.626805335e-02 -8.155676723e-02 -9.025707841e-03 7.052133977e-02 -7.612563670e-03 -9.220877290e-02 7.324010134e-02 -2.997384593e-02 -3.915185854e-02 1.012070477e-01 1.590167731e-02 -9.317190945e-02 1.016801875e-02 -4.843174294e-02 1.496427692e-02 -9.933015704e-02 4.767703265e-02 -7.993050665e-02 -1.121796295e-02 6.712955236e-02 -7.192509249e-03 -8.717301488e-02 6.874065846e-02 -2.480497956e-02 -4.070190340e-02 9.571329504e-02 3.089782968e-02 -9.421816468e-02 8.826675825e-03 -5.622654036e-02 1.958599873e-02 -9.127016366e-02 5.160067976e-02 -7.711898535e-02 -1.345835626e-02 5.925416201e-02 -6.562920287e-03 -8.433581889e-02 6.591787934e-02 -2.107462101e-02 -4.024336487e-02 9.138580412e-02 4.452564567e-02 -9.560412169e-02 6.487960927e-03 -6.306178123e-02 2.495629899e-02 -8.363574743e-02 5.538763106e-02 -7.470969856e-02 -1.459161565e-02 5.200191960e-02 -6.135731936e-03 -9.665662050e-02 7.660254091e-02 -3.249680623e-02 -3.555805981e-02 1.038965508e-01 1.235398650e-02 -9.386649728e-02 8.396538906e-03 -4.603533447e-02 1.567095332e-02 -1.008879691e-01 4.753539711e-02 -8.099857718e-02 -9.151160717e-03 6.851064414e-02 -7.566541433e-03 -8.497521281e-02 6.700696051e-02 -2.246373519e-02 -4.012653232e-02 9.271243215e-02 4.089587554e-02 -9.452110529e-02 6.885820068e-03 -6.025458872e-02 2.300350741e-02 -8.594576269e-02 5.345939100e-02 -7.563515753e-02 -1.413945481e-02 5.390999466e-02 -5.750728771e-03 -9.641656280e-02 7.675015181e-02 -3.286977485e-02 -3.595820069e-02 1.042008549e-01 1.072957367e-02 -9.331196547e-02 8.807265200e-03 -4.487850517e-02 1.452292129e-02 -1.020041406e-01 4.659982771e-02 -8.128696680e-02 -8.998814970e-03 6.930362433e-02 -7.458938286e-03 -8.431623876e-02 6.668820977e-02 -2.216494828e-02 -4.059952497e-02 9.240708500e-02 4.115594178e-02 -9.427733719e-02 7.023376413e-03 -6.020407006e-02 2.257863060e-02 -8.598196507e-02 5.326845497e-02 -7.556331158e-02 -1.424038038e-02 5.362327024e-02 -5.654240027e-03 -9.233312309e-02 7.282041013e-02 -2.831506170e-02 -3.711666912e-02 9.908505529e-02 2.395234257e-02 -9.434542060e-02 7.652009837e-03 -5.220102519e-02 1.886734925e-02 -9.436055273e-02 5.027925223e-02 -7.867754996e-02 -1.088906452e-02 6.255094707e-02 -7.176402956e-03 -8.668485284e-02 6.797687709e-02 -2.323862351e-02 -3.903463483e-02 9.322415292e-02 3.939826041e-02 -9.503826499e-02 6.586442702e-03 -6.013406068e-02 2.346222475e-02 -8.605669439e-02 5.376482755e-02 -7.574407756e-02 -1.338452101e-02 5.478911847e-02 -6.356712431e-03
-9.133400023e-02 6.394462287e-02 -2.491087653e-02 -3.549540788e-02 1.175652295e-01 1.346069202e-02 -1.010936201e-01 2.023711801e-03 -3.293510154e-02 8.931346238e-04 -8.544988185e-02 4.635434598e-02 -9.354916960e-02 -1.256003603e-02 5.089544877e-02 -3.174282610e-03 -9.980127215e-02 7.102461159e-02 -3.290610015e-02 -3.649254143e-02 1.169235483e-01 -5.498871207e-03 -9.648062289e-02 8.402752690e-03 -2.874858677e-02 -8.426234126e-05 -1.014405787e-01 4.374248534e-02 -8.973556757e-02 -9.196206927e-03 7.089027762e-02 -5.647277460e-03 -9.073169529e-02 6.505821645e-02 -2.531481721e-02 -4.180263355e-02 1.037146300e-01 1.735801250e-02 -9.545674920e-02 1.002090331e-02 -4.472804442e-02 9.300969541e-03 -9.306189418e-02 4.946843535e-02 -8.186388016e-02 -1.352133974e-02 6.342765689e-02 -5.932755768e-03 -9.689299762e-02 7.197430730e-02 -3.195061907e-02 -3.969535232e-02 1.077252403e-01 1.918286085e-03 -9.430271387e-02 1.172668766e-02 -3.906406835e-02 7.680062205e-03 -1.041442156e-01 4.586847872e-02 -8.343427628e-02 -1.046675816e-02 7.294335216e-02 -7.467443123e-03 -9.560631961e-02 7.267621160e-02 -3.229888901e-02 -4.081786424e-02 1.065458059e-01 1.281633973e-03 -9.343098104e-02 1.299128588e-02 -4.025094211e-02 8.243959397e-03 -1.061699837e-01 4.525401443e-02 -8.282572031e-02 -1.096018404e-02 7.403714210e-02 -7.736511528e-03 -8.635263145e-02 6.604146212e-02 -2.370486408e-02 -4.352488369e-02 9.667359293e-02 2.703957632e-02 -9.426955134e-02 1.089704130e-02 -5.392243713e-02 1.637758315e-02 -9.329406917e-02 5.133023113e-02 -7.781669497e-02 -1.496906951e-02 6.068964303e-02 -6.571520120e-03 -8.133181185e-02 6.222485378e-02 -1.790517755e-02 -4.272827506e-02 8.950033784e-02 4.923144355e-02 -9.603525698e-02 7.010967471e-03 -6.510596722e-02 2.529063448e-02 -8.154744655e-02 5.704330653e-02 -7.378272712e-02 -1.668183506e-02 4.876674712e-02 -5.850706249e-03 -8.754607290e-02 6.704249233e-02 -2.201573178e-02 -3.829979151e-02 9.299915284e-02 4.193588719e-02 -9.653152525e-02 5.807158537e-03 -6.184757501e-02 2.565684915e-02 -8.427324891e-02 5.608156323e-02 -7.529132068e-02 -1.390235126e-02 5.282396078e-02 -6.836976856e-03 -9.130933881e-02 7.052063942e-02 -2.570612729e-02 -3.649774566e-02 9.619070590e-02 3.335441276e-02 -9.579709172e-02 6.255787797e-03 -5.752719939e-02 2.363886125e-02 -8.849255741e-02 5.362990499e-02 -7.689322531e-02 -1.214479282e-02 5.784420297e-02 -7.276045159e-03 -9.862764180e-02 7.798874378e-02 -3.451301157e-02 -3.500849009e-02 1.055755764e-01 7.247004658e-03 -9.336167574e-02 9.069754742e-03 -4.351217300e-02 1.462505385e-02 -1.033763736e-01 4.611200094e-02 -8.172106743e-02 -8.498311043e-03 7.148732245e-02 -8.024945855e-03 -8.447207510e-02 6.667713821e-02 -2.239060588e-02 -4.064714164e-02 9.242889285e-02 4.093231633e-02 -9.411980957e-02 7.288818248e-03 -6.012266874e-02 2.279333025e-02 -8.607472479e-02 5.306055397e-02 -7.549379766e-02 -1.433628052e-02 5.403948575e-02 -5.699517205e-03 -9.774816036e-02 7.821004838e-02 -3.470741585e-02 -3.580972552e-02 1.062336564e-01 5.052305758e-03 -9.267288446e-02 9.488678537e-03 -4.153414816e-02 1.237826049e-02 -1.055212021e-01 4.475940764e-02 -8.235018700e-02 -8.194416761e-03 7.210327685e-02 -7.540792227e-03 -9.732099622e-02 7.825596631e-02 -3.609586880e-02 -3.807970136e-02 1.078956127e-01 -2.762965858e-03 -9.162987769e-02 1.207861770e-02 -3.824672848e-02 8.511830121e-03 -1.100055128e-01 4.240150005e-02 -8.338075131e-02 -8.494921029e-03 7.640893757e-02 -7.843315601e-03 -8.597394079e-02 6.852994859e-02 -2.515997924e-02 -4.264352471e-02 9.662062675e-02 2.646384388e-02 -9.293293953e-02 1.041064132e-02 -5.346332490e-02 1.618389226e-02 -9.442466497e-02 4.963845760e-02 -7.788204402e-02 -1.379990950e-02 6.118320674e-02 -6.281681359e-03 -9.482389688e-02 7.568271458e-02 -3.273844719e-02 -3.888249770e-02 1.051520258e-01 5.425058305e-03 -9.283003956e-02 1.126856636e-02 -4.287590832e-02 1.108517684e-02 -1.056630909e-01 4.531403631e-02 -8.202815801e-02 -9.928576648e-03 7.173701376e-02 -7.484428585e-03 -9.591045976e-02 7.678652555e-02 -3.478932381e-02 -3.953809664e-02 1.075266898e-01 -2.135410905e-03 -9.212538600e-02 1.287214365e-02 -3.923425078e-02 8.201090619e-03 -1.099687740e-01 4.317881167e-02 -8.332998306e-02 -9.618707001e-03 7.581181824e-02 -7.688296959e-03 -8.740358800e-02 6.941154599e-02 -2.640781552e-02 -4.281552881e-02 9.881021827e-02 2.057678998e-02 -9.309563041e-02 1.147031318e-02 -5.110071599e-02 1.440443099e-02 -9.772253036e-02 4.886800796e-02 -7.902619243e-02 -1.371951774e-02 6.409023702e-02 -6.550459191e-03 -9.210452437e-02 7.294692099e-02 -2.992770448e-02 -4.034248367e-02 1.026474833e-01 1.185709238e-02 -9.347952902e-02 1.133883279e-02 -4.688288271e-02 1.308866590e-02 -1.021404937e-01 4.746890813e-02 -8.077616245e-02 -1.172110438e-02 6.846939027e-02 -7.245380431e-03 -9.778004140e-02 7.834205031e-02 -3.669672459e-02 -3.886319324e-02 1.100253314e-01 -7.593348622e-03 -9.206938744e-02 1.327468920e-02 -3.621807694e-02 6.808171049e-03 -1.133161783e-01 4.191602021e-02 -8.456771821e-02 -8.929572999e-03 7.841931283e-02 -7.735272869e-03 -8.467389643e-02 6.733566523e-02 -2.412613481e-02 -4.381919652e-02 9.675452113e-02 2.679831907e-02 -9.306574613e-02 1.101898309e-02 -5.367178842e-02 1.577216387e-02 -9.488160908e-02 5.002100021e-02 -7.809604704e-02 -1.497218013e-02 6.058444455e-02 -5.859680474e-03 -8.610967547e-02 6.755414605e-02 -2.341968566e-02 -4.154133052e-02 9.559876472e-02 3.194770589e-02 -9.470494092e-02 8.966161869e-03 -5.691942200e-02 1.964223012e-02 -9.118324518e-02 5.264347047e-02 -7.711774856e-02 -1.437505707e-02 5.777110532e-02 -6.436020136e-03 -9.313020110e-02 7.334898412e-02 -2.958651260e-02 -3.832159191e-02 1.018880904e-01 1.622473076e-02 -9.419530630e-02 9.527097456e-03 -4.886152595e-02 1.598639414e-02 -9.918665886e-02 4.899833351e-02 -8.017556369e-02 -1.131860912e-02 6.610130519e-02 -7.320962846e-03 -9.406447411e-02 7.444996387e-02 -3.138282150e-02 -3.864623606e-02 1.035290435e-01 1.063347980e-02 -9.340479970e-02 1.067334320e-02 -4.604181647e-02 1.383451745e-02 -1.022972167e-01 4.709152132e-02 -8.106607944e-02 -1.087037101e-02 6.937760115e-02 -7.462248206e-03 -8.254809678e-02 6.502498686e-02 -2.068785764e-02 -4.216558859e-02 9.177897871e-02 4.270618781e-02 -9.457831085e-02 7.760311477e-03 -6.155828387e-02 2.283418737e-02 -8.556801081e-02 5.418076366e-02 -7.521584630e-02 -1.559526101e-02 5.256334320e-02 -5.543040112e-03 -9.523840249e-02 7.556678355e-02 -3.168511018e-02 -3.679757193e-02 1.036918610e-01 1.236953586e-02 -9.365683794e-02 9.068983607e-03 -4.598302022e-02 1.493254676e-02 -1.014045030e-01 4.743174464e-02 -8.107111603e-02 -9.874809533e-03 6.808724254e-02 -7.300619036e-03 -9.873925894e-02 7.930120826e-02 -3.719022498e-02 -3.726666421e-02 1.095249504e-01 -5.523249507e-03 -9.184190631e-02 1.198170986e-02 -3.671130165e-02 8.210293949e-03 -1.116555035e-01 4.206448793e-02 -8.415105939e-02 -8.104484528e-03 7.753783464e-02 -7.857648656e-03 -9.823170304e-02 7.940913737e-02 -3.860506415e-02 -3.949290514e-02 1.114958301e-01 -1.358398795e-02 -9.078102559e-02 1.455105934e-02 -3.287721425e-02 4.029821604e-03 -1.166749150e-01 3.940079361e-02 -8.534482121e-02 -8.222371340e-03 8.181393892e-02 -7.968544960e-03 -8.732841909e-02 6.990604848e-02 -2.762551978e-02 -4.408800229e-02 1.004307866e-01 1.459703594e-02 -9.203455597e-02 1.308610383e-02 -4.790376499e-02 1.125669666e-02 -1.014207304e-01 4.678338766e-02 -7.997930050e-02 -1.360802352e-02 6.717232615e-02 -6.554605439e-03 -8.230409026e-02 6.486193836e-02 -2.085493878e-02 -4.399271309e-02 9.308537841e-02 3.726685420e-02 -9.437939525e-02 9.425926022e-03 -5.951312929e-02 1.986394264e-02 -8.891333640e-02 5.346963555e-02 -7.593052089e-02 -1.590218022e-02 5.487674475e-02 -5.950782448e-03 -8.037582785e-02 6.252007186e-02 -1.710129529e-02 -4.172857106e-02 8.823646605e-02 5.423503369e-02 -9.639452398e-02 5.557118915e-03 -6.782627851e-02 2.762846462e-02 -7.898370922e-02 5.829562992e-02 -7.300918549e-02 -1.655962691e-02 4.586119205e-02 -5.600396544e-03 -8.287449181e-02 6.380420923e-02 -1.771040633e-02 -3.823066503e-02 8.771452308e-02 5.830599368e-02 -9.746570885e-02 3.214961849e-03 -6.982257217e-02 3.140585497e-02 -7.543632388e-02 5.975193530e-02 -7.241667807e-02 -1.532507315e-02 4.416237399e-02 -5.939202383e-03 -9.290562570e-02 7.201049477e-02 -2.640734240e-02 -3.416370973e-02 9.640601277e-02 3.512834385e-02 -9.607301652e-02 4.560862668e-03 -5.802704394e-02 2.529237419e-02 -8.694378287e-02 5.416748673e-02 -7.682140172e-02 -1.107473671e-02 5.687344074e-02 -7.279071957e-03 -9.276469052e-02 7.238011062e-02 -2.759992331e-02 -3.528476506e-02 9.708267450e-02 3.102731705e-02 -9.505149722e-02 6.003818475e-03 -5.604739115e-02 2.314942889e-02 -8.937641233e-02 5.224452913e-02 -7.731217891e-02 -1.097602025e-02 5.969636142e-02 -7.280614227e-03 -8.588391542e-02 6.694421917e-02 -2.192109637e-02 -3.770203143e-02 9.053272009e-02 4.819821939e-02 -9.567448497e-02 4.828735255e-03 -6.441145390e-02 2.772595175e-02 -8.069822937e-02 5.566254258e-02 -7.409533113e-02 -1.349675283e-02 5.093774572e-02 -6.103865802e-03 -9.534537792e-02 7.505981624e-02 -3.038945049e-02 -3.457445279e-02 1.000223905e-01 2.277417853e-02 -9.443859756e-02 6.625833921e-03 -5.151919276e-02 2.016123757e-02 -9.418883920e-02 4.992068559e-02 -7.882284373e-02 -9.388271719e-03 6.400539726e-02 -7.573038340e-03 -9.970842302e-02 7.986231148e-02 -3.689217195e-02 -3.516453505e-02 1.074153930e-01 7.502064109e-04 -9.225161374e-02 9.962948970e-03 -3.990726545e-02 1.159945875e-02 -1.071612090e-01 4.351001978e-02 -8.272294700e-02 -7.262218744e-03 7.528307289e-02 -8.152460679e-03 -9.479284286e-02 7.600218058e-02 -3.356051072e-02 -3.902217746e-02 1.044814438e-01 5.363970995e-03 -9.195587039e-02 1.163150650e-02 -4.296136647e-02 1.105568558e-02 -1.051346660e-01 4.434178025e-02 -8.153888583e-02 -9.641144425e-03 7.299555838e-02 -7.706031203e-03 -9.278951585e-02 7.414088398e-02 -3.164757043e-02 -4.047493637e-02 1.031812131e-01 8.305817842e-03 -9.243926406e-02 1.202462520e-02 -4.495844990e-02 1.144157164e-02 -1.038381010e-01 4.552745074e-02 -8.097107708e-02 -1.078637317e-02 7.123629749e-02 -7.530529052e-03 -9.381005168e-02 7.488077134e-02 -3.259214386e-02 -4.042152315e-02 1.048160270e-01 4.348635674e-03 -9.257104993e-02 1.253703516e-02 -4.307560623e-02 1.019183360e-02 -1.062524393e-01 4.489887506e-02 -8.184671402e-02 -1.056844369e-02 7.301034033e-02 -7.610194385e-03 -8.507576585e-02 6.730683148e-02 -2.373253740e-02 -4.304033518e-02 9.559974819e-02 2.999235690e-02 -9.388360381e-02 1.013027038e-02 -5.588584021e-02 1.773109287e-02 -9.258952737e-02 5.130351335e-02 -7.725372910e-02 -1.464695483e-02 5.940318853e-02 -6.229214370e-03
-9.139388800e-02 6.503412127e-02 -2.361145616e-02 -3.351365775e-02 1.073065549e-01 1.933559775e-02 -1.076690108e-01 4.722445272e-03 -4.391815141e-02 1.068466529e-02 -8.884076774e-02 4.096449912e-02 -9.792786092e-02 -1.152567565e-02 5.673352629e-02 -1.268073916e-03 -8.653746545e-02 6.104942039e-02 -1.935632154e-02 -3.793989867e-02 9.585191309e-02 3.969338164e-02 -1.016793251e-01 4.955577664e-03 -5.693076551e-02 1.892614365e-02 -8.136804402e-02 5.158277601e-02 -8.437059820e-02 -1.575931907e-02 5.109963566e-02 -4.107816145e-03 -9.859854728e-02 7.241848856e-02 -3.127792478e-02 -3.508628905e-02 1.051858664e-01 9.825751185e-03 -9.682829678e-02 7.885701023e-03 -4.288287461e-02 1.201734878e-02 -9.966169298e-02 4.656566679e-02 -8.536631614e-02 -1.036436111e-02 6.881882995e-02 -7.224775851e-03 -9.792937338e-02 7.385907322e-02 -3.329898417e-02 -3.760604560e-02 1.057251617e-01 3.347396851e-03 -9.415790439e-02 1.076821517e-02 -4.093147069e-02 9.929148480e-03 -1.047890782e-01 4.495637864e-02 -8.391523361e-02 -1.018817350e-02 7.326010615e-02 -8.111014962e-03 -9.515732527e-02 7.305403799e-02 -3.221643716e-02 -3.989575431e-02 1.042701378e-01 4.894830287e-03 -9.324070811e-02 1.216190215e-02 -4.271855205e-02 1.013628393e-02 -1.049794853e-01 4.533927888e-02 -8.234675974e-02 -1.104385033e-02 7.275422662e-02 -8.148707449e-03 -8.771283925e-02 6.759873033e-02 -2.523220330e-02 -4.236744717e-02 9.687636048e-02 2.504215017e-02 -9.403872490e-02 1.067875791e-02 -5.336977914e-02 1.634338126e-02 -9.464567155e-02 5.047837645e-02 -7.817776501e-02 -1.413307339e-02 6.214141473e-02 -7.136540487e-03 -8.981335163e-02 6.951643527e-02 -2.631428093e-02 -4.045248032e-02 9.797714651e-02 2.404890582e-02 -9.466366470e-02 9.739826433e-03 -5.323437229e-02 1.762497425e-02 -9.491837025e-02 5.097607523e-02 -7.833348215e-02 -1.308949292e-02 6.248405203e-02 -7.423561066e-03 -8.458304405e-02 6.542108953e-02 -2.112125233e-02 -4.098883271e-02 9.195598215e-02 4.207774252e-02 -9.561693668e-02 7.331420667e-03 -6.200741231e-02 2.384538949e-02 -8.522795141e-02 5.516081303e-02 -7.510706782e-02 -1.510521397e-02 5.304297060e-02 -6.407611072e-03 -8.435504884e-02 6.501702964e-02 -1.982878335e-02 -3.910530731e-02 8.987715095e-02 5.002024397e-02 -9.661296010e-02 5.132998340e-03 -6.590533257e-02 2.798220888e-02 -8.027037233e-02 5.738852173e-02 -7.374323905e-02 -1.488911361e-02 4.899341986e-02 -6.283201277e-03 -9.739047289e-02 7.670515776e-02 -3.232634440e-02 -3.439250961e-02 1.033699960e-01 1.477204263e-02 -9.423278272e-02 7.456519641e-03 -4.714141786e-02 1.740819402e-02 -9.918604791e-02 4.840875417e-02 -8.057422936e-02 -9.006813169e-03 6.726720184e-02 -7.730888203e-03 -9.844888747e-02 7.861621678e-02 -3.590010479e-02 -3.627252579e-02 1.071196198e-01 1.266539097e-03 -9.230776131e-02 1.058009360e-02 -4.034750909e-02 1.140836999e-02 -1.071582586e-01 4.389467090e-02 -8.268315345e-02 -8.289664984e-03 7.460668683e-02 -8.006799966e-03 -9.406088293e-02 7.519332319e-02 -3.281875700e-02 -3.955494985e-02 1.042525545e-01 6.118834019e-03 -9.211842716e-02 1.189439651e-02 -4.347844049e-02 1.126973331e-02 -1.048966870e-01 4.481663555e-02 -8.146497607e-02 -1.029304042e-02 7.227858156e-02 -7.620997727e-03 -8.903911710e-02 7.068292797e-02 -2.760794386e-02 -4.152982682e-02 9.913156927e-02 1.974441111e-02 -9.316588193e-02 1.099310350e-02 -5.081944913e-02 1.509535313e-02 -9.766453505e-02 4.862004519e-02 -7.893907279e-02 -1.269598305e-02 6.505449116e-02 -6.992714480e-03 -8.396783471e-02 6.598002464e-02 -2.168902941e-02 -4.198180884e-02 9.274360538e-02 3.911636770e-02 -9.484360367e-02 8.211352862e-03 -6.048519537e-02 2.191139013e-02 -8.716768026e-02 5.387667567e-02 -7.556214929e-02 -1.491647214e-02 5.462989584e-02 -6.178559735e-03 -9.660144150e-02 7.685051858e-02 -3.332287818e-02 -3.679667413e-02 1.055252627e-01 7.058329880e-03 -9.341591597e-02 9.798496030e-03 -4.338419437e-02 1.300637797e-02 -1.044532210e-01 4.610435665e-02 -8.198282123e-02 -9.251441807e-03 7.092605531e-02 -7.523305714e-03 -8.906728029e-02 7.048118114e-02 -2.683593333e-02 -4.029680043e-02 9.832803160e-02 2.413005754e-02 -9.365864098e-02 9.529481642e-03 -5.247953534e-02 1.716039702e-02 -9.515760839e-02 4.981520027e-02 -7.856848836e-02 -1.278210059e-02 6.249304861e-02 -6.625365466e-03 -8.795407414e-02 6.910164654e-02 -2.496365830e-02 -4.002541304e-02 9.611187875e-02 3.068342805e-02 -9.457445145e-02 8.454657160e-03 -5.618855357e-02 2.004271559e-02 -9.124916792e-02 5.197966844e-02 -7.727343589e-02 -1.327108964e-02 5.911345407e-02 -6.683571264e-03 -8.236478269e-02 6.428071111e-02 -1.913960651e-02 -4.041709751e-02 8.928178251e-02 5.111729354e-02 -9.595507383e-02 5.551383831e-03 -6.605310738e-02 2.715975977e-02 -8.020995557e-02 5.686303228e-02 -7.361483574e-02 -1.539934799e-02 4.836829007e-02 -5.691435188e-03 -9.598487616e-02 7.580757141e-02 -3.122442774e-02 -3.504806012e-02 1.023959294e-01 1.723982766e-02 -9.427709877e-02 7.388752885e-03 -4.839358851e-02 1.770392805e-02 -9.795644879e-02 4.890936613e-02 -8.018507063e-02 -9.452112019e-03 6.587867439e-02 -7.442018017e-03 -9.578591585e-02 7.613613456e-02 -3.277089447e-02 -3.687467799e-02 1.038225591e-01 1.031039283e-02 -9.304830432e-02 9.636049159e-03 -4.526018351e-02 1.429295912e-02 -1.019601300e-01 4.644283652e-02 -8.107773960e-02 -9.551987052e-03 6.995194405e-02 -7.627740502e-03 -8.666356653e-02 6.850342453e-02 -2.451180667e-02 -4.054393619e-02 9.499819577e-02 3.299406543e-02 -9.394681454e-02 8.425774984e-03 -5.684042722e-02 2.018698305e-02 -9.010055661e-02 5.162907392e-02 -7.677797973e-02 -1.349182427e-02 5.823361874e-02 -6.332136691e-03 -9.250859171e-02 7.307164371e-02 -2.910886332e-02 -3.801085427e-02 1.001389697e-01 2.008951083e-02 -9.403456002e-02 8.859126829e-03 -5.066258833e-02 1.727385074e-02 -9.668353200e-02 4.930704087e-02 -7.920843363e-02 -1.100050658e-02 6.479931623e-02 -7.323281839e-03 -8.827404678e-02 6.939224899e-02 -2.518386953e-02 -3.950840607e-02 9.577678889e-02 3.159792349e-02 -9.457848966e-02 8.083245717e-03 -5.660016090e-02 2.062203363e-02 -9.049089998e-02 5.200733244e-02 -7.705666125e-02 -1.295059174e-02 5.896604061e-02 -6.715442985e-03 -8.269752562e-02 6.458073854e-02 -1.942603849e-02 -4.002861679e-02 8.915038407e-02 5.140497535e-02 -9.596163034e-02 5.333690904e-03 -6.617563963e-02 2.743911743e-02 -7.986962795e-02 5.678297579e-02 -7.351696491e-02 -1.507670805e-02 4.849635810e-02 -5.726907402e-03 -8.438634872e-02 6.530649960e-02 -1.950125769e-02 -3.753177449e-02 8.858767152e-02 5.494679511e-02 -9.699030221e-02 3.506959416e-03 -6.807686388e-02 3.040722944e-02 -7.697102427e-02 5.830679089e-02 -7.293908298e-02 -1.423009112e-02 4.678925872e-02 -6.064143032e-03 -9.418664873e-02 7.350353897e-02 -2.816559374e-02 -3.397983685e-02 9.778013080e-02 3.039296716e-02 -9.550537169e-02 5.162666552e-03 -5.554052070e-02 2.341788635e-02 -8.957153559e-02 5.249781162e-02 -7.757912576e-02 -1.016168669e-02 5.983354524e-02 -7.420692593e-03 -1.000725180e-01 7.980301976e-02 -3.629063070e-02 -3.402278945e-02 1.066610217e-01 4.322886467e-03 -9.276410937e-02 8.797622286e-03 -4.162980616e-02 1.361229271e-02 -1.047674417e-01 4.478234798e-02 -8.221463114e-02 -7.293630391e-03 7.338432968e-02 -8.119821548e-03 -9.662264585e-02 7.748824358e-02 -3.501010314e-02 -3.775237501e-02 1.057617813e-01 2.865783870e-03 -9.186465293e-02 1.127343904e-02 -4.145510495e-02 1.094032452e-02 -1.062601209e-01 4.372824728e-02 -8.206064254e-02 -8.813288063e-03 7.432334125e-02 -7.900193334e-03 -9.719114006e-02 7.832309604e-02 -3.673088178e-02 -3.912857175e-02 1.084997505e-01 -5.835816264e-03 -9.132726490e-02 1.326479297e-02 -3.718479350e-02 7.010973990e-03 -1.118085980e-01 4.143678397e-02 -8.361594379e-02 -8.531231433e-03 7.851697505e-02 -8.035451174e-03 -9.635071456e-02 7.771796733e-02 -3.675426543e-02 -4.077679664e-02 1.094476208e-01 -9.492672980e-03 -9.111179411e-02 1.474899147e-02 -3.559754789e-02 4.781804979e-03 -1.143819094e-01 4.056166857e-02 -8.431307971e-02 -9.112570435e-03 8.014273643e-02 -7.924553007e-03 -9.309896827e-02 7.469198108e-02 -3.351494670e-02 -4.265754297e-02 1.067930162e-01 -2.968221903e-03 -9.162690490e-02 1.492753159e-02 -3.945989162e-02 6.169211119e-03 -1.109981984e-01 4.267203063e-02 -8.312772959e-02 -1.104504615e-02 7.657948136e-02 -7.507963106e-03 -8.945076168e-02 7.111681998e-02 -2.905000187e-02 -4.362256825e-02 1.024993137e-01 9.398531169e-03 -9.272950888e-02 1.363645401e-02 -4.610831290e-02 1.023907214e-02 -1.042264998e-01 4.646777362e-02 -8.094587177e-02 -1.312696934e-02 6.991736591e-02 -6.995186210e-03 -8.635204285e-02 6.795880944e-02 -2.473484911e-02 -4.342332855e-02 9.786170721e-02 2.392997965e-02 -9.408527613e-02 1.129604783e-02 -5.347266048e-02 1.580497622e-02 -9.609134495e-02 5.069658905e-02 -7.843101770e-02 -1.472231746e-02 6.211174279e-02 -6.538096815e-03 -8.198593557e-02 6.393139064e-02 -1.931728795e-02 -4.273521155e-02 9.140035510e-02 4.433721676e-02 -9.564206004e-02 7.724792697e-03 -6.324960291e-02 2.365375683e-02 -8.477793634e-02 5.589650571e-02 -7.486440241e-02 -1.643682644e-02 5.123739317e-02 -5.773022771e-03 -8.199858665e-02 6.335492432e-02 -1.775275171e-02 -4.002761841e-02 8.862419426e-02 5.479785055e-02 -9.695788473e-02 4.717164673e-03 -6.821633130e-02 2.918944135e-02 -7.815091312e-02 5.878128856e-02 -7.306773216e-02 -1.608349010e-02 4.590663314e-02 -5.731046200e-03 -9.669956565e-02 7.610168308e-02 -3.136618808e-02 -3.432554007e-02 1.029387936e-01 1.738244295e-02 -9.454083443e-02 6.940444000e-03 -4.834676534e-02 1.840895787e-02 -9.782257676e-02 4.934927821e-02 -8.034434915e-02 -9.504895657e-03 6.551261991e-02 -7.436107844e-03 -8.726181835e-02 6.847167015e-02 -2.388915047e-02 -3.855134919e-02 9.407843649e-02 3.831379861e-02 -9.465931356e-02 6.542936899e-03 -5.904545635e-02 2.334462292e-02 -8.681759983e-02 5.320276320e-02 -7.617949694e-02 -1.336933300e-02 5.528961867e-02 -6.120674312e-03 -9.760981798e-02 7.775291055e-02 -3.412186727e-02 -3.538642824e-02 1.052938253e-01 8.009299636e-03 -9.299455583e-02 8.979885839e-03 -4.339901358e-02 1.406024024e-02 -1.033797413e-01 4.579225183e-02 -8.174841851e-02 -8.488204330e-03 7.082444429e-02 -7.644735277e-03 -9.078595042e-02 7.206882536e-02 -2.854844555e-02 -3.922809660e-02 9.929068387e-02 2.113075554e-02 -9.318383038e-02 9.459502064e-03 -5.079682171e-02 1.664785668e-02 -9.637713432e-02 4.867300391e-02 -7.895703614e-02 -1.163690537e-02 6.440778822e-02 -6.968211383e-03 -9.729053080e-02 7.795739919e-02 -3.542261571e-02 -3.760416806e-02 1.071834117e-01 6.462633610e-05 -9.221348166e-02 1.143629756e-02 -3.987946361e-02 9.976349771e-03 -1.083295196e-01 4.348807037e-02 -8.291584998e-02 -8.581005037e-03 7.500464469e-02 -7.836490870e-03
reward 4 40
-4.031012207e-02 -4.140958190e-02 -4.252256453e-02 -4.223550111e-02 -4.145048559e-02 -3.924906999e-02 -4.031696916e-02 -3.955002874e-02 -3.808020800e-02 -3.762986884e-02 -3.919264674e-02 -3.923909366e-02 -3.900226206e-02 -3.791761771e-02 -3.773155808e-02 -3.922830522e-02 -3.971480578e-02 -3.924138099e-02 -4.017686099e-02 -4.143477976e-02 -4.292804003e-02 -4.422514141e-02 -4.517501593e-02 -4.478204995e-02 -4.253632575e-02 -4.240049422e-02 -4.287378490e-02 -4.308909923e-02 -4.354473203e-02 -4.244659096e-02 -4.178188741e-02 -4.037254304e-02 -4.025446624e-02 -4.121873528e-02 -4.034654051e-02 -4.166107625e-02 -4.133332521e-02 -3.983308375e-02 -3.803385049e-02 -3.944345564e-02
-3.928116709e-02 -4.348909110e-02 -4.307463020e-02 -4.258130491e-02 -4.197096080e-02 -4.202657193e-02 -4.276494682e-02 -4.281372577e-02 -4.348037392e-02 -4.215125740e-02 -4.184464365e-02 -4.234716296e-02 -4.021953791e-02 -3.928373754e-02 -3.938286752e-02 -4.009000212e-02 -4.099283367e-02 -4.001412541e-02 -4.062093049e-02 -4.156403989e-02 -4.125215113e-02 -4.112223536e-02 -4.183957726e-02 -4.169709235e-02 -4.177311063e-02 -4.196190089e-02 -3.978841007e-02 -4.080045968e-02 -4.131148010e-02 -4.025273025e-02 -4.131264240e-02 -4.196093976e-02 -4.124758393e-02 -3.980619460e-02 -4.080974311e-02 -3.932010382e-02 -4.078985006e-02 -3.930512816e-02 -4.048154503e-02 -3.964710236e-02
-3.880526870e-02 -4.537627846e-02 -4.619641602e-02 -4.648520797e-02 -4.634761065e-02 -4.414809495e-02 -4.095703363e-02 -4.027304798e-02 -4.016634822e-02 -4.113558680e-02 -3.931663185e-02 -4.085642099e-02 -4.271462560e-02 -4.192175716e-02 -4.277087003e-02 -4.377719015e-02 -4.309868068e-02 -4.326611012e-02 -4.385315627e-02 -4.241258651e-02 -4.171272367e-02 -4.203514010e-02 -4.253964871e-02 -4.007586092e-02 -4.114255309e-02 -4.259923100e-02 -4.423054308e-02 -4.393275827e-02 -4.188962281e-02 -3.937129676e-02 -3.795234114e-02 -3.881224990e-02 -3.933714330e-02 -3.810129315e-02 -3.957653791e-02 -4.125463217e-02 -4.265601188e-02 -4.335341603e-02 -4.387336224e-02 -4.228340089e-02
-3.682066500e-02 -3.915227205e-02 -4.185455292e-02 -4.345645010e-02 -4.418541491e-02 -4.305532575e-02 -4.258895665e-02 -4.058701545e-02 -3.911081702e-02 -4.016505927e-02 -4.176541418e-02 -4.289554060e-02 -4.270751774e-02 -4.097499698e-02 -4.170621186e-02 -4.155054688e-02 -4.116293043e-02 -3.896225244e-02 -4.016196728e-02 -4.146183282e-02 -4.059649259e-02 -4.134954512e-02 -4.081741720e-02 -3.876323998e-02 -3.788129240e-02 -3.902768344e-02 -4.059518129e-02 -4.226937890e-02 -4.366877675e-02 -4.485911876e-02 -4.545725137e-02 -4.501736909e-02 -4.361200333e-02 -4.097288102e-02 -3.889971972e-02 -3.989282250e-02 -3.912580758e-02 -4.066609591e-02 -4.122042656e-02 -4.244857281e-02
